Word	Tag
<?xml version='1.0' encoding='UTF-8'?>	O
<samples n='FR0020'>	O
<sample>	O
<p n='FR00201648'>	O
"	O
Ce	O
n'	O
est	O
rien	O
,	O
nigaud	O
!	O
C'	O
est	O
un	O
peu	O
de	O
fatigue	O
.	O
</p>	O
<p n='FR00201649'>	O
J'	O
ai	O
trop	O
travaillé	O
ces	O
derniers	O
temps	O
...	O
Maintenant	O
que	O
tu	O
as	O
une	O
place	O
,	O
j'	O
en	O
prendrai	O
plus	O
à	O
mon	O
aise	O
,	O
et	O
dans	O
huit	O
jours	O
je	O
serai	O
guéri	O
.	O
"	O
Il	O
disait	O
cela	O
si	O
naturellement	O
,	O
d'	O
une	O
figure	O
si	O
riante	O
,	O
que	O
mes	O
tristes	O
pressentiments	O
s'	O
envolèrent	O
,	O
et	O
,	O
d'	O
un	O
grand	O
mois	O
,	O
je	O
n'	O
entendis	O
plus	O
dans	O
mon	O
cerveau	O
le	O
battement	O
de	O
leurs	O
ailes	O
noires	O
...	O
</p>	O
<p n='FR00201650'>	O
Le	O
lendemain	O
,	O
j'	O
entrai	O
à	O
l'	O
institut	B-Org
Ouly	I-Org
.	O
</p>	O
<p n='FR00201651'>	O
Malgré	O
son	O
étiquette	O
pompeuse	O
,	O
l'	O
institution	B-Org
Ouly	I-Org
était	O
une	O
petite	O
école	O
pour	O
rire	O
,	O
tenue	O
par	O
une	O
vieille	O
dame	O
à	O
repentirs	O
,	O
que	O
les	O
enfants	O
appelaient	O
"	O
bonne	O
amie	O
"	O
.	O
Il	O
y	O
avait	O
là-dedans	O
une	O
vingtaine	O
de	O
petits	O
bonshommes	O
,	O
mais	O
,	O
vous	O
savez	O
!	O
des	O
tout	O
petits	O
,	O
de	O
ceux	O
qui	O
viennent	O
à	O
la	O
classe	O
avec	O
leur	O
goûter	O
dans	O
un	O
panier	O
,	O
et	O
toujours	O
un	O
bout	O
de	O
chemise	O
qui	O
passe	O
.	O
</p>	O
<p n='FR00201652'>	O
C'	O
étaient	O
nos	O
élèves	O
.	O
Mme	B-Pers
Ouly	I-Pers
leur	O
apprenait	O
des	O
cantiques	O
;	O
moi	O
,	O
je	O
les	O
initiais	O
à	O
les	O
mystères	O
de	O
l'	O
alphabet	O
.	O
J'	O
étais	O
en	O
outre	O
chargé	O
de	O
surveiller	O
les	O
récréations	O
,	O
dans	O
une	O
cour	O
où	O
il	O
y	O
avait	O
des	O
poules	O
et	O
un	O
coq	O
d'	O
Inde	B-Place
dont	O
ces	O
messieurs	O
avaient	O
grand-peur	O
.	O
</p>	O
<p n='FR00201653'>	O
Quelquefois	O
aussi	O
,	O
quand	O
"	O
bonne	O
amie	O
"	O
avait	O
sa	O
goutte	O
,	O
c'	O
était	O
moi	O
qui	O
balayais	O
la	O
classe	O
,	O
besogne	O
bien	O
peu	O
digne	O
d'	O
un	O
surveillant	O
général	O
,	O
et	O
que	O
pourtant	O
je	O
faisais	O
sans	O
dégoût	O
,	O
tant	O
je	O
me	O
sentais	O
heureux	O
de	O
pouvoir	O
gagner	O
ma	O
vie	O
...	O
Le	O
soir	O
,	O
en	O
rentrant	O
à	O
l'	O
hôtel	B-Fac
Pilois	I-Fac
,	O
je	O
trouvais	O
le	O
dîner	O
servi	O
et	O
la	O
mère	B-Pers
Jacques	I-Pers
qui	O
m'	O
attendait	O
...	O
Après	O
dîner	O
,	O
quelques	O
tours	O
de	O
jardin	O
faits	O
à	O
grands	O
pas	O
,	O
puis	O
la	O
veillée	O
à	O
le	O
coin	O
de	O
le	O
feu	O
...	O
Voilà	O
toute	O
notre	O
vie	O
...	O
De	O
temps	O
en	O
temps	O
,	O
on	O
recevait	O
une	O
lettre	O
de	O
M.	B-Pers
ou	I-Pers
Mme	I-Pers
Eyssette	I-Pers
;	O
c'	O
étaient	O
nos	O
grands	O
événements	O
.	O
Mme	B-Pers
Eyssette	I-Pers
continuait	O
à	O
vivre	O
chez	O
l'	O
oncle	B-Pers
Baptiste	I-Pers
;	O
M.	B-Pers
Eyssette	I-Pers
voyageait	O
toujours	O
pour	O
la	O
Compagnie	B-Org
vinicole	I-Org
.	O
</p>	O
<p n='FR00201654'>	O
Les	O
affaires	O
n'	O
allaient	O
pas	O
trop	O
mal	O
.	O
Les	O
dettes	O
de	O
Lyon	B-Place
étaient	O
à	O
les	O
trois	O
quarts	O
payées	O
.	O
Dans	O
un	O
an	O
ou	O
deux	O
,	O
tout	O
serait	O
réglé	O
,	O
et	O
on	O
pourrait	O
songer	O
à	O
se	O
remettre	O
tous	O
ensemble	O
...	O
</p>	O
<p n='FR00201655'>	O
Moi	O
,	O
j'	O
étais	O
d'	O
avis	O
,	O
en	O
attendant	O
,	O
de	O
faire	O
venir	O
Mme	B-Pers
Eyssette	I-Pers
à	O
l'	O
hôtel	B-Fac
Pilois	I-Fac
avec	O
nous	O
,	O
mais	O
Jacques	B-Pers
ne	O
voulait	O
pas	O
.	O
"	O
Non	O
!	O
pas	O
encore	O
,	O
disait	O
-il	O
d'	O
un	O
air	O
singulier	O
,	O
pas	O
encore	O
...	O
Attendons	O
!	O
"	O
Et	O
cette	O
réponse	O
,	O
toujours	O
la	O
même	O
,	O
me	O
brisait	O
le	O
cœur	O
.	O
Je	O
me	O
disais	O
:	O
"	O
Il	O
se	O
méfie	O
de	O
moi	O
...	O
Il	O
a	O
peur	O
que	O
je	O
fasse	O
encore	O
quelque	O
folie	O
quand	O
Mme	B-Pers
Eyssette	I-Pers
sera	O
ici	O
.	O
C'	O
est	O
pour	O
cela	O
qu'	O
il	O
veut	O
attendre	O
encore	O
...	O
"	O
Je	O
me	O
trompais	O
...	O
Ce	O
n'	O
était	O
pas	O
pour	O
cela	O
que	O
Jacques	B-Pers
disait	O
:	O
"	O
Attendons	O
!	O
"	O
</p>	O
</sample>	O
<sample>	O
<p n='FR00201245'>	O
Un	O
poète	O
!	O
un	O
sauteur	O
!	O
...	O
"	O
</p>	O
<p n='FR00201246'>	O
LE	O
PAPILLON	B-Pers
</p>	O
<p n='FR00201247'>	O
Tiens	O
!	O
tiens	O
;	O
et	O
qui	O
dit	O
ça	O
?	O
</p>	O
<p n='FR00201248'>	O
LA	O
BETE	B-Pers
À	I-Pers
BON	I-Pers
DIEU	I-Pers
</p>	O
<p n='FR00201249'>	O
Mon	O
Dieu	O
!	O
le	B-Pers
Scarabée	I-Pers
...	O
</p>	O
<p n='FR00201250'>	O
LE	O
PAPILLON	B-Pers
</p>	O
<p n='FR00201251'>	O
Ah	O
!	O
oui	O
,	O
ce	O
gros	O
poussah	O
.	O
</p>	O
<p n='FR00201252'>	O
Il	O
m'	O
appelle	O
sauteur	O
,	O
parce	O
qu'	O
il	O
a	O
de	O
le	O
ventre	O
.	O
</p>	O
<p n='FR00201253'>	O
LA	O
BETE	B-Pers
À	I-Pers
BON	I-Pers
DIEU	I-Pers
</p>	O
<p n='FR00201254'>	O
C'	O
est	O
qu'	O
il	O
n'	O
est	O
pas	O
le	O
seul	O
qui	O
te	O
déteste	O
...	O
</p>	O
<p n='FR00201255'>	O
LE	O
PAPILLON	B-Pers
</p>	O
<p n='FR00201256'>	O
Ah	O
!	O
dis	O
.	O
</p>	O
<p n='FR00201257'>	O
LA	O
BETE	B-Pers
À	I-Pers
BON	I-Pers
DIEU	I-Pers
</p>	O
<p n='FR00201258'>	O
Ainsi	O
,	O
les	O
Escargots	B-Pers
ne	O
sont	O
pas	O
tes	O
amis	O
;	O
Va	O
!	O
ni	O
les	O
Scorpions	B-Pers
,	O
pas	O
même	O
les	O
Fourmis	B-Pers
.	O
</p>	O
<p n='FR00201259'>	O
LE	O
PAPILLON	B-Pers
</p>	O
<p n='FR00201260'>	O
Vraiment	O
?	O
</p>	O
<p n='FR00201261'>	O
LA	O
BETE	B-Pers
À	I-Pers
BON	I-Pers
DIEU	I-Pers
,	O
confidentielle	O
.	O
</p>	O
<p n='FR00201262'>	O
Ne	O
fais	O
jamais	O
la	O
cour	O
à	O
l'	O
Araignée	B-Pers
!	O
Elle	O
te	O
trouve	O
affreux	O
.	O
</p>	O
<p n='FR00201263'>	O
LE	O
PAPILLON	B-Pers
</p>	O
<p n='FR00201264'>	O
On	O
l'	O
a	O
mal	O
renseignée	O
.	O
</p>	O
<p n='FR00201265'>	O
LA	O
BETE	B-Pers
À	I-Pers
BON	I-Pers
DIEU	I-Pers
</p>	O
<p n='FR00201266'>	O
Hé	O
!	O
les	O
Chenilles	B-Pers
sont	O
un	O
peu	O
de	O
son	O
avis	O
...	O
</p>	O
<p n='FR00201267'>	O
LE	O
PAPILLON	B-Pers
</p>	O
<p n='FR00201268'>	O
Je	O
crois	O
bien	O
!	O
...	O
Mais	O
,	O
dis	O
-moi	O
!	O
dans	O
le	O
monde	O
où	O
tu	O
vis	O
,	O
Car	O
enfin	O
tu	O
n'	O
es	O
pas	O
de	O
le	O
monde	O
des	O
Chenilles	B-Pers
,	O
Suis	O
-je	O
aussi	O
mal	O
vu	O
?	O
...	O
</p>	O
<p n='FR00201269'>	O
LA	O
BETE	B-Pers
À	I-Pers
BON	I-Pers
DIEU	I-Pers
</p>	O
<p n='FR00201270'>	O
Dame	O
!	O
c'	O
est	O
selon	O
les	O
familles	O
,	O
La	O
jeunesse	O
est	O
pour	O
toi	O
les	O
vieux	O
,	O
en	O
général	O
,	O
Trouvent	O
que	O
tu	O
n'	O
as	O
pas	O
assez	O
de	O
sens	O
moral	O
.	O
</p>	O
<p n='FR00201271'>	O
LE	O
PAPILLON	B-Pers
,	O
tristement	O
.	O
</p>	O
<p n='FR00201272'>	O
Je	O
vois	O
que	O
je	O
n'	O
ai	O
pas	O
beaucoup	O
de	O
sympathies	O
.	O
</p>	O
<p n='FR00201273'>	O
En	O
somme	O
...	O
</p>	O
<p n='FR00201274'>	O
LA	O
BETE	B-Pers
À	I-Pers
BON	I-Pers
DIEU	I-Pers
</p>	O
<p n='FR00201275'>	O
Ma	O
foi	O
!	O
non	O
,	O
mon	O
pauvre	O
!	O
Les	O
Orties	B-Pers
t'	O
en	O
veulent	O
.	O
Le	O
Crapaud	B-Pers
te	O
hait	O
;	O
jusqu'au	O
Grillon	B-Pers
,	O
Quand	O
il	O
parle	O
de	O
toi	O
,	O
qui	O
dit	O
:	O
"	O
Ce	O
p.	O
.	O
.	O
p.	O
.	O
.	O
Papillon	B-Pers
!	O
"	O
</p>	O
<p n='FR00201276'>	O
LE	O
PAPILLON	B-Pers
</p>	O
<p n='FR00201277'>	O
Est	O
-ce	O
que	O
tu	O
me	O
hais	O
,	O
toi	O
,	O
comme	O
tous	O
ces	O
drôles	O
?	O
</p>	O
<p n='FR00201278'>	O
LA	O
BETE	B-Pers
À	I-Pers
BON	I-Pers
DIEU	I-Pers
</p>	O
<p n='FR00201279'>	O
Moi	O
...	O
Je	O
t'	O
adore	O
;	O
on	O
est	O
si	O
bien	O
.	O
sur	O
tes	O
épaules	O
!	O
Et	O
puis	O
,	O
tu	O
me	O
conduis	O
toujours	O
chez	O
les	O
Muguets	B-Pers
.	O
</p>	O
<p n='FR00201280'>	O
C'	O
est	O
amusant	O
!	O
...	O
Dis	O
donc	O
,	O
si	O
je	O
te	O
fatiguais	O
,	O
Nous	O
pourrions	O
faire	O
encore	O
une	O
petite	O
pause	O
Quelque	O
part	O
...	O
Tu	O
n'	O
es	O
pas	O
fatigué	O
,	O
je	O
suppose	O
?	O
</p>	O
<p n='FR00201281'>	O
LE	O
PAPILLON	B-Pers
</p>	O
<p n='FR00201282'>	O
Je	O
te	O
trouve	O
un	O
peu	O
lourd	O
,	O
ce	O
n'	O
est	O
pas	O
l'	O
embarras	O
.	O
</p>	O
<p n='FR00201283'>	O
LA	O
BETE	B-Pers
À	I-Pers
BON	I-Pers
DIEU	I-Pers
,	O
montrant	O
des	O
Muguets	B-Pers
.	O
</p>	O
<p n='FR00201284'>	O
Alors	O
,	O
entrons	O
ici	O
,	O
tu	O
te	O
reposeras	O
.	O
</p>	O
<p n='FR00201285'>	O
LE	O
PAPILLON	B-Pers
</p>	O
<p n='FR00201286'>	O
Ah	O
!	O
merci	O
!	O
...	O
des	O
Muguets	B-Pers
,	O
toujours	O
la	O
même	O
chose	O
J'	O
aime	O
bien	O
mieux	O
à	O
côté	O
...	O
</p>	O
<p n='FR00201287'>	O
LA	O
BETE	B-Pers
À	I-Pers
BON	I-Pers
DIEU	I-Pers
,	O
toute	O
rouge	O
.	O
</p>	O
<p n='FR00201288'>	O
Oh	O
!	O
non	O
,	O
jamais	O
...	O
</p>	O
<p n='FR00201289'>	O
Chez	O
la	O
Rose	B-Pers
?	O
...	O
</p>	O
<p n='FR00201290'>	O
LE	O
PAPILLON	B-Pers
,	O
l'	O
entraînant	O
.	O
</p>	O
<p n='FR00201291'>	O
Viens	O
donc	O
!	O
on	O
ne	O
nous	O
verra	O
pas	O
.	O
</p>	O
<p n='FR00201292'>	O
(	O
Ils	O
entrent	O
discrètement	O
chez	O
la	O
Rose	B-Pers
.	O
)	O
--	O
La	O
toile	O
tombe	O
.	O
</p>	O
<p n='FR00201293'>	O
à	O
le	O
troisième	O
acte	O
...	O
</p>	O
<p n='FR00201294'>	O
Mais	O
je	O
ne	O
voudrais	O
pas	O
,	O
mes	O
chers	O
lecteurs	O
,	O
abuser	O
plus	O
longtemps	O
de	O
votre	O
patience	O
.	O
Les	O
vers	O
,	O
par	O
le	O
temps	O
qui	O
court	O
,	O
n'	O
ont	O
pas	O
le	O
don	O
de	O
plaire	O
,	O
je	O
le	O
sais	O
.	O
Aussi	O
j'	O
arrête	O
là	O
mes	O
citations	O
,	O
et	O
je	O
vais	O
me	O
contenter	O
de	O
raconter	O
sommairement	O
le	O
reste	O
de	O
mon	O
poème	O
.	O
</p>	O
</sample>	O
<sample>	O
<p n='FR00201468'>	O
"	O
Comme	O
Irma	B-Pers
Borel	I-Pers
était	O
trop	O
grande	O
dame	O
pour	O
se	O
déranger	O
,	O
les	O
répétitions	O
se	O
firent	O
chez	O
elle	O
.	O
Chaque	O
jour	O
,	O
le	O
bossu	O
amenait	O
ses	O
élèves	O
,	O
quatre	O
ou	O
cinq	O
grandes	O
filles	O
maigres	O
,	O
solennelles	O
,	O
drapées	O
dans	O
des	O
cachemires	O
français	O
à	O
treize	O
francs	O
cinquante	O
,	O
et	O
trois	O
ou	O
quatre	O
pauvres	O
diables	O
avec	O
des	O
habits	O
de	O
papier	O
noirci	O
et	O
des	O
têtes	O
de	O
naufragés	O
...	O
On	O
répétait	O
tout	O
le	O
jour	O
,	O
excepté	O
de	O
huit	O
à	O
dix	O
;	O
car	O
,	O
malgré	O
les	O
apprêts	O
de	O
la	O
représentation	O
,	O
les	O
mystérieuses	O
sorties	O
n'	O
avaient	O
pas	O
cessé	O
.	O
Irma	B-Pers
,	O
le	O
bossu	O
,	O
les	O
élèves	O
,	O
tout	O
le	O
monde	O
travaillait	O
avec	O
rage	O
.	O
Pendant	O
deux	O
jours	O
on	O
oublia	O
de	O
donner	O
à	O
manger	O
à	O
le	O
kakatoès	O
.	O
Quant	O
à	O
le	O
jeune	O
Dani-Dan	B-Pers
,	O
on	O
ne	O
s'	O
occupait	O
plus	O
de	O
lui	O
...	O
En	O
somme	O
tout	O
allait	O
bien	O
;	O
l'	O
atelier	O
était	O
paré	O
,	O
le	O
théâtre	O
construit	O
,	O
les	O
costumes	O
prêts	O
,	O
les	O
invitations	O
faites	O
.	O
</p>	O
<p n='FR00201469'>	O
"	O
Voilà	O
que	O
trois	O
ou	O
quatre	O
jours	O
avant	O
la	O
représentation	O
,	O
le	O
jeune	O
Eliacin	B-Pers
--	O
une	O
fillette	O
de	O
dix	O
ans	O
,	O
la	O
nièce	O
de	O
le	O
bossu	O
--	O
tombe	O
malade	O
...	O
Comment	O
faire	O
?	O
</p>	O
<p n='FR00201470'>	O
"	O
Où	O
trouver	O
un	O
Eliacin	B-Pers
,	O
un	O
enfant	O
capable	O
d'	O
apprendre	O
son	O
rôle	O
en	O
trois	O
jours	O
?	O
...	O
Consternation	O
générale	O
.	O
</p>	O
<p n='FR00201471'>	O
"	O
Tout	O
à	O
coup	O
,	O
Irma	B-Pers
Borel	I-Pers
se	O
tourne	O
vers	O
moi	O
:	O
</p>	O
<p n='FR00201472'>	O
"	O
--	O
à	O
le	O
fait	O
,	O
Dani-Dan	B-Pers
,	O
si	O
vous	O
vous	O
en	O
chargiez	O
?	O
</p>	O
<p n='FR00201473'>	O
"	O
-	O
Moi	O
?	O
Vous	O
plaisantez	O
...	O
À	O
mon	O
âge	O
!	O
...	O
</p>	O
<p n='FR00201474'>	O
"	O
-	O
Ne	O
dirait	O
-on	O
pas	O
que	O
c'	O
est	O
un	O
homme	O
.	O
Mais	O
mon	O
petit	O
,	O
vous	O
avez	O
l'	O
air	O
d'	O
avoir	O
quinze	O
ans	O
;	O
en	O
scène	O
,	O
costumé	O
,	O
maquillé	O
,	O
vous	O
en	O
paraîtrez	O
douze	O
...	O
</p>	O
<p n='FR00201475'>	O
"	O
D'	O
ailleurs	O
,	O
le	O
rôle	O
est	O
tout	O
à	O
fait	O
dans	O
le	O
caractère	O
de	O
votre	O
tête	O
.	O
"	O
</p>	O
<p n='FR00201476'>	O
"	O
Mon	O
cher	O
ami	O
,	O
j'	O
eus	O
beau	O
me	O
débattre	O
:	O
</p>	O
<p n='FR00201477'>	O
"	O
--	O
Il	O
fallut	O
en	O
passer	O
par	O
où	O
elle	O
voulait	O
,	O
comme	O
toujours	O
.	O
Je	O
suis	O
si	O
lâche	O
...	O
</p>	O
<p n='FR00201478'>	O
"	O
La	O
représentation	O
eut	O
lieu	O
...	O
Ah	O
!	O
si	O
j'	O
avais	O
le	O
cœur	O
à	O
rire	O
,	O
comme	O
je	O
t'	O
amuserais	O
avec	O
le	O
récit	O
de	O
cette	O
journée	O
...	O
On	O
avait	O
compté	O
sur	O
les	O
directeurs	B-Role
de	O
le	O
Gymnase	B-Org
et	O
de	O
le	O
Théâtre-Français	B-Org
;	O
mais	O
il	O
paraît	O
que	O
ces	O
messieurs	O
avaient	O
affaire	O
ailleurs	O
,	O
et	O
nous	O
nous	O
contentâmes	O
d'	O
un	O
directeur	B-Role
de	I-Role
la	I-Role
banlieue	I-Role
,	O
amené	O
à	O
le	O
dernier	O
moment	O
.	O
En	O
somme	O
,	O
ce	O
petit	O
spectacle	O
de	O
famille	O
n'	O
alla	O
pas	O
trop	O
de	O
travers	O
...	O
Irma	B-Pers
Borel	I-Pers
fut	O
très	O
applaudie	O
...	O
Moi	O
,	O
je	O
trouvais	O
que	O
cette	O
Athalie	B-Pers
de	O
Cuba	B-Place
était	O
trop	O
emphatique	O
,	O
qu'	O
elle	O
manquait	O
d'	O
expression	O
,	O
et	O
parlait	O
le	O
français	O
comme	O
une	O
...	O
fauvette	O
espagnole	O
;	O
mais	O
,	O
bah	O
!	O
ses	O
amis	O
les	O
artistes	B-Role
n'	O
y	O
regardaient	O
pas	O
de	O
si	O
près	O
.	O
Le	O
costume	O
était	O
authentique	O
,	O
la	O
cheville	O
fine	O
,	O
le	O
cou	O
bien	O
attaché	O
...	O
C'	O
est	O
tout	O
ce	O
qu'	O
il	O
leur	O
fallait	O
.	O
Quant	O
à	O
moi	O
,	O
le	O
caractère	O
de	O
ma	O
tête	O
me	O
valut	O
aussi	O
un	O
très	O
beau	O
succès	O
,	O
moins	O
beau	O
pourtant	O
que	O
celui	O
de	O
Coucou-Blanc	B-Pers
dans	O
le	O
rôle	O
muet	O
de	O
la	O
nourrice	O
.	O
Il	O
est	O
vrai	O
que	O
la	O
tête	O
de	O
la	O
Négresse	B-Pers
avait	O
encore	O
plus	O
de	O
caractère	O
que	O
la	O
mienne	O
.	O
Aussi	O
,	O
lorsque	O
à	O
le	O
cinquième	O
acte	O
elle	O
parut	O
tenant	O
sur	O
son	O
poing	O
l'	O
énorme	O
kakatoès	O
--	O
son	O
Turc	B-Pers
,	O
sa	O
Négresse	B-Pers
,	O
son	O
kakatoès	O
,	O
la	O
tragédienne	B-Role
avait	O
voulu	O
que	O
nous	O
figurions	O
tous	O
dans	O
la	O
pièce	O
-	O
,	O
et	O
roulant	O
d'	O
un	O
air	O
étonné	O
de	O
gros	O
yeux	O
blancs	O
très	O
féroces	O
,	O
il	O
y	O
eut	O
par	O
toute	O
la	O
salle	O
une	O
formidable	O
explosion	O
de	O
bravos	O
.	O
"	O
Quel	O
succès	O
!	O
"	O
disait	O
Athalie	B-Pers
rayonnante	O
...	O
</p>	O
</sample>	O
<sample>	O
<p n='FR0020118'>	O
"	O
C'	O
est	O
une	O
dépêche	O
,	O
dit	O
-il	O
.	O
</p>	O
<p n='FR0020119'>	O
--	O
Une	O
dépêche	O
,	O
grand	O
Dieu	O
!	O
pour	O
quoi	O
faire	O
?	O
"	O
Je	O
la	O
pris	O
en	O
frissonnant	O
,	O
et	O
déjà	O
je	O
repoussais	O
la	O
porte	O
;	O
mais	O
l'	O
homme	O
la	O
retint	O
avec	O
son	O
pied	O
et	O
me	O
dit	O
froidement	O
:	O
</p>	O
<p n='FR0020120'>	O
"	O
Il	O
faut	O
signer	O
.	O
"	O
Il	O
fallait	O
signer	O
!	O
Je	O
ne	O
savais	O
pas	O
:	O
c'	O
était	O
la	O
première	O
dépêche	O
que	O
je	O
recevais	O
.	O
"	O
Qui	O
est	O
là	O
,	O
Daniel	B-Pers
?	O
"	O
me	O
cria	O
M.	B-Pers
Eyssette	I-Pers
;	O
sa	O
voix	O
tremblait	O
.	O
</p>	O
<p n='FR0020121'>	O
Je	O
répondis	O
:	O
</p>	O
<p n='FR0020122'>	O
"	O
Rien	O
!	O
c'	O
est	O
un	O
pauvre	O
...	O
"	O
Et	O
,	O
faisant	O
signe	O
à	O
l'	O
homme	O
de	O
m'	O
attendre	O
,	O
je	O
courus	O
à	O
ma	O
chambre	O
,	O
je	O
trempai	O
ma	O
plume	O
dans	O
l'	O
encre	O
,	O
à	O
tâtons	O
,	O
puis	O
je	O
revins	O
.	O
L'	O
homme	O
dit	O
:	O
</p>	O
<p n='FR0020123'>	O
"	O
Signez	O
là	O
.	O
"	O
Le	O
petit	B-Pers
Chose	I-Pers
signa	O
d'	O
une	O
main	O
tremblante	O
,	O
à	O
la	O
lueur	O
des	O
lampes	O
de	O
l'	O
escalier	O
;	O
ensuite	O
il	O
ferma	O
la	O
porte	O
et	O
rentra	O
,	O
tenant	O
la	O
dépêche	O
cachée	O
sous	O
sa	O
blouse	O
.	O
</p>	O
<p n='FR0020124'>	O
Oh	O
!	O
oui	O
,	O
je	O
te	O
tenais	O
cachée	O
sous	O
ma	O
blouse	O
,	O
dépêche	O
de	O
malheur	O
!	O
Je	O
ne	O
voulais	O
pas	O
que	O
M.	B-Pers
Eyssette	I-Pers
te	O
vît	O
;	O
car	O
d'	O
avance	O
je	O
savais	O
que	O
tu	O
venais	O
nous	O
annoncer	O
quelque	O
chose	O
de	O
terrible	O
,	O
et	O
lorsque	O
je	O
t'	O
ouvris	O
,	O
tu	O
ne	O
m'	O
appris	O
rien	O
de	O
nouveau	O
,	O
entends	O
-tu	O
,	O
dépêche	O
!	O
Tu	O
ne	O
m'	O
appris	O
rien	O
que	O
mon	O
cœur	O
n'	O
eût	O
déjà	O
deviné	O
.	O
</p>	O
<p n='FR0020125'>	O
"	O
C'	O
était	O
un	O
pauvre	O
?	O
"	O
me	O
dit	O
mon	O
père	O
en	O
me	O
regardant	O
.	O
</p>	O
<p n='FR0020126'>	O
Je	O
répondis	O
sans	O
rougir	O
:	O
"	O
C'	O
était	O
un	O
pauvre	O
"	O
;	O
et	O
pour	O
détourner	O
les	O
soupçons	O
,	O
je	O
repris	O
ma	O
place	O
à	O
la	O
croisée	O
.	O
</p>	O
<p n='FR0020127'>	O
J'	O
y	O
restai	O
encore	O
quelque	O
temps	O
,	O
ne	O
bougeant	O
pas	O
,	O
ne	O
parlant	O
pas	O
,	O
serrant	O
contre	O
ma	O
poitrine	O
ce	O
papier	O
qui	O
me	O
brûlait	O
.	O
</p>	O
<p n='FR0020128'>	O
Par	O
moments	O
,	O
j'	O
essayais	O
de	O
me	O
raisonner	O
,	O
de	O
me	O
donner	O
de	O
le	O
courage	O
,	O
je	O
me	O
disais	O
:	O
"	O
Qu'	O
en	O
sais	O
-tu	O
?	O
c'	O
est	O
peut-être	O
une	O
bonne	O
nouvelle	O
.	O
Peut-être	O
on	O
écrit	O
qu'	O
il	O
est	O
guéri	O
...	O
"	O
Mais	O
,	O
à	O
le	O
fond	O
,	O
je	O
sentais	O
bien	O
que	O
ce	O
n'	O
était	O
pas	O
vrai	O
,	O
que	O
je	O
me	O
mentais	O
à	O
moi-même	O
,	O
que	O
la	O
dépêche	O
ne	O
dirait	O
pas	O
qu'	O
il	O
était	O
guéri	O
.	O
</p>	O
<p n='FR0020129'>	O
Enfin	O
,	O
je	O
me	O
décidai	O
à	O
passer	O
dans	O
ma	O
chambre	O
pour	O
savoir	O
une	O
bonne	O
fois	O
à	O
quoi	O
m'	O
en	O
tenir	O
.	O
Je	O
sortis	O
de	O
la	O
salle	O
à	O
manger	O
,	O
lentement	O
,	O
sans	O
avoir	O
l'	O
air	O
;	O
mais	O
quand	O
je	O
fus	O
dans	O
ma	O
chambre	O
,	O
avec	O
quelle	O
rapidité	O
fiévreuse	O
j'	O
allumai	O
ma	O
lampe	O
!	O
Et	O
comme	O
mes	O
mains	O
tremblaient	O
en	O
ouvrant	O
cette	O
dépêche	O
de	O
mort	O
!	O
Et	O
de	O
quelles	O
larmes	O
brûlantes	O
je	O
l'	O
arrosai	O
,	O
lorsque	O
je	O
l'	O
eus	O
ouverte	O
!	O
...	O
Je	O
la	O
relus	O
vingt	O
fois	O
,	O
espérant	O
toujours	O
m'	O
être	O
trompé	O
;	O
mais	O
,	O
pauvre	O
de	O
moi	O
!	O
j'	O
eus	O
beau	O
la	O
lire	O
et	O
la	O
relire	O
,	O
et	O
la	O
tourner	O
dans	O
tous	O
les	O
sens	O
,	O
je	O
ne	O
pus	O
lui	O
faire	O
dire	O
autre	O
chose	O
que	O
ce	O
qu'	O
elle	O
avait	O
dit	O
d'	O
abord	O
,	O
ce	O
que	O
je	O
savais	O
bien	O
qu'	O
elle	O
dirait	O
:	O
</p>	O
</sample>	O
<sample>	O
<p n='FR0020787'>	O
Jacques	B-Pers
était	O
là	O
depuis	O
une	O
heure	O
.	O
Je	O
l'	O
aperçus	O
de	O
loin	O
avec	O
sa	O
longue	O
taille	O
un	O
peu	O
voûtée	O
et	O
ses	O
grands	O
bras	O
de	O
télégraphe	O
qui	O
me	O
faisaient	O
signe	O
derrière	O
le	O
grillage	O
.	O
D'	O
un	O
bond	O
je	O
fus	O
sur	O
lui	O
.	O
</p>	O
<p n='FR0020788'>	O
"	O
Jacques	B-Pers
!	O
mon	O
frère	O
!	O
...	O
-	O
Ah	O
!	O
cher	O
enfant	O
!	O
"	O
Et	O
nos	O
deux	O
âmes	O
s'	O
étreignirent	O
de	O
toute	O
la	O
force	O
de	O
nos	O
bras	O
.	O
Malheureusement	O
les	O
gares	O
ne	O
sont	O
pas	O
organisées	O
pour	O
ces	O
belles	O
étreintes	O
.	O
Il	O
y	O
a	O
la	O
salle	O
des	O
voyageurs	O
,	O
la	O
salle	O
des	O
bagages	O
;	O
mais	O
il	O
n'	O
y	O
a	O
pas	O
la	O
salle	O
des	O
effusions	O
,	O
il	O
n'	O
y	O
a	O
pas	O
la	O
salle	O
des	O
âmes	O
.	O
On	O
nous	O
bousculait	O
,	O
on	O
nous	O
marchait	O
dessus	O
.	O
</p>	O
<p n='FR0020789'>	O
"	O
Circulez	O
!	O
circulez	O
!	O
"	O
nous	O
criaient	O
les	O
gens	O
de	O
l'	O
octroi	O
.	O
Jacques	B-Pers
me	O
dit	O
tout	O
bas	O
:	O
"	O
Allons-nous-en	O
.	O
Demain	O
,	O
j'	O
enverrai	O
chercher	O
ta	O
malle	O
.	O
"	O
Et	O
,	O
bras	O
dessus	O
bras	O
dessous	O
,	O
légers	O
comme	O
nos	O
escarcelles	O
,	O
nous	O
nous	O
mîmes	O
en	O
route	O
pour	O
le	O
Quartier	B-Fac
latin	I-Fac
.	O
</p>	O
<p n='FR0020790'>	O
J'	O
ai	O
essayé	O
bien	O
souvent	O
,	O
depuis	O
,	O
de	O
me	O
rappeler	O
l'	O
impression	O
exacte	O
que	O
me	O
fit	O
Paris	B-Place
cette	O
nuit-là	O
:	O
mais	O
les	O
choses	O
,	O
comme	O
les	O
hommes	O
,	O
prennent	O
,	O
la	O
première	O
fois	O
que	O
nous	O
les	O
voyons	O
,	O
une	O
physionomie	O
toute	O
particulière	O
,	O
qu'	O
ensuite	O
nous	O
ne	O
leur	O
trouvons	O
plus	O
.	O
Le	O
Paris	B-Place
de	O
mon	O
arrivée	O
,	O
je	O
n'	O
ai	O
jamais	O
pu	O
me	O
le	O
reconstruire	O
.	O
C'	O
est	O
comme	O
une	O
ville	O
brumeuse	O
que	O
j'	O
aurais	O
traversée	O
tout	O
enfant	O
,	O
il	O
y	O
a	O
des	O
années	O
,	O
et	O
où	O
je	O
ne	O
serais	O
plus	O
retourné	O
depuis	O
lors	O
.	O
</p>	O
<p n='FR0020791'>	O
Je	O
me	O
souviens	O
d'	O
un	O
pont	O
de	O
bois	O
sur	O
une	O
rivière	O
toute	O
noire	O
,	O
puis	O
d'	O
un	O
grand	O
quai	O
désert	O
et	O
d'	O
un	O
immense	O
jardin	O
à	O
le	O
long	O
de	O
ce	O
quai	O
.	O
Nous	O
nous	O
arrêtâmes	O
un	O
moment	O
devant	O
ce	O
jardin	O
.	O
À	O
travers	O
les	O
grilles	O
qui	O
le	O
bordaient	O
,	O
on	O
voyait	O
confusément	O
des	O
huttes	O
,	O
des	O
pelouses	O
,	O
des	O
flaques	O
d'	O
eau	O
,	O
des	O
arbres	O
luisants	O
de	O
givre	O
.	O
</p>	O
<p n='FR0020792'>	O
"	O
C'	O
est	O
le	O
Jardin	B-Fac
des	I-Fac
plantes	I-Fac
,	O
me	O
dit	O
Jacques	B-Pers
.	O
Il	O
y	O
a	O
là	O
une	O
quantité	O
considérable	O
d'	O
ours	O
blancs	O
,	O
de	O
singes	O
,	O
de	O
boas	O
,	O
d'	O
hippopotames	O
...	O
"	O
En	O
effet	O
,	O
cela	O
sentait	O
le	O
fauve	O
,	O
et	O
,	O
par	O
moments	O
,	O
un	O
cri	O
aigu	O
,	O
un	O
rauque	O
rugissement	O
,	O
sortaient	O
de	O
cette	O
ombre	O
.	O
</p>	O
<p n='FR0020793'>	O
Moi	O
,	O
serré	O
contre	O
mon	O
frère	O
,	O
je	O
regardais	O
de	O
tous	O
mes	O
yeux	O
à	O
travers	O
les	O
grilles	O
,	O
et	O
mêlant	O
dans	O
un	O
même	O
sentiment	O
de	O
terreur	O
ce	O
Paris	B-Place
inconnu	O
;	O
où	O
j'	O
arrivais	O
de	O
nuit	O
,	O
et	O
ce	O
jardin	O
mystérieux	O
,	O
il	O
me	O
semblait	O
que	O
je	O
venais	O
de	O
débarquer	O
dans	O
une	O
grande	O
caverne	O
noire	O
,	O
pleine	O
de	O
bêtes	O
féroces	O
qui	O
allaient	O
se	O
ruer	O
sur	O
moi	O
.	O
Heureusement	O
que	O
je	O
n'	O
étais	O
pas	O
seul	O
:	O
j'	O
avais	O
Jacques	B-Pers
pour	O
me	O
défendre	O
...	O
Ah	O
!	O
Jacques	B-Pers
,	O
Jacques	B-Pers
!	O
Pourquoi	O
ne	O
t'	O
ai	O
-je	O
pas	O
toujours	O
eu	O
?	O
</p>	O
</sample>	O
</samples>	O
