Word	Tag
<?xml version='1.0' encoding='UTF-8'?>	O
<samples n='FR0047'>	O
<sample>	O
<p n='FR00471527'>	O
Cependant	O
la	O
lune	O
s'	O
abaisse	O
lentement	O
,	O
et	O
sa	O
lumière	O
bleue	O
se	O
ternit	O
;	O
maintenant	O
elle	O
est	O
plus	O
près	O
des	O
eaux	O
et	O
y	O
dessine	O
une	O
grande	O
lueur	O
allongée	O
qui	O
traîne	O
.	O
</p>	O
<p n='FR00471528'>	O
Elle	O
devient	O
plus	O
jaune	O
,	O
éclairant	O
à	O
peine	O
,	O
comme	O
une	O
lampe	O
qui	O
meurt	O
.	O
</p>	O
<p n='FR00471529'>	O
Lentement	O
elle	O
se	O
met	O
à	O
grandir	O
,	O
à	O
grandir	O
,	O
démesurée	O
,	O
et	O
puis	O
elle	O
devient	O
rouge	O
,	O
se	O
déforme	O
,	O
s'	O
enfonce	O
,	O
étrange	O
,	O
effrayante	O
.	O
On	O
ne	O
sait	O
plus	O
ce	O
qu'	O
on	O
voit	O
:	O
à	O
l'	O
horizon	O
,	O
c'	O
est	O
un	O
grand	O
feu	O
terne	O
,	O
sanglant	O
.	O
C'	O
est	O
trop	O
grand	O
pour	O
être	O
la	O
lune	O
,	O
et	O
puis	O
maintenant	O
des	O
choses	O
lointaines	O
se	O
dessinent	O
devant	O
en	O
grandes	O
ombres	O
noires	O
:	O
des	O
tours	O
colossales	O
,	O
des	O
montagnes	O
éboulées	O
,	O
des	O
palais	O
,	O
des	O
Babels	B-Place
!	O
</p>	O
<p n='FR00471530'>	O
On	O
sent	O
comme	O
un	O
voile	O
de	O
ténèbres	O
s'	O
appesantir	O
sur	O
les	O
sens	O
;	O
la	O
notion	O
de	O
le	O
réel	O
est	O
perdue	O
.	O
Il	O
vous	O
vient	O
comme	O
l'	O
impression	O
de	O
cités	O
apocalyptiques	O
,	O
de	O
nuées	O
lourdes	O
de	O
sang	O
,	O
de	O
malédictions	O
suspendues	O
.	O
C'	O
est	O
la	O
conception	O
des	O
épouvantes	O
gigantesques	O
,	O
des	O
anéantissements	O
chaotiques	O
,	O
des	O
fins	O
de	O
monde	O
...	O
</p>	O
<p n='FR00471531'>	O
Une	O
minute	O
de	O
sommeil	O
intérieur	O
qui	O
vient	O
de	O
passer	O
,	O
malgré	O
toute	O
volonté	O
;	O
un	O
rêve	O
de	O
dormeur	O
debout	O
qui	O
s'	O
est	O
envolé	O
très	O
vite	O
.	O
</p>	O
<p n='FR00471532'>	O
Mirage	O
!	O
...	O
À	O
présent	O
,	O
c'	O
est	O
fini	O
,	O
et	O
la	O
lune	O
est	O
couchée	O
.	O
Il	O
n'	O
y	O
avait	O
rien	O
là-bas	O
que	O
la	O
mer	O
infinie	O
,	O
et	O
les	O
vapeurs	O
errantes	O
,	O
annonçant	O
l'	O
approche	O
de	O
le	O
matin	O
;	O
maintenant	O
que	O
la	O
lune	O
n'	O
est	O
plus	O
derrière	O
,	O
on	O
ne	O
les	O
distingue	O
même	O
pas	O
.	O
Tout	O
vient	O
de	O
s'	O
évanouir	O
,	O
et	O
on	O
retrouve	O
la	O
nuit	O
,	O
la	O
vraie	O
nuit	O
,	O
toujours	O
pure	O
et	O
tranquille	O
.	O
</p>	O
<p n='FR00471533'>	O
Ils	O
sont	O
bien	O
loin	O
de	O
nous	O
,	O
ces	O
pays	O
de	O
l'	O
apocalypse	O
;	O
car	O
nous	O
sommes	O
dans	O
la	B-Place
Mer	I-Place
De	I-Place
Corail	I-Place
,	O
sur	O
l'	O
autre	O
face	O
de	O
le	O
monde	O
,	O
et	O
il	O
n'	O
y	O
a	O
rien	O
ici	O
que	O
le	O
cercle	O
immense	O
,	O
le	O
miroir	O
illimité	O
des	O
eaux	O
...	O
</p>	O
<p n='FR00471534'>	O
Un	O
timonier	O
est	O
allé	O
regarder	O
l'	O
heure	O
à	O
la	O
montre	O
.	O
Par	O
déférence	O
pour	O
la	O
lune	O
,	O
il	O
doit	O
noter	O
,	O
sur	O
ce	O
grand	O
registre	O
toujours	O
ouvert	O
,	O
qui	O
est	O
le	O
journal	O
de	O
le	O
bord	O
,	O
l'	O
instant	O
très	O
précis	O
auquel	O
elle	O
s'	O
est	O
couchée	O
.	O
</p>	O
<p n='FR00471535'>	O
Puis	O
il	O
revient	O
pour	O
me	O
dire	O
:	O
</p>	O
<p n='FR00471536'>	O
"	O
Capitaine	B-Role
,	O
il	O
est	O
l'	O
heure	O
de	O
réveiller	O
à	O
le	O
quart	O
.	O
"	O
</p>	O
<p n='FR00471537'>	O
Déjà	O
!	O
Déjà	O
finies	O
mes	O
quatre	O
heures	O
de	O
nuit	O
,	O
--	O
et	O
l'	O
officier	B-Role
de	O
relève	O
qui	O
va	O
bientôt	O
paraître	O
.	O
</p>	O
<p n='FR00471538'>	O
Je	O
commande	O
:	O
</p>	O
<p n='FR00471539'>	O
"	O
Chefs	B-Role
et	O
chargeurs	B-Role
à	O
réveiller	O
à	O
le	O
quart	O
!	O
"	O
</p>	O
<p n='FR00471540'>	O
Alors	O
,	O
quelques-uns	O
de	O
ceux	O
qui	O
dormaient	O
à	O
plat	O
pont	O
comme	O
des	O
momies	O
blanches	O
se	O
lèvent	O
en	O
éveillent	O
quelques	O
autres	O
;	O
ils	O
partent	O
toute	O
une	O
bande	O
,	O
et	O
descendent	O
.	O
Et	O
puis	O
on	O
entend	O
en	O
bas	O
,	O
dans	O
le	O
faux	O
pont	O
,	O
une	O
vingtaine	O
de	O
voix	O
chanter	O
l'	O
une	O
après	O
l'	O
autre	O
,	O
--	O
en	O
cascade	O
comme	O
on	O
fait	O
pour	O
frère	B-Work
Jacques	I-Work
,	O
--	O
une	O
sorte	O
d'	O
air	O
très	O
ancien	O
,	O
qui	O
est	O
joyeux	O
et	O
moqueur	O
.	O
</p>	O
</sample>	O
<sample>	O
<p n='FR0047529'>	O
"	O
Dites	O
-lui	O
que	O
je	O
jure	O
de	O
veiller	O
sur	O
lui	O
toute	O
ma	O
vie	O
,	O
comme	O
s'	O
il	O
était	O
mon	O
frère	O
.	O
"	O
</p>	O
<p n='FR0047530'>	O
Et	O
la	O
jeune	O
fille	O
répéta	O
,	O
traduisant	O
lentement	O
en	O
breton	O
:	O
</p>	O
<p n='FR0047531'>	O
"	O
Il	O
jure	O
de	O
veiller	O
sur	O
lui	O
toute	O
sa	O
vie	O
,	O
comme	O
s'	O
il	O
était	O
son	O
frère	O
.	O
"	O
</p>	O
<p n='FR0047532'>	O
Elle	O
s'	O
était	O
levée	O
,	O
la	O
vieille	O
mère	O
,	O
toujours	O
droite	O
,	O
et	O
rude	O
,	O
et	O
brusque	O
;	O
elle	O
avait	O
pris	O
à	O
le	O
mur	O
une	O
image	O
de	O
le	O
christ	B-Pers
,	O
et	O
s'	O
était	O
avancée	O
vers	O
moi	O
,	O
en	O
me	O
parlant	O
comme	O
pour	O
me	O
prendre	O
à	O
le	O
mot	O
,	O
là	O
,	O
avec	O
une	O
naïveté	O
,	O
une	O
indiscrétion	O
sauvages	O
.	O
</p>	O
<p n='FR0047533'>	O
"	O
C'	O
est	O
là-dessus	O
,	O
monsieur	O
,	O
qu'	O
elle	O
vous	O
demande	O
de	O
jurer	O
.	O
</p>	O
<p n='FR0047534'>	O
--	O
Non	O
,	O
ma	O
mère	O
,	O
non	O
"	O
,	O
dit	O
Yves	B-Pers
tout	O
confus	O
,	O
qui	O
essayait	O
de	O
s'	O
interposer	O
,	O
de	O
l'	O
arrêter	O
.	O
</p>	O
<p n='FR0047535'>	O
Moi	O
,	O
j'	O
étendis	O
le	O
bras	O
vers	O
cette	O
image	O
de	O
le	O
christ	B-Pers
,	O
un	O
peu	O
surpris	O
,	O
un	O
peu	O
ému	O
peut-être	O
,	O
et	O
je	O
répétai	O
:	O
</p>	O
<p n='FR0047536'>	O
"	O
Je	O
jure	O
de	O
faire	O
ce	O
que	O
je	O
viens	O
de	O
dire	O
.	O
"	O
</p>	O
<p n='FR0047537'>	O
Seulement	O
mon	O
bras	O
tremblait	O
légèrement	O
,	O
parce	O
que	O
je	O
pressentais	O
que	O
l'	O
engagement	O
serait	O
grave	O
dans	O
l'	O
avenir	O
.	O
</p>	O
<p n='FR0047538'>	O
Et	O
puis	O
je	O
pris	O
la	O
main	O
d'	O
Yves	B-Pers
,	O
qui	O
baissait	O
la	O
tête	O
,	O
rêveur	O
:	O
</p>	O
<p n='FR0047539'>	O
"	O
Et	O
toi	O
,	O
tu	O
m'	O
obéiras	O
,	O
tu	O
me	O
suivras	O
...	O
Mon	O
frère	O
?	O
"	O
</p>	O
<p n='FR0047540'>	O
Lui	O
répondit	O
tout	O
bas	O
,	O
hésitant	O
,	O
détournant	O
les	O
yeux	O
,	O
avec	O
le	O
sourire	O
d'	O
un	O
enfant	O
:	O
</p>	O
<p n='FR0047541'>	O
"	O
Mais	O
oui	O
...	O
Bien	O
sûr	O
...	O
"	O
</p>	O
<p n='FR0047542'>	O
XXIII	O
</p>	O
<p n='FR0047543'>	O
Nous	O
n'	O
eûmes	O
pas	O
longtemps	O
à	O
dormir	O
,	O
cette	O
nuit-là	O
,	O
mon	O
frère	O
et	O
moi	O
,	O
dans	O
notre	O
lit	O
en	O
armoire	O
.	O
</p>	O
<p n='FR0047544'>	O
Dès	O
que	O
le	O
vieux	O
coucou	O
de	O
la	O
chaumière	O
eut	O
dit	O
quatre	O
heures	O
de	O
sa	O
voix	O
fêlée	O
,	O
vite	O
il	O
fallut	O
nous	O
lever	O
;	O
nous	O
devions	O
être	O
à	O
Paimpol	B-Place
avant	O
le	O
jour	O
,	O
pour	O
y	O
prendre	O
à	O
six	O
heures	O
le	O
diligence	O
de	O
Guingamp	B-Place
.	O
</p>	O
<p n='FR0047545'>	O
À	O
quatre	O
heures	O
et	O
demie	O
,	O
ce	O
triste	O
matin	O
d'	O
hiver	O
,	O
la	O
pauvre	O
petite	O
porte	O
s'	O
ouvre	O
pour	O
nous	O
laisser	O
sortir	O
;	O
elle	O
se	O
referme	O
sur	O
un	O
dernier	O
baiser	O
à	O
Yves	B-Pers
,	O
de	O
sa	O
mère	O
qui	O
pleure	O
,	O
sur	O
une	O
dernière	O
pression	O
de	O
main	O
à	O
moi	O
.	O
Nous	O
nous	O
éloignons	O
tous	O
deux	O
dans	O
la	O
pluie	O
froide	O
et	O
la	O
nuit	O
noire	O
,	O
et	O
en	O
voilà	O
pour	O
cinq	O
ans	O
.	O
</p>	O
<p n='FR0047546'>	O
Dans	O
les	O
familles	O
de	O
marins	B-Role
,	O
c'	O
est	O
ainsi	O
.	O
</p>	O
<p n='FR0047547'>	O
À	O
mi-chemin	O
,	O
nous	O
entendons	O
de	O
loin	O
sonner	O
l'	O
Angélus	B-Work
derrière	O
nous	O
à	O
Plouherzel	B-Place
.	O
Nous	O
nous	O
croyons	O
en	O
retard	O
,	O
et	O
nous	O
nous	O
mettons	O
à	O
courir	O
,	O
à	O
courir	O
.	O
Nous	O
avons	O
le	O
front	O
baigné	O
de	O
sueur	O
en	O
arrivant	O
à	O
Paimpol	B-Place
.	O
</p>	O
<p n='FR0047548'>	O
Nous	O
nous	O
étions	O
trompés	O
;	O
on	O
avait	O
avancé	O
l'	O
heure	O
de	O
l'	O
Angelus	B-Work
.	O
</p>	O
<p n='FR0047549'>	O
Nous	O
trouvons	O
asile	O
dans	O
un	O
cabaret	O
déjà	O
ouvert	O
,	O
où	O
nous	O
déjeunons	O
en	O
compagnie	O
d'	O
Islandais	B-Demo
et	O
d'	O
autres	O
frères	O
de	O
la	O
côte	O
.	O
</p>	O
<p n='FR0047550'>	O
Et	O
,	O
le	O
soir	O
de	O
le	O
même	O
jour	O
,	O
à	O
onze	O
heures	O
,	O
nous	O
arrivons	O
à	O
Brest	B-Place
pour	O
reprendre	O
la	O
mer	O
.	O
</p>	O
</sample>	O
<sample>	O
<p n='FR0047565'>	O
Depuis	O
un	O
an	O
,	O
ils	O
n'	O
avaient	O
pas	O
mis	O
le	O
pied	O
à	O
terre	O
.	O
Et	O
le	O
commandant	O
,	O
qui	O
était	O
content	O
de	O
son	O
équipage	O
,	O
leur	O
avait	O
permis	O
,	O
à	O
eux	O
,	O
les	O
meilleurs	O
,	O
de	O
célébrer	O
comme	O
en	O
France	B-Place
l'	O
anniversaire	O
de	O
cette	O
grande	O
sainte	O
;	O
il	O
avait	O
choisi	O
cette	O
ville	O
de	O
Yé	B-Place
,	O
parce	O
qu'	O
elle	O
lui	O
semblait	O
pour	O
nous	O
la	O
moins	O
dangereuse	O
,	O
le	O
peuple	O
y	O
étant	O
plus	O
inoffensif	O
qu'	O
ailleurs	O
et	O
plus	O
maniable	O
.	O
</p>	O
<p n='FR0047566'>	O
Dans	O
cette	O
salle	O
,	O
qui	O
était	O
vaste	O
et	O
basse	O
,	O
avec	O
des	O
murailles	O
en	O
papier	O
,	O
il	O
y	O
avait	O
en	O
même	O
temps	O
que	O
nous	O
une	O
bande	O
de	O
matelots	O
de	O
commerce	O
américains	O
,	O
qui	O
buvaient	O
avec	O
des	O
filles	O
rousses	O
à	O
longues	O
dents	O
,	O
échappées	O
des	O
lupanars	O
de	O
l'	B-Place
Inde	I-Place
anglaise	I-Place
.	O
</p>	O
<p n='FR0047567'>	O
Et	O
ces	O
intrus	O
gênaient	O
les	O
gabiers	O
,	O
qui	O
voulaient	O
être	O
seuls	O
et	O
le	O
leur	O
donnaient	O
à	O
entendre	O
.	O
</p>	O
<p n='FR0047568'>	O
Onze	O
heures	O
.	O
--	O
Les	O
bougies	O
venaient	O
d'	O
être	O
renouvelées	O
dans	O
les	O
girandoles	O
de	O
couleur	O
,	O
tandis	O
qu'	O
à	O
le	O
dehors	O
la	O
ville	O
siamoise	O
s'	O
endormait	O
dans	O
la	O
nuit	O
chaude	O
.	O
Ici	O
,	O
on	O
sentait	O
qu'	O
il	O
y	O
avait	O
des	O
coups	O
de	O
poing	O
dans	O
l'	O
air	O
,	O
que	O
les	O
bras	O
avaient	O
besoin	O
de	O
se	O
détendre	O
et	O
de	O
frapper	O
.	O
</p>	O
<p n='FR0047569'>	O
"	O
Qu'	O
est	O
-ce	O
que	O
c'	O
est	O
?	O
"	O
dit	O
un	O
des	O
Américains	B-Demo
qui	O
avait	O
l'	O
accent	O
de	O
Marseille	B-Place
,	O
"	O
qu'	O
est	O
-ce	O
que	O
c'	O
est	O
que	O
ces	O
Français	B-Demo
qui	O
viennent	O
ici	O
faire	O
la	O
loi	O
?	O
Et	O
celui-là	O
qui	O
est	O
avec	O
eux	O
(	O
moi	O
)	O
,	O
le	O
plus	O
jeune	O
de	O
tous	O
,	O
qui	O
a	O
l'	O
air	O
de	O
poser	O
et	O
de	O
les	O
commander	O
?	O
</p>	O
<p n='FR0047570'>	O
--	O
Celui-là	O
,	O
dit	O
Yves	B-Pers
faisant	O
mine	O
de	O
ne	O
pas	O
seulement	O
daigner	O
tourner	O
la	O
tête	O
,	O
celui-là	O
faudrait	O
qu'	O
il	O
aurait	O
des	O
moustaches	O
,	O
celui	O
qui	O
y	O
toucherait	O
!	O
</p>	O
<p n='FR0047571'>	O
--	O
Celui-là	O
,	O
dit	O
Barrada	B-Pers
,	O
qui	O
il	O
est	O
?	O
Attendez	O
donc	O
,	O
nous	O
allons	O
vous	O
l'	O
apprendre	O
,	O
sans	O
qu'	O
il	O
ait	O
besoin	O
de	O
se	O
déranger	O
,	O
et	O
vous	O
aller	O
voir	O
,	O
enfants	O
,	O
si	O
ça	O
va	O
reluire	O
!	O
"	O
</p>	O
<p n='FR0047572'>	O
...	O
Yves	B-Pers
leur	O
avait	O
déjà	O
lancé	O
son	O
escabeau	O
de	O
forme	O
chinoise	O
,	O
qui	O
venait	O
de	O
crever	O
le	O
mur	O
à	O
toucher	O
leurs	O
têtes	O
,	O
et	O
Barrada	B-Pers
,	O
d'	O
un	O
premier	O
coup	O
de	O
poing	O
,	O
en	O
avait	O
chaviré	O
deux	O
.	O
Les	O
autres	O
renversés	O
sur	O
les	O
premiers	O
,	O
tous	O
par	O
terre	O
,	O
Kerboul	B-Pers
assommait	O
dans	O
le	O
tas	O
,	O
à	O
grands	O
coups	O
de	O
table	O
,	O
éparpillant	O
sur	O
les	O
ennemis	O
les	O
débris	O
de	O
ses	O
quinze	O
verres	O
.	O
</p>	O
<p n='FR0047573'>	O
Alors	O
on	O
entendit	O
à	O
le	O
dehors	O
des	O
gongs	O
et	O
des	O
sonnettes	O
,	O
des	O
frôlements	O
de	O
soie	O
,	O
de	O
petits	O
rires	O
aigres	O
de	O
femmes	O
.	O
</p>	O
<p n='FR0047574'>	O
Et	O
les	O
danseuses	O
entrèrent	O
.	O
(	O
Les	O
gabiers	O
s'	O
étaient	O
commandé	O
des	O
danseuses	O
.	O
)	O
...	O
</p>	O
<p n='FR0047575'>	O
Ils	O
s'	O
arrêtèrent	O
en	O
les	O
voyant	O
paraître	O
,	O
car	O
elles	O
étaient	O
étranges	O
.	O
Peintes	O
comme	O
des	O
images	O
chinoises	O
,	O
couvertes	O
d'	O
or	O
et	O
de	O
pierres	O
brillantes	O
,	O
des	O
yeux	O
à	O
demi	O
fermés	O
,	O
pareils	O
à	O
de	O
petites	O
fentes	O
blanches	O
,	O
elles	O
s'	O
avançaient	O
à	O
le	O
milieu	O
de	O
nous	O
avec	O
des	O
sourires	O
de	O
femmes	O
mortes	O
,	O
tenant	O
leurs	O
bras	O
en	O
l'	O
air	O
et	O
écartant	O
leurs	O
doigts	O
grêles	O
,	O
dont	O
les	O
grands	O
ongles	O
étaient	O
enfermés	O
dans	O
des	O
étuis	O
d'	O
or	O
.	O
</p>	O
</sample>	O
<sample>	O
<p n='FR00471695'>	O
C'	O
étaient	O
de	O
très	O
anciens	O
amis	O
,	O
Yves	B-Pers
et	O
ce	O
Barrada	B-Pers
.	O
À	O
terre	O
,	O
quand	O
ils	O
étaient	O
réunis	O
,	O
ils	O
ne	O
faisait	O
pas	O
bon	O
se	O
mettre	O
en	O
travers	O
de	O
leurs	O
fantaisies	O
.	O
</p>	O
<p n='FR00471696'>	O
Je	O
les	O
vois	O
encore	O
tous	O
deux	O
assis	O
devant	O
moi	O
,	O
de	O
moitié	O
sur	O
la	O
même	O
chaise	O
à	O
cause	O
de	O
l'	O
exiguïté	O
de	O
le	O
logis	O
,	O
se	O
tenant	O
d'	O
une	O
main	O
par	O
habitude	O
de	O
rouler	O
,	O
et	O
me	O
regardant	O
avec	O
leurs	O
yeux	O
attentifs	O
.	O
C'	O
est	O
que	O
j'	O
essayais	O
de	O
leur	O
démontrer	O
ce	O
soir-là	O
que	O
les	O
hommes	O
ce	O
n'	O
était	O
pas	O
comme	O
les	O
bêtes	O
,	O
de	O
leur	O
parler	O
de	O
le	O
mystérieux	O
après	O
...	O
Et	O
eux	O
,	O
ayant	O
cette	O
mort	O
toute	O
fraîche	O
dans	O
la	O
mémoire	O
,	O
m'	O
écoutaient	O
surpris	O
,	O
captivés	O
,	O
à	O
le	O
milieu	O
de	O
cette	O
tranquillité	O
très	O
particulière	O
des	O
soirs	O
où	O
la	O
mer	O
se	O
calme	O
,	O
tranquillité	O
qui	O
prédispose	O
à	O
comprendre	O
l'	O
incompréhensible	O
.	O
</p>	O
<p n='FR00471697'>	O
Vieux	O
raisonnements	O
ressassés	O
d'	O
école	O
que	O
je	O
leur	O
développais	O
et	O
qui	O
pouvaient	O
impressionner	O
encore	O
leurs	O
têtes	O
jeunes	O
...	O
C'	O
était	O
peut-être	O
très	O
bête	O
,	O
ce	O
cours	O
d'	O
immortalité	O
;	O
mais	O
cela	O
ne	O
leur	O
faisait	O
aucun	O
mal	O
,	O
à	O
le	O
contraire	O
.	O
</p>	O
<p n='FR00471698'>	O
XCII	O
</p>	O
<p n='FR00471699'>	O
Ces	O
mers	O
où	O
se	O
tenait	O
le	B-Fac
Primauguet	I-Fac
étaient	O
presque	O
toujours	O
de	O
le	O
même	O
bleu	O
de	O
lapis	O
;	O
c'	O
était	O
la	O
région	O
des	O
alizés	O
et	O
de	O
le	O
beau	O
temps	O
qui	O
ne	O
finit	O
pas	O
.	O
</p>	O
<p n='FR00471700'>	O
Quelquefois	O
,	O
pour	O
aller	O
d'	O
un	O
groupe	O
d'	O
îles	O
à	O
un	O
autre	O
,	O
il	O
nous	O
fallait	O
franchir	O
l'	O
équateur	O
,	O
passer	O
par	O
les	O
grandes	O
immobilités	O
,	O
les	O
splendeurs	O
mornes	O
.	O
</p>	O
<p n='FR00471701'>	O
Et	O
,	O
après	O
,	O
quand	O
l'	O
alizé	O
vivifiant	O
reprenait	O
dans	O
un	O
hémisphère	O
ou	O
dans	O
l'	O
autre	O
,	O
quand	O
le	B-Fac
Primauguet	I-Fac
réveillé	O
se	O
remettait	O
à	O
courir	O
,	O
alors	O
on	O
sentait	O
mieux	O
,	O
par	O
contraste	O
,	O
le	O
charme	O
d'	O
aller	O
vite	O
,	O
le	O
charme	O
d'	O
être	O
sur	O
cette	O
grande	O
chose	O
inclinée	O
,	O
frémissante	O
,	O
qui	O
semblait	O
vivre	O
et	O
qui	O
vous	O
obéissait	O
,	O
alerte	O
et	O
souple	O
,	O
en	O
filant	O
toujours	O
.	O
</p>	O
<p n='FR00471702'>	O
Quand	O
nous	O
courions	O
vers	O
l'	O
est	O
,	O
c'	O
était	O
à	O
le	O
plus	O
près	O
de	O
le	O
vent	O
,	O
dans	O
ces	O
régions	O
d'	O
alizés	O
;	O
alors	O
le	O
Primauguet	I-Fac
se	O
lançait	O
contre	O
les	O
lames	O
régulières	O
et	O
moutonnées	O
des	O
tropiques	O
pendant	O
des	O
jours	O
entiers	O
,	O
sans	O
se	O
lasser	O
,	O
avec	O
les	O
mêmes	O
petits	O
trémoussements	O
joyeux	O
de	O
poisson	O
qui	O
s'	O
amuse	O
.	O
Ensuite	O
,	O
quand	O
nous	O
revenions	O
sur	O
nos	O
pas	O
,	O
vent	O
arrière	O
,	O
tout	O
couverts	O
de	O
voiles	O
,	O
déployant	O
toute	O
notre	O
large	O
envergure	O
blanche	O
,	O
notre	O
marche	O
,	O
toujours	O
aussi	O
rapide	O
,	O
devenait	O
si	O
facile	O
,	O
si	O
glissante	O
,	O
que	O
nous	O
ne	O
nous	O
sentions	O
plus	O
filer	O
;	O
nous	O
étions	O
comme	O
soulevés	O
par	O
une	O
espèce	O
de	O
vol	O
,	O
et	O
notre	O
allure	O
était	O
comme	O
un	O
planement	O
d'	O
oiseau	O
.	O
</p>	O
<p n='FR00471703'>	O
Pour	O
les	O
matelots	O
,	O
les	O
jours	O
continuaient	O
à	O
se	O
ressembler	O
beaucoup	O
.	O
</p>	O
<p n='FR00471704'>	O
Chaque	O
matin	O
,	O
c'	O
était	O
d'	O
abord	O
un	O
délire	O
de	O
propreté	O
qui	O
les	O
prenait	O
dès	O
le	O
branle-bas	O
.	O
À	O
peine	O
réveillés	O
,	O
on	O
les	O
voyait	O
sauter	O
,	O
courir	O
pour	O
commencer	O
à	O
le	O
plus	O
vite	O
le	O
grand	O
lavage	O
.	O
Tout	O
nus	O
,	O
avec	O
un	O
bonnet	O
à	O
pompon	O
,	O
ou	O
bien	O
habillés	O
d'	O
un	O
tricot	O
de	O
combat	O
(	O
qui	O
est	O
une	O
petite	O
pièce	O
tricotée	O
pour	O
le	O
cou	O
,	O
à	O
peu	O
près	O
comme	O
une	O
bavette	O
de	O
nouveau-né	O
)	O
,	O
ils	O
se	O
dépêchaient	O
de	O
tout	O
inonder	O
.	O
Des	O
jets	O
de	O
pompe	O
,	O
des	O
seaux	O
d'	O
eau	O
lancés	O
à	O
tour	O
de	O
bras	O
.	O
Ils	O
se	O
dépêchaient	O
,	O
s'	O
en	O
jetant	O
dans	O
les	O
jambes	O
,	O
dans	O
le	O
dos	O
,	O
tout	O
éclaboussés	O
,	O
tout	O
ruisselants	O
,	O
chavirant	O
tout	O
pour	O
tout	O
laver	O
;	O
ensuite	O
,	O
usant	O
le	O
pont	O
,	O
déjà	O
très	O
blanc	O
,	O
avec	O
de	O
le	O
sable	O
,	O
des	O
frottes	O
,	O
des	O
grattes	O
,	O
pour	O
le	O
blanchir	O
encore	O
.	O
</p>	O
</sample>	O
<sample>	O
<p n='FR004769'>	O
IV	O
</p>	O
<p n='FR004770'>	O
"	O
Et	O
mon	O
mari	O
aussi	O
,	O
Madame	B-Pers
Quémeneur	I-Pers
,	I-Pers
quand	O
il	O
est	O
soûl	O
,	O
tout	O
le	O
temps	O
il	O
dort	O
.	O
</p>	O
<p n='FR004771'>	O
--	O
Vous	O
faites	O
votre	O
petit	O
tour	O
aussi	O
,	O
Madame	B-Pers
Kervella	I-Pers
?	O
</p>	O
<p n='FR004772'>	O
--	O
Et	O
j'	O
attends	O
mon	O
mari	O
,	O
moi	O
aussi	O
donc	O
,	O
qui	O
est	O
arrivé	O
aujourd'hui	O
sur	O
le	B-Fac
Catinat	I-Fac
.	O
</p>	O
<p n='FR004773'>	O
--	O
Et	O
le	O
mien	O
,	O
Madame	B-Pers
Kerdoncuff	I-Pers
,	O
le	O
jour	O
qu'	O
il	O
était	O
revenu	O
de	O
la	B-Place
Chine	I-Place
,	O
il	O
avait	O
dormi	O
pendant	O
deux	O
jours	O
;	O
et	O
moi	O
aussi	O
donc	O
,	O
je	O
m'	O
étais	O
soûlée	O
,	O
madame	B-Pers
Kerdoncuff	I-Pers
.	O
Oh	O
!	O
comme	O
j'	O
ai	O
eu	O
honte	O
aussi	O
!	O
Et	O
ma	O
fille	O
aussi	O
donc	O
,	O
elle	O
était	O
tombée	O
dans	O
les	O
escaliers	O
!	O
"	O
</p>	O
<p n='FR004774'>	O
Avec	O
l'	O
accent	O
chantant	O
et	O
cadencé	O
de	O
Brest	B-Place
,	O
tout	O
cela	O
se	O
croise	O
sous	O
les	O
vieux	O
parapluies	O
retournés	O
par	O
le	O
vent	O
,	O
entre	O
des	O
femmes	O
en	O
waterproof	O
et	O
en	O
coiffe	O
pointue	O
de	O
mousseline	O
,	O
qui	O
attendent	O
là-haut	O
,	O
à	O
l'	O
entrée	O
des	O
grands	O
escaliers	O
de	O
granit	O
.	O
</p>	O
<p n='FR004775'>	O
Leurs	O
maris	O
sont	O
revenus	O
sur	O
ce	O
même	O
bâtiment	O
qui	O
a	O
ramené	O
Yves	B-Pers
,	O
et	O
elles	O
sont	O
là	O
postées	O
,	O
soutenues	O
déjà	O
par	O
quelque	O
peu	O
d'	O
eau-de-vie	O
,	O
elles	O
font	O
le	O
guet	O
,	O
l'	O
œil	O
moitié	O
égrillard	O
,	O
moitié	O
attendri	O
.	O
</p>	O
<p n='FR004776'>	O
Ces	O
vieux	O
marins	B-Role
qu'	O
elles	O
attendent	O
étaient	O
jadis	O
peut-être	O
de	O
braves	O
gabiers	O
durs	O
à	O
la	O
peine	O
;	O
et	O
puis	O
,	O
gangrenés	O
par	O
les	O
séjours	O
dans	O
Brest	B-Place
et	O
l'	O
ivrognerie	O
,	O
ils	O
ont	O
épousé	O
ces	O
créatures	O
et	O
sont	O
tombés	O
dans	O
les	O
bas-fonds	O
sordides	O
de	O
la	O
ville	O
.	O
</p>	O
<p n='FR004777'>	O
Derrière	O
ces	O
dames	O
,	O
il	O
y	O
a	O
d'	O
autres	O
groupes	O
encore	O
,	O
où	O
la	O
vue	O
se	O
repose	O
:	O
des	O
jeunes	O
femmes	O
qui	O
se	O
tiennent	O
dignes	O
,	O
vraies	O
femmes	O
de	O
marins	O
celles-ci	O
,	O
recueillies	O
dans	O
la	O
joie	O
de	O
revoir	O
leur	O
fiancé	O
ou	O
leur	O
mari	O
,	O
et	O
regardant	O
avec	O
anxiété	O
dans	O
ce	O
grand	O
trou	O
béant	O
de	O
le	O
port	O
,	O
par	O
où	O
les	O
désirés	O
vont	O
venir	O
.	O
Il	O
y	O
a	O
des	O
mères	O
,	O
arrivées	O
des	O
villages	O
,	O
ayant	O
mis	O
leur	O
beau	O
costume	O
breton	O
des	O
fêtes	O
,	O
la	O
grande	O
coiffe	O
et	O
la	O
robe	O
de	O
drap	O
noir	O
à	O
broderies	O
de	O
soie	O
;	O
la	O
pluie	O
les	O
gâte	O
pourtant	O
,	O
ces	O
belles	O
hardes	O
qu'	O
on	O
ne	O
renouvelle	O
pas	O
deux	O
fois	O
dans	O
la	O
vie	O
;	O
mais	O
il	O
faut	O
bien	O
faire	O
honneur	O
à	O
ce	O
fils	O
qu'	O
on	O
va	O
embrasser	O
tout	O
à	O
l'	O
heure	O
devant	O
les	O
autres	O
.	O
</p>	O
<p n='FR004778'>	O
"	O
Voilà	O
ceux	O
de	O
le	O
Magicien	B-Fac
qui	O
entrent	O
dans	O
le	O
port	O
,	O
Madame	B-Pers
Kerdoncuff	I-Pers
!	O
</p>	O
<p n='FR004779'>	O
--	O
Et	O
voilà	O
ceux	O
de	O
le	O
Catinat	B-Fac
aussi	O
donc	O
!	O
Ils	O
se	O
suivent	O
tous	O
les	O
deux	O
,	O
Madame	B-Pers
Quémeneur	I-Pers
!	O
"	O
</p>	O
<p n='FR004780'>	O
En	O
bas	O
,	O
les	O
canots	O
accostent	O
,	O
tout	O
à	O
le	O
fond	O
,	O
sur	O
les	O
quais	O
noirs	O
,	O
et	O
ceux	O
qui	O
sont	O
attendus	O
montent	O
les	O
premiers	O
.	O
</p>	O
<p n='FR004781'>	O
D'	O
abord	O
les	O
maris	O
de	O
ces	O
dames	O
,	O
place	O
à	O
les	O
anciens	O
,	O
qui	O
passent	O
devant	O
!	O
Le	O
goudron	O
,	O
le	O
vent	O
,	O
le	O
hâle	O
,	O
l'	O
eau-de-vie	O
,	O
leur	O
ont	O
composé	O
des	O
minois	O
chiffonnés	O
de	O
singes	O
...	O
Et	O
on	O
s'	O
en	O
va	O
,	O
bras	O
dessus	O
bras	O
dessous	O
,	O
de	O
le	O
côté	O
de	O
Recouvrance	B-Place
,	O
dans	O
quelque	O
vieille	O
rue	O
sombre	O
à	O
les	O
hautes	O
maisons	O
de	O
granit	O
;	O
tout	O
à	O
l'	O
heure	O
,	O
on	O
montera	O
dans	O
une	O
chambre	O
humide	O
qui	O
sent	O
l'	O
égout	O
et	O
le	O
moisi	O
de	O
pauvre	O
,	O
où	O
sur	O
les	O
meubles	O
il	O
y	O
a	O
des	O
coquillages	O
dans	O
de	O
la	O
poussière	O
et	O
des	O
bouteilles	O
pêle-mêle	O
avec	O
des	O
chinoiseries	O
.	O
Et	O
,	O
grâce	O
à	O
l'	O
alcool	O
acheté	O
à	O
le	O
cabaret	O
d'	O
en	O
bas	O
,	O
on	O
trouvera	O
l'	O
oubli	O
de	O
cette	O
séparation	O
cruelle	O
avec	O
un	O
renouveau	O
de	O
ses	O
vingt	O
ans	O
.	O
</p>	O
</sample>	O
</samples>	O
