Word	Tag
<?xml version='1.0' encoding='UTF-8'?>	O
<samples n='FR0019'>	O
<sample>	O
<p n='FR0019581'>	O
Cette	O
réflexion	O
à	O
haute	O
voix	O
partait	O
d'	O
un	O
groupe	O
de	O
jeunes	O
musiciens	B-Role
empressés	O
autour	O
de	O
le	O
directeur	O
de	O
l'	O
Opéra	B-Org
,	O
Cadaillac	O
,	O
philosophiquement	O
assis	O
sur	O
une	O
banquette	O
en	O
velours	O
,	O
le	O
dos	O
à	O
le	O
socle	O
de	O
Molière	B-Pers
.	O
Très	O
gros	O
,	O
à	O
moitié	O
sourd	O
,	O
avec	O
sa	O
moustache	O
en	O
brosse	O
toute	O
blanche	O
,	O
on	O
ne	O
retrouvait	O
guère	O
le	O
souple	O
et	O
fringant	O
impresario	O
des	O
fêtes	O
de	O
le	O
Nabab	B-Pers
dans	O
cette	O
majestueuse	O
idole	O
à	O
le	O
masque	O
bouffi	O
et	O
impénétrable	O
,	O
dont	O
l'	O
œil	O
seul	O
racontait	O
le	O
Parisien	B-Demo
blagueur	O
,	O
sa	O
science	O
féroce	O
de	O
la	O
vie	O
,	O
son	O
esprit	O
en	O
bâton	O
d'	O
épine	O
ferré	O
à	O
le	O
bout	O
,	O
durci	O
à	O
le	O
feu	O
de	O
la	O
rampe	O
.	O
Mais	O
,	O
satisfait	O
,	O
repu	O
,	O
craignant	O
sur	O
toute	O
chose	O
d'	O
être	O
délogé	O
de	O
sa	O
direction	O
à	O
fin	O
de	O
bail	O
,	O
il	O
rentrait	O
ses	O
ongles	O
,	O
parlait	O
peu	O
,	O
surtout	O
ici	O
,	O
se	O
contentait	O
de	O
souligner	O
ses	O
observations	O
sur	O
la	O
comédie	O
officielle	O
et	O
mondaine	O
de	O
le	O
rire	O
silencieux	O
de	O
Bas-de-Cuir	B-Pers
.	O
</p>	O
<p n='FR0019582'>	O
"	O
Boissaric	B-Pers
,	O
mon	O
enfant	O
,	O
demandait	O
-il	O
tout	O
bas	O
à	O
un	O
jeune	O
et	O
intrigant	O
Toulousain	B-Demo
qui	O
venait	O
de	O
faire	O
jouer	O
un	O
ballet	O
à	O
l'	O
Opéra	B-Org
après	O
seulement	O
dix	O
ans	O
de	O
carton	O
,	O
ce	O
que	O
personne	O
ne	O
voulait	O
croire	O
,	O
--	O
Boissaric	B-Pers
,	O
toi	O
qui	O
sais	O
tout	O
,	O
dis	O
-moi	O
le	O
nom	O
de	O
ce	O
solennel	O
personnage	O
à	O
moustaches	O
qui	O
cause	O
familièrement	O
avec	O
tout	O
le	O
monde	O
et	O
marche	O
derrière	O
son	O
nez	O
d'	O
un	O
air	O
recueilli	O
comme	O
s'	O
il	O
allait	O
à	O
l'	O
enterrement	O
de	O
cet	O
accessoire	O
...	O
Il	O
doit	O
être	O
de	O
le	O
bâtiment	O
,	O
car	O
il	O
m'	O
a	O
parlé	O
théâtre	O
avec	O
une	O
certaine	O
autorité	O
.	O
</p>	O
<p n='FR0019583'>	O
--	O
Je	O
ne	O
pense	O
pas	O
,	O
patron	B-Role
...	O
Plutôt	O
un	O
diplomate	B-Role
.	O
Je	O
l'	O
entendais	O
dire	O
tout	O
à	O
l'	O
heure	O
à	O
le	O
ministre	O
de	O
Belgique	B-Place
qu'	O
ils	O
avaient	O
été	O
longtemps	O
collègues	O
.	O
</p>	O
<p n='FR0019584'>	O
--	O
Vous	O
vous	O
trompez	O
,	O
Boissaric	B-Pers
...	O
Ce	O
doit	O
être	O
un	O
général	B-Role
étranger	O
.	O
Il	O
pérorait	O
,	O
il	O
n'	O
y	O
a	O
qu'	O
un	O
instant	O
,	O
dans	O
un	O
groupe	O
de	O
grosses	O
épaulettes	O
et	O
disait	O
très	O
haut	O
:	O
"	O
Il	O
faut	O
n'	O
avoir	O
jamais	O
eu	O
un	O
grand	O
commandement	O
militaire	O
...	O
"	O
</p>	O
<p n='FR0019585'>	O
--	O
Étrange	O
!	O
</p>	O
<p n='FR0019586'>	O
Lappara	B-Pers
,	O
consulté	O
à	O
le	O
passage	O
,	O
se	O
mit	O
à	O
rire	O
:	O
</p>	O
<p n='FR0019587'>	O
--	O
Mais	O
c'	O
est	O
Bompard	B-Pers
.	O
</p>	O
<p n='FR0019588'>	O
--	O
Quès	O
aco	O
Bompard	B-Pers
?	O
</p>	O
<p n='FR0019589'>	O
--	O
L'	O
ami	O
de	O
le	O
ministre	B-Role
...	O
Comment	O
ne	O
le	O
connaissez	O
-vous	O
pas	O
?	O
</p>	O
<p n='FR0019590'>	O
--	O
de	O
le	O
Midi	B-Place
?	O
</p>	O
<p n='FR0019591'>	O
--	O
Té	O
!	O
parbleu	O
...	O
</p>	O
<p n='FR0019592'>	O
Bompard	B-Pers
,	O
en	O
effet	O
,	O
qui	O
,	O
sanglé	O
d'	O
un	O
superbe	O
habit	O
neuf	O
à	O
parements	O
de	O
velours	O
,	O
les	O
gants	O
dans	O
l'	O
entre-bâillure	O
de	O
le	O
gilet	O
,	O
essayait	O
d'	O
animer	O
la	O
soirée	O
de	O
son	O
ami	O
par	O
une	O
conversation	O
variée	O
et	O
soutenue	O
.	O
Inconnu	O
dans	O
le	O
monde	O
officiel	O
,	O
où	O
il	O
se	O
produisait	O
pour	O
la	O
première	O
fois	O
,	O
on	O
peut	O
dire	O
qu'	O
il	O
faisait	O
sensation	O
en	O
promenant	O
d'	O
un	O
groupe	O
à	O
l'	O
autre	O
ses	O
facultés	O
inventives	O
,	O
ses	O
visions	O
fulgurantes	O
,	O
récits	O
d'	O
amours	O
royales	O
,	O
aventures	O
et	O
combats	O
,	O
triomphes	O
à	O
les	O
tirs	O
fédéraux	O
,	O
qui	O
donnaient	O
à	O
tous	O
les	O
visages	O
autour	O
de	O
lui	O
la	O
même	O
expression	O
d'	O
étonnement	O
,	O
de	O
gêne	O
et	O
d'	O
inquiétude	O
.	O
Il	O
y	O
avait	O
là	O
certes	O
un	O
élément	O
de	O
gaieté	O
,	O
mais	O
compris	O
seulement	O
de	O
quelques	O
intimes	O
,	O
impuissant	O
à	O
distraire	O
l'	O
ennui	O
qui	O
pénétrait	O
jusque	O
dans	O
la	O
salle	O
de	O
le	O
concert	O
,	O
une	O
pièce	O
immense	O
et	O
très	O
pittoresque	O
avec	O
ses	O
deux	O
étages	O
de	O
galeries	O
et	O
son	O
plafond	O
en	O
vitrage	O
qu'	O
on	O
pouvait	O
croire	O
à	O
ciel	O
ouvert	O
.	O
</p>	O
</sample>	O
<sample>	O
<p n='FR00191517'>	O
--	O
Mon	O
perdreau	O
...	O
</p>	O
<p n='FR00191518'>	O
--	O
Mon	O
agnelet	O
...	O
</p>	O
<p n='FR00191519'>	O
--	O
Mon	O
pintadon	O
...	O
</p>	O
<p n='FR00191520'>	O
--	O
Ma	O
perle	O
fine	O
...	O
</p>	O
<p n='FR00191521'>	O
Et	O
elles	O
l'	O
enveloppaient	O
,	O
le	O
léchaient	O
de	O
la	O
flamme	O
brune	O
de	O
leurs	O
yeux	O
.	O
Lui	O
,	O
l'	O
enfant	O
d'	O
un	O
mois	O
,	O
n'	O
était	O
pas	O
effrayé	O
de	O
le	O
tout	O
.	O
Réveillé	O
par	O
ce	O
vacarme	O
,	O
appuyé	O
sur	O
le	O
coussin	O
à	O
les	O
nœuds	O
roses	O
,	O
il	O
regardait	O
de	O
ses	O
yeux	O
de	O
chat	O
,	O
la	O
pupille	O
dilatée	O
et	O
fixe	O
,	O
avec	O
deux	O
gouttes	O
de	O
lait	O
à	O
le	O
coin	O
des	O
lèvres	O
,	O
et	O
restait	O
calme	O
,	O
visiblement	O
heureux	O
de	O
ces	O
apparitions	O
de	O
têtes	O
à	O
les	O
portières	O
,	O
de	O
ces	O
clameurs	O
grandissantes	O
où	O
se	O
mêlaient	O
bientôt	O
les	O
bêlements	O
,	O
mugissements	O
,	O
piaillements	O
des	O
bêtes	O
prises	O
d'	O
une	O
nerveuse	O
imitation	O
,	O
formidable	O
tutti	O
de	O
cous	O
tendus	O
,	O
de	O
bouches	O
ouvertes	O
,	O
de	O
gueules	O
bées	O
à	O
la	O
gloire	O
de	O
Roumestan	B-Pers
et	O
de	O
sa	O
progéniture	O
.	O
Alors	O
même	O
,	O
et	O
tandis	O
que	O
tous	O
dans	O
la	O
voiture	O
tenaient	O
à	O
deux	O
mains	O
leurs	O
oreilles	O
fracassées	O
,	O
le	O
petit	O
homme	O
demeurait	O
impassible	O
,	O
et	O
son	O
sang-froid	O
déridait	O
jusqu'au	O
vieux	O
président	B-Role
qui	O
disait	O
:	O
"	O
Si	O
celui-là	O
n'	O
est	O
pas	O
né	O
pour	O
le	O
forum	O
!	O
...	O
"	O
</p>	O
<p n='FR00191522'>	O
Ils	O
espéraient	O
en	O
être	O
quittes	O
en	O
sortant	O
de	O
le	O
marché	O
,	O
mais	O
la	O
foule	O
les	O
suivit	O
,	O
s'	O
accroissant	O
à	O
mesure	O
des	O
tisserands	O
de	O
le	O
Chemin-Neuf	B-Fac
,	O
des	O
ourdisseuses	B-Role
par	O
bandes	O
,	O
des	O
portefaix	B-Role
de	O
l'	B-Fac
avenue	I-Fac
Berchère	I-Fac
.	O
Les	O
marchands	B-Role
accouraient	O
à	O
le	O
pas	O
des	O
boutiques	O
,	O
le	O
balcon	O
de	O
le	O
cercle	B-Fac
des	I-Fac
Blancs	I-Fac
se	O
chargeait	O
de	O
monde	O
,	O
et	O
bientôt	O
les	O
orphéons	B-Pers
à	O
bannières	O
débouchaient	O
de	O
toutes	O
les	O
rues	O
,	O
entonnant	O
des	O
chœurs	O
,	O
des	O
fanfares	O
,	O
comme	O
à	O
une	O
arrivée	O
de	O
Numa	B-Pers
,	O
avec	O
quelque	O
chose	O
de	O
plus	O
gai	O
,	O
d'	O
improvisé	O
,	O
en	O
dehors	O
de	O
le	O
festival	O
habituel	O
.	O
</p>	O
<p n='FR00191523'>	O
Dans	O
la	O
plus	O
belle	O
chambre	O
de	O
la	O
maison	B-Fac
Portal	I-Fac
,	O
dont	O
les	O
boiseries	O
blanches	O
,	O
les	O
soies	O
flammées	O
dataient	O
d'	O
un	O
siècle	O
,	O
Rosalie	B-Pers
,	O
étendue	O
sur	O
une	O
chaise	O
longue	O
,	O
laissant	O
aller	O
son	O
regard	O
de	O
le	O
berceau	O
vide	O
à	O
la	O
rue	O
déserte	O
et	O
ensoleillée	O
,	O
s'	O
impatientait	O
à	O
attendre	O
le	O
retour	O
de	O
son	O
enfant	O
.	O
Sur	O
ses	O
traits	O
fins	O
,	O
exsangues	O
,	O
creusés	O
de	O
fatigue	O
et	O
de	O
larmes	O
,	O
où	O
se	O
montrait	O
pourtant	O
comme	O
un	O
apaisement	O
heureux	O
,	O
on	O
pouvait	O
lire	O
l'	O
histoire	O
de	O
son	O
existence	O
pendant	O
ces	O
derniers	O
mois	O
,	O
inquiétudes	O
,	O
déchirements	O
,	O
sa	O
rupture	O
avec	O
Numa	B-Pers
,	O
la	O
mort	O
de	O
son	O
Hortense	B-Pers
,	O
et	O
à	O
la	O
fin	O
la	O
naissance	O
de	O
l'	O
enfant	O
qui	O
emportait	O
tout	O
.	O
Quand	O
ce	O
grand	O
bonheur	O
lui	O
était	O
venu	O
,	O
elle	O
n'	O
y	O
comptait	O
plus	O
,	O
brisée	O
par	O
tant	O
de	O
coups	O
,	O
se	O
croyant	O
incapable	O
de	O
donner	O
la	O
vie	O
.	O
à	O
les	O
derniers	O
jours	O
elle	O
s'	O
imaginait	O
même	O
ne	O
plus	O
sentir	O
les	O
soubresauts	O
impatients	O
de	O
le	O
petit	O
être	O
emprisonné	O
;	O
et	O
le	O
berceau	O
,	O
la	O
layette	O
toute	O
prête	O
,	O
elle	O
les	O
cachait	O
par	O
une	O
crainte	O
superstitieuse	O
,	O
avertissant	O
seulement	O
l'	B-Demo
Anglaise	I-Demo
qui	O
la	O
servait	O
:	O
"	O
Si	O
l'	O
on	O
vous	O
demande	O
des	O
vêtements	O
d'	O
enfant	O
,	O
vous	O
saurez	O
où	O
les	O
prendre	O
.	O
"	O
</p>	O
</sample>	O
<sample>	O
<p n='FR0019601'>	O
C'	O
était	O
bien	O
la	O
note	O
dominante	O
dans	O
ce	O
concert	O
de	O
l'	O
Instruction	O
publique	O
.	O
Sous	O
l'	O
admiration	O
de	O
commande	O
,	O
les	O
physionomies	O
extasiées	O
qui	O
font	O
partie	O
de	O
la	O
mondanité	O
des	O
femmes	O
les	O
plus	O
sincères	O
,	O
il	O
remontait	O
peu	O
à	O
peu	O
,	O
figeait	O
le	O
sourire	O
et	O
l'	O
éclair	O
des	O
yeux	O
,	O
affaissait	O
ces	O
jolies	O
poses	O
languissantes	O
d'	O
oiseaux	O
branchés	O
ou	O
buvant	O
goutte	O
à	O
goutte	O
.	O
Une	O
après	O
l'	O
autre	O
,	O
sur	O
les	O
longues	O
files	O
de	O
chaises	O
enchaînées	O
,	O
elles	O
se	O
débattaient	O
,	O
avec	O
des	O
"	O
bravos	O
...	O
divins	O
...	O
délicieux	O
...	O
"	O
pour	O
se	O
ranimer	O
elles-mêmes	O
,	O
et	O
succombaient	O
à	O
la	O
torpeur	O
envahissante	O
qui	O
se	O
dégageait	O
comme	O
une	O
brume	O
de	O
cette	O
marée	O
sonore	O
,	O
reculant	O
dans	O
un	O
lointain	O
d'	O
indifférence	O
tous	O
les	O
artistes	O
qui	O
défilaient	O
tour	O
à	O
tour	O
.	O
</p>	O
<p n='FR0019602'>	O
On	O
avait	O
là	O
pourtant	O
les	O
plus	O
fameux	O
,	O
les	O
plus	O
illustres	O
de	O
Paris	B-Place
,	O
interprétant	O
la	O
musique	O
classique	O
avec	O
toute	O
la	O
science	O
qu'	O
elle	O
exige	O
et	O
qui	O
ne	O
s'	O
acquiert	O
,	O
hélas	O
!	O
qu'	O
à	O
le	O
prix	O
des	O
années	O
.	O
Voilà	O
trente	O
ans	O
que	O
la	B-Pers
Vauters	I-Pers
la	O
chante	O
,	O
cette	O
belle	O
romance	O
de	O
Beethoven	B-Pers
,	O
l'	O
Apaisement	O
,	O
et	O
jamais	O
avec	O
plus	O
de	O
passion	O
que	O
ce	O
soir	O
;	O
mais	O
il	O
manque	O
des	O
cordes	O
à	O
l'	O
instrument	O
,	O
on	O
entend	O
l'	O
archet	O
racler	O
sur	O
le	O
bois	O
,	O
et	O
de	O
la	O
grande	O
chanteuse	B-Role
de	O
jadis	O
,	O
de	O
la	O
beauté	O
célèbre	O
,	O
il	O
ne	O
reste	O
que	O
des	O
attitudes	O
savantes	O
,	O
une	O
méthode	O
irréprochable	O
,	O
et	O
cette	O
longue	O
main	O
blanche	O
qui	O
à	O
la	O
dernière	O
strophe	O
écrase	O
une	O
larme	O
à	O
le	O
coin	O
de	O
l'	O
œil	O
élargi	O
de	O
kohl	O
,	O
une	O
larme	O
traduisant	O
le	O
sanglot	O
que	O
la	O
voix	O
ne	O
peut	O
plus	O
donner	O
.	O
</p>	O
<p n='FR0019603'>	O
Quel	O
autre	O
que	O
Mayol	B-Pers
,	O
le	O
beau	O
Mayol	B-Pers
,	O
a	O
jamais	O
soupiré	O
la	O
sérénade	B-Work
de	I-Work
Don	I-Work
Juan	I-Work
avec	O
cette	O
délicatesse	O
aérienne	O
,	O
cette	O
passion	O
qui	O
semble	O
d'	O
une	O
libellule	O
amoureuse	O
!	O
Malheureusement	O
on	O
ne	O
l'	O
entend	O
plus	O
;	O
il	O
a	O
beau	O
se	O
dresser	O
sur	O
la	O
pointe	O
des	O
pieds	O
,	O
le	O
cou	O
tendu	O
,	O
filer	O
le	O
son	O
jusqu'au	O
bout	O
en	O
l'	O
accompagnant	O
d'	O
un	O
geste	O
délié	O
de	O
fileuse	O
qui	O
pince	O
sa	O
laine	O
entre	O
deux	O
doigts	O
,	O
rien	O
ne	O
sort	O
,	O
rien	O
.	O
Paris	B-Place
,	O
qui	O
a	O
la	O
reconnaissance	O
de	O
ses	O
plaisirs	O
passés	O
,	O
applaudit	O
quand	O
même	O
;	O
mais	O
ces	O
voix	O
usées	O
,	O
ces	O
figures	O
flétries	O
et	O
trop	O
connues	O
,	O
médailles	O
dont	O
la	O
circulation	O
constante	O
a	O
mangé	O
l'	O
effigie	O
,	O
ne	O
dissiperont	O
pas	O
le	O
brouillard	O
qui	O
plane	O
sur	O
la	O
fête	O
de	O
le	O
ministère	O
,	O
malgré	O
les	O
efforts	O
que	O
fait	O
Roumestan	B-Pers
pour	O
la	O
ranimer	O
,	O
les	O
bravos	O
d'	O
enthousiasme	O
qu'	O
il	O
jette	O
à	O
haute	O
voix	O
de	O
le	O
milieu	O
des	O
habits	O
noirs	O
,	O
les	O
"	O
chut	O
!	O
"	O
dont	O
il	O
terrifie	O
à	O
deux	O
salons	O
de	O
distance	O
les	O
gens	O
qui	O
essayent	O
de	O
causer	O
et	O
qui	O
circulent	O
alors	O
,	O
muets	O
comme	O
des	O
spectres	O
sous	O
le	O
splendide	O
éclairage	O
,	O
changent	O
de	O
place	O
avec	O
précaution	O
pour	O
se	O
distraire	O
,	O
le	O
dos	O
rond	O
,	O
les	O
bras	O
en	O
balancier	O
,	O
ou	O
tombent	O
anéantis	O
sur	O
des	O
sièges	O
bas	O
,	O
le	O
claque	O
ballant	O
entre	O
les	O
jambes	O
,	O
hébétés	O
,	O
la	O
figure	O
vide	O
.	O
</p>	O
</sample>	O
<sample>	O
<p n='FR001966'>	O
Et	O
le	O
grand	O
homme	O
d'	O
Aps	B-Place
semblait	O
plus	O
fier	O
de	O
cette	O
approbation	O
que	O
des	O
hommages	O
bruyants	O
dont	O
on	O
l'	O
étourdissait	O
depuis	O
deux	O
heures	O
.	O
</p>	O
<p n='FR001967'>	O
Fin	O
de	O
le	O
premier	O
chapitre	O
.	O
</p>	O
<p n='FR001968'>	O
II	O
--	O
L'	O
ENVERS	O
D'	O
UN	O
GRAND	O
HOMME	O
</p>	O
<p n='FR001969'>	O
Numa	B-Pers
Roumestan	I-Pers
avait	O
vingt-deux	O
ans	O
quand	O
il	O
vint	O
terminer	O
à	O
Paris	B-Place
son	O
droit	O
commencé	O
à	O
Aix	B-Place
.	O
C'	O
était	O
à	O
cette	O
époque	O
un	O
bon	O
garçon	O
,	O
réjoui	O
,	O
bruyant	O
,	O
tout	O
le	O
sang	O
à	O
la	O
peau	O
,	O
avec	O
de	O
beaux	O
yeux	O
de	O
batracien	O
,	O
dorés	O
,	O
à	O
fleur	O
de	O
tête	O
,	O
et	O
une	O
crinière	O
noire	O
toute	O
frisée	O
qui	O
lui	O
mangeait	O
la	O
moitié	O
de	O
le	O
front	O
comme	O
un	O
bonnet	O
de	O
loutre	O
sans	O
visière	O
.	O
Pas	O
l'	O
ombre	O
d'	O
une	O
idée	O
,	O
d'	O
une	O
ambition	O
,	O
sous	O
cette	O
fourrure	O
envahissante	O
.	O
Un	O
véritable	O
étudiant	O
d'	O
Aix	B-Place
,	O
très	O
fort	O
à	O
le	O
billard	O
et	O
à	O
le	O
misti	O
,	O
sans	O
pareil	O
pour	O
boire	O
une	O
bouteille	O
de	O
champagne	O
à	O
la	O
régalade	O
,	O
pour	O
chasser	O
le	O
chat	O
à	O
les	O
flambeaux	O
jusqu'à	O
trois	O
heures	O
de	O
le	O
matin	O
dans	O
les	O
larges	O
rues	O
de	O
la	O
vieille	O
ville	O
aristocratique	O
et	O
parlementaire	O
,	O
mais	O
ne	O
s'	O
intéressant	O
à	O
rien	O
,	O
n'	O
ouvrant	O
jamais	O
un	O
journal	O
ni	O
un	O
livre	O
,	O
encrassé	O
de	O
cette	O
sottise	O
provinciale	O
qui	O
hausse	O
les	O
épaules	O
à	O
toute	O
chose	O
et	O
pare	O
son	O
ignorance	O
d'	O
un	O
renom	O
de	O
gros	O
bon	O
sens.	O
</p>	O
<p n='FR001970'>	O
Le	O
quartier	B-Fac
Latin	I-Fac
l'	O
émoustilla	O
un	O
peu	O
;	O
il	O
n'	O
y	O
avait	O
pourtant	O
pas	O
de	O
quoi	O
.	O
Comme	O
tous	O
ses	O
compatriotes	O
,	O
Numa	B-Pers
s'	O
installait	O
,	O
en	O
arrivant	O
,	O
à	O
le	O
café	B-Fac
Malmus	I-Fac
,	O
haute	O
et	O
tumultueuse	O
baraque	O
,	O
développant	O
ses	O
trois	O
étages	O
de	O
vitres	O
,	O
larges	O
comme	O
celles	O
d'	O
un	O
magasin	O
de	O
nouveautés	O
,	O
à	O
le	O
coin	O
de	O
la	O
rue	B-Fac
de	I-Fac
le	I-Fac
Four-Saint-Germain	I-Fac
,	O
qu'	O
elle	O
remplissait	O
de	O
le	O
fracas	O
de	O
ses	O
billards	O
et	O
des	O
vociférations	O
d'	O
une	O
clientèle	O
de	O
cannibales	O
.	O
Tout	O
le	O
Midi	B-Place
français	I-Place
s'	O
épanouissait	O
là	O
,	O
dans	O
ses	O
nuances	O
diverses	O
:	O
Midi	B-Place
gascon	I-Place
,	O
Midi	B-Place
provençal	I-Place
,	O
de	O
Bordeaux	B-Place
,	O
de	O
Toulouse	B-Place
,	O
de	O
Marseille	B-Place
,	O
Midi	B-Place
périgourdin	I-Place
,	O
auvergnat	B-Demo
,	O
ariégeois	B-Demo
,	O
ardéchois	B-Demo
,	O
pyrénéen	B-Demo
,	O
des	O
noms	O
en	O
as	O
,	O
en	O
us	O
,	O
en	O
ac	O
,	O
éclatants	O
,	O
ronflants	O
et	O
barbares	O
,	O
Etcheverry	B-Pers
,	O
Terminarias	B-Pers
,	O
Bentaboulech	B-Pers
,	O
Laboulbène	B-Pers
,	O
des	O
noms	O
qui	O
semblaient	O
jaillir	O
de	O
la	O
gueule	O
d'	O
une	O
escopette	O
ou	O
partaient	O
comme	O
un	O
coup	O
de	O
mine	O
,	O
dans	O
une	O
accentuation	O
féroce	O
.	O
Et	O
quels	O
éclats	O
de	O
voix	O
,	O
rien	O
que	O
pour	O
demander	O
une	O
demi-tasse	O
,	O
quel	O
fracas	O
de	O
gros	O
rires	O
pareils	O
à	O
l'	O
écroulement	O
d'	O
un	O
tombereau	O
de	O
pierres	O
,	O
quelles	O
barbes	O
gigantesques	O
,	O
trop	O
drues	O
,	O
trop	O
noires	O
,	O
à	O
reflets	O
bleus	O
,	O
des	O
barbes	O
qui	O
déconcertaient	O
le	O
rasoir	O
,	O
montaient	O
jusqu'aux	O
yeux	O
,	O
rejoignaient	O
les	O
sourcils	O
,	O
sortaient	O
en	O
frisons	O
de	O
bourre	O
de	O
le	O
nez	O
chevalin	O
large	O
ouvert	O
et	O
des	O
oreilles	O
,	O
mais	O
ne	O
parvenaient	O
pas	O
à	O
dissimuler	O
la	O
jeunesse	O
,	O
l'	O
innocence	O
des	O
bonnes	O
faces	O
naïves	O
blotties	O
sous	O
ces	O
végétations	O
.	O
</p>	O
<p n='FR001971'>	O
En	O
dehors	O
des	O
cours	O
qu'	O
ils	O
suivaient	O
assidûment	O
,	O
tous	O
ces	O
étudiants	O
passaient	O
leur	O
vie	O
chez	O
Malmus	B-Fac
,	O
se	O
groupant	O
par	O
provinces	O
,	O
par	O
clochers	O
,	O
autour	O
de	O
tables	O
désignées	O
de	O
longue	O
date	O
et	O
qui	O
devaient	O
garder	O
l'	O
accent	O
de	O
le	O
cru	O
dans	O
l'	O
écho	O
de	O
leur	O
marbre	O
,	O
comme	O
les	O
pupitres	O
gardent	O
les	O
signatures	O
à	O
le	O
couteau	O
des	O
collégiens	O
.	O
</p>	O
</sample>	O
<sample>	O
<p n='FR0019246'>	O
Devant	O
l'	O
incrédulité	O
de	O
cette	O
innocente	O
,	O
il	O
tâcha	O
de	O
lui	O
expliquer	O
ce	O
que	O
c'	O
était	O
que	O
les	O
caprices	O
de	O
Paris	B-Place
et	O
combien	O
il	O
les	O
payait	O
cher	O
.	O
Il	O
raconta	O
les	O
anciens	O
succès	O
de	O
le	O
père	B-Pers
Mathurin	I-Pers
,	O
le	O
joueur	O
de	O
biniou	O
,	O
dans	O
la	O
Closerie	B-Fac
des	I-Fac
genêts	I-Fac
.	O
Et	O
quelle	O
différence	O
entre	O
le	O
biniou	O
breton	O
,	O
grossier	O
,	O
criard	O
,	O
fait	O
pour	O
mener	O
des	O
rondes	O
d'	O
Esquimaux	B-Demo
à	O
le	O
bord	O
de	O
la	O
mer	B-Place
Sauvage	I-Place
,	O
et	O
le	O
tambourin	O
de	O
Provence	B-Place
,	O
si	O
svelte	O
,	O
si	O
élégant	O
!	O
C'	O
est-à-dire	O
que	O
toutes	O
les	O
Parisiennes	B-Demo
en	O
perdraient	O
la	O
tête	O
,	O
voudraient	O
danser	O
la	O
farandole	O
...	O
Hortense	B-Pers
se	O
montait	O
aussi	O
,	O
disait	O
son	O
mot	O
,	O
pendant	O
que	O
le	O
tambourinaire	O
souriait	O
vaguement	O
et	O
lissait	O
sa	O
moustache	O
brune	O
d'	O
un	O
geste	O
vainqueur	O
de	O
beau	O
Nicolas	B-Pers
.	O
</p>	O
<p n='FR0019247'>	O
--	O
Mais	O
enfin	O
,	O
qu'	O
est	O
-ce	O
que	O
vous	O
pensez	O
qu'	O
il	O
pourrait	O
gagner	O
tout	O
à	O
le	O
juste	O
avec	O
sa	O
musique	O
?	O
demanda	O
la	O
paysanne	B-Role
.	O
</p>	O
<p n='FR0019248'>	O
Roumestan	B-Pers
chercha	O
un	O
peu	O
...	O
Il	O
ne	O
pouvait	O
pas	O
dire	O
bien	O
exactement	O
...	O
Dans	O
les	O
cent	O
cinquante	O
à	O
deux	O
cents	O
francs	O
...	O
</p>	O
<p n='FR0019249'>	O
--	O
Par	O
mois	O
?	O
fit	O
le	O
père	B-Role
,	O
enthousiasmé	O
.	O
</p>	O
<p n='FR0019250'>	O
--	O
Hé	O
!	O
non	O
,	O
par	O
jour	O
...	O
</p>	O
<p n='FR0019251'>	O
Les	O
trois	O
paysans	B-Role
tressaillirent	O
,	O
puis	O
se	O
regardèrent	O
.	O
D'	O
un	O
autre	O
que	O
de	O
"	O
Moussu	B-Pers
Numa	I-Pers
"	O
,	O
député	O
,	O
membre	O
de	O
le	O
Conseil	B-Org
général	I-Org
,	O
ils	O
auraient	O
cru	O
à	O
une	O
farce	O
,	O
à	O
une	O
galéjade	O
,	O
allons	O
!	O
Mais	O
avec	O
celui-là	O
,	O
l'	O
affaire	O
devenait	O
sérieuse	O
...	O
Deux	O
cents	O
francs	O
par	O
jour	O
!	O
...	O
foutré	O
!	O
...	O
Le	O
musicien	B-Role
était	O
tout	O
prêt	O
,	O
lui	O
.	O
La	O
sœur	B-Role
,	O
plus	O
prudente	O
,	O
aurait	O
voulu	O
que	O
Roumestan	B-Pers
leur	O
signât	O
un	O
papier	O
;	O
et	O
,	O
posément	O
,	O
les	O
yeux	O
baissés	O
,	O
de	O
peur	O
que	O
leur	O
éclat	O
de	O
lucre	O
la	O
trahît	O
,	O
elle	O
discutait	O
d'	O
une	O
voix	O
hypocrite	O
.	O
C'	O
est	O
que	O
Valmajour	B-Pers
était	O
bien	O
nécessaire	O
à	O
la	O
maison	O
,	O
Pécaïré	O
.	O
Il	O
menait	O
le	O
bien	O
,	O
labourait	O
,	O
taillait	O
la	O
vigne	O
,	O
le	O
père	O
n'	O
ayant	O
plus	O
la	O
force	O
.	O
Comment	O
faire	O
s'	O
il	O
partait	O
?	O
...	O
Lui-même	O
,	O
tout	O
seul	O
à	O
Paris	B-Place
,	O
il	O
se	O
languirait	O
pour	O
sûr	O
.	O
Et	O
son	O
argent	O
,	O
ses	O
deux	O
cents	O
francs	O
par	O
jour	O
,	O
qu'	O
est	O
-ce	O
qu'	O
il	O
en	O
ferait	O
dans	O
cette	O
grande	O
villasse	O
?	O
...	O
Sa	O
voix	O
devenait	O
dure	O
en	O
parlant	O
de	O
cet	O
argent	O
dont	O
elle	O
n'	O
aurait	O
pas	O
la	O
garde	O
,	O
qu'	O
elle	O
ne	O
pourrait	O
pas	O
enfermer	O
à	O
le	O
plus	O
profond	O
de	O
ses	O
tiroirs	O
.	O
</p>	O
<p n='FR0019252'>	O
--	O
Eh	O
bien	O
!	O
alors	O
,	O
dit	O
Roumestan	B-Pers
,	O
venez	O
à	O
Paris	B-Place
avec	O
lui	O
.	O
</p>	O
<p n='FR0019253'>	O
--	O
Et	O
la	O
maison	O
?	O
</p>	O
<p n='FR0019254'>	O
--	O
Louez	O
-la	O
,	O
vendez	O
-la	O
...	O
Vous	O
en	O
rachèterez	O
une	O
plus	O
belle	O
en	O
revenant	O
.	O
</p>	O
<p n='FR0019255'>	O
Il	O
s'	O
arrêta	O
sur	O
un	O
regard	O
inquiet	O
d'	O
Hortense	B-Pers
,	O
et	O
,	O
comme	O
pris	O
d'	O
un	O
remords	O
de	O
troubler	O
le	O
repos	O
de	O
ces	O
braves	O
gens	O
:	O
"	O
Après	O
tout	O
,	O
il	O
n'	O
y	O
a	O
pas	O
que	O
l'	O
argent	O
dans	O
la	O
vie	O
...	O
Vous	O
êtes	O
heureux	O
comme	O
vous	O
êtes	O
...	O
"	O
</p>	O
<p n='FR0019256'>	O
Audiberte	B-Pers
l'	O
interrompit	O
vivement	O
:	O
"	O
Oh	O
!	O
heureux	O
...	O
L'	O
existence	O
est	O
bien	O
pénible	O
,	O
allez	O
!	O
ce	O
n'	O
est	O
plus	O
comme	O
dans	O
les	O
temps	O
.	O
"	O
Elle	O
recommençait	O
à	O
geindre	O
sur	O
les	O
vignes	O
,	O
la	O
garance	O
,	O
le	O
vermillon	O
,	O
les	O
vers	O
à	O
soie	O
,	O
toutes	O
les	O
richesses	O
de	O
le	O
pays	O
disparues	O
.	O
Il	O
fallait	O
trimer	O
à	O
le	O
soleil	O
,	O
travailler	O
comme	O
des	O
satyres	O
...	O
Ils	O
avaient	O
bien	O
dans	O
l'	O
avenir	O
l'	O
héritage	O
de	O
le	O
cousin	O
Puyfourcat	O
,	O
colon	B-Role
en	O
Algérie	B-Place
depuis	O
trente	O
ans	O
,	O
mais	O
c'	O
est	O
si	O
loin	O
cette	O
Algérie	B-Lieu
d'	O
Afrique	B-Place
...	O
Et	O
tout	O
à	O
coup	O
l'	O
astucieuse	O
petite	O
personne	O
,	O
pour	O
rallumer	O
Moussu	B-Pers
Numa	I-Pers
qu'	O
elle	O
se	O
reprochait	O
d'	O
avoir	O
un	O
peu	O
trop	O
refroidi	O
,	O
dit	O
à	O
son	O
frère	O
félinement	O
avec	O
son	O
intonation	O
câline	O
et	O
chantante	O
:	O
</p>	O
</sample>	O
</samples>	O
