Word	Tag
<?xml version='1.0' encoding='UTF-8'?>	O
<samples n='FR0043'>	O
<sample>	O
<p n='FR0043106'>	O
Tout	O
à	O
vous	O
,	O
</p>	O
<p n='FR0043107'>	O
PLUMKETT	B-Pers
.	O
</p>	O
<p n='FR0043108'>	O
Nuit	O
de	O
le	O
27	B-Temporal
juillet	I-Temporal
,	O
Salonique	B-Place
.	O
</p>	O
<p n='FR0043109'>	O
À	O
neuf	O
heures	O
,	O
les	O
uns	O
après	O
les	O
autres	O
,	O
les	O
officiers	B-Role
de	I-Role
le	I-Role
bord	I-Role
rentrent	O
dans	O
leurs	O
chambres	O
;	O
ils	O
se	O
retirent	O
tous	O
en	O
me	O
souhaitant	O
bonne	O
chance	O
et	O
bonne	O
nuit	O
:	O
mon	O
secret	O
est	O
devenu	O
celui	O
de	O
tout	O
le	O
monde	O
.	O
</p>	O
<p n='FR0043110'>	O
Et	O
je	O
regarde	O
avec	O
anxiété	O
le	O
ciel	O
de	O
le	O
côté	O
de	O
le	O
vieil	O
Olympe	B-Place
,	O
d'	O
où	O
partent	O
trop	O
souvent	O
ces	O
gros	O
nuages	O
cuivrés	O
,	O
indices	O
d'	O
orages	O
et	O
de	O
pluie	O
torrentielle	O
.	O
</p>	O
<p n='FR0043111'>	O
Ce	O
soir	O
,	O
de	O
ce	O
côté-là	O
,	O
tout	O
est	O
pur	O
,	O
et	O
la	O
montagne	O
mythologique	O
découpe	O
nettement	O
sa	O
cime	O
sur	O
le	O
ciel	O
profond	O
.	O
</p>	O
<p n='FR0043112'>	O
Je	O
descends	O
dans	O
ma	O
cabine	O
,	O
je	O
m'	O
habille	O
et	O
je	O
remonte	O
.	O
</p>	O
<p n='FR0043113'>	O
Alors	O
commence	O
l'	O
attente	O
anxieuse	O
de	O
chaque	O
soir	O
:	O
une	O
heure	O
,	O
deux	O
heures	O
se	O
passent	O
,	O
les	O
minutes	O
se	O
traînent	O
et	O
sont	O
longues	O
comme	O
des	O
nuits	O
.	O
</p>	O
<p n='FR0043114'>	O
À	O
onze	B-Temporal
heures	I-Temporal
,	O
un	O
léger	O
bruit	O
d'	O
avirons	O
sur	O
la	O
mer	O
calme	O
;	O
un	O
point	O
lointain	O
s'	O
approche	O
en	O
glissant	O
comme	O
une	O
ombre	O
.	O
C'	O
est	O
la	O
barque	O
de	O
Samuel	B-Pers
.	O
Les	O
factionnaires	O
le	O
couchent	O
en	O
joue	O
et	O
le	O
hèlent	O
.	O
Samuel	B-Pers
ne	O
répond	O
rien	O
,	O
et	O
cependant	O
les	O
fusils	O
s'	O
abaissent	O
;	O
--	O
les	O
factionnaires	O
ont	O
une	O
consigne	O
secrète	O
qui	O
concerne	O
lui	O
seul	O
,	O
et	O
le	O
voilà	O
le	O
long	O
de	O
le	O
bord	O
.	O
</p>	O
<p n='FR0043115'>	O
On	O
lui	O
remet	O
pour	O
moi	O
des	O
filets	O
,	O
et	O
différents	O
ustensiles	O
de	O
pêche	O
;	O
les	O
apparences	O
sont	O
sauvées	O
ainsi	O
,	O
et	O
je	O
saute	O
dans	O
la	O
barque	O
,	O
qui	O
s'	O
éloigne	O
;	O
j'	O
enlève	O
le	O
manteau	O
qui	O
couvrait	O
mon	O
costume	O
turc	O
et	O
la	O
transformation	O
est	O
faite	O
.	O
Ma	O
veste	O
dorée	O
brille	O
légèrement	O
dans	O
l'	O
obscurité	O
,	O
la	O
brise	O
est	O
molle	O
et	O
tiède	O
,	O
et	O
Samuel	B-Pers
rame	O
sans	O
bruit	O
dans	O
la	O
direction	O
de	O
la	O
terre	O
.	O
</p>	O
<p n='FR0043116'>	O
Une	O
petite	O
barque	O
est	O
là	O
qui	O
stationne	O
.	O
--	O
Elle	O
contient	O
une	O
vieille	O
négresse	O
hideuse	O
enveloppée	O
d'	O
un	O
drap	O
bleu	O
,	O
un	O
vieux	O
domestique	B-Role
albanais	B-Demo
armé	O
jusqu'aux	O
dents	O
,	O
à	O
le	O
costume	O
pittoresque	O
;	O
et	O
puis	O
une	O
femme	O
,	O
tellement	O
voilée	O
qu'	O
on	O
ne	O
voit	O
plus	O
rien	O
d'	O
elle-même	O
qu'	O
une	O
informe	O
masse	O
blanche	O
.	O
</p>	O
<p n='FR0043117'>	O
Samuel	B-Pers
reçoit	O
dans	O
sa	O
barque	O
les	O
deux	O
premiers	O
de	O
ces	O
personnages	O
,	O
et	O
s'	O
éloigne	O
sans	O
mot	O
dire	O
.	O
Je	O
suis	O
resté	O
seul	O
avec	O
la	O
femme	O
à	O
le	O
voile	O
,	O
aussi	O
muette	O
et	O
immobile	O
qu'	O
un	O
fantôme	O
blanc	O
;	O
j'	O
ai	O
pris	O
les	O
rames	O
,	O
et	O
,	O
en	O
sens	O
inverse	O
,	O
nous	O
nous	O
éloignons	O
aussi	O
dans	O
la	O
direction	O
de	O
le	O
large	O
.	O
--	O
Les	O
yeux	O
fixés	O
sur	O
elle	O
,	O
j'	O
attends	O
avec	O
anxiété	O
qu'	O
elle	O
fasse	O
un	O
mouvement	O
ou	O
un	O
signe	O
.	O
</p>	O
<p n='FR0043118'>	O
Quand	O
,	O
à	O
son	O
gré	O
,	O
nous	O
sommes	O
assez	O
loin	O
,	O
elle	O
me	O
tend	O
ses	O
bras	O
;	O
c'	O
est	O
le	O
signal	O
attendu	O
pour	O
venir	O
m'	O
asseoir	O
auprès	O
d'	O
elle	O
.	O
Je	O
tremble	O
en	O
la	O
touchant	O
,	O
ce	O
premier	O
contact	O
me	O
pénètre	O
d'	O
une	O
langueur	O
mortelle	O
,	O
son	O
voile	O
est	O
imprégné	O
des	O
parfums	O
de	O
l'	B-Place
Orient	I-Place
,	O
son	O
contact	O
est	O
ferme	O
et	O
froid	O
.	O
</p>	O
</sample>	O
<sample>	O
<p n='FR0043294'>	O
Eyoub	B-Place
est	O
un	O
pays	O
bien	O
funèbre	O
par	O
ces	O
nuits	O
de	O
novembre	O
;	O
j'	O
avais	O
le	O
cœur	O
serré	O
et	O
rempli	O
de	O
sentiments	O
étranges	O
,	O
les	O
premières	O
nuits	O
que	O
je	O
passai	O
dans	O
cet	O
isolement	O
.	O
</p>	O
<p n='FR0043295'>	O
Ma	O
porte	O
fermée	O
,	O
quand	O
l'	O
obscurité	O
eut	O
envahi	O
pour	O
la	O
première	O
fois	O
ma	O
maison	O
,	O
une	O
tristesse	O
profonde	O
s'	O
étendit	O
sur	O
moi	O
comme	O
un	O
suaire	O
.	O
</p>	O
<p n='FR0043296'>	O
J'	O
imaginai	O
de	O
sortir	O
,	O
j'	O
allumai	O
ma	O
lanterne	O
.	O
(	O
On	O
conduit	O
en	O
prison	O
,	O
à	O
Stamboul	B-Place
,	O
les	O
promeneurs	O
sans	O
fanal	O
.	O
)	O
</p>	O
<p n='FR0043297'>	O
Mais	O
,	O
passé	O
sept	O
heures	O
de	O
le	O
soir	O
,	O
tout	O
est	O
fermé	O
et	O
silencieux	O
dans	O
Eyoub	B-Place
;	O
les	B-Demo
Turcs	I-Demo
se	O
couchent	O
avec	O
le	O
soleil	O
et	O
tirent	O
les	O
verrous	O
sur	O
leurs	O
portes	O
.	O
</p>	O
<p n='FR0043298'>	O
De	O
loin	O
en	O
loin	O
,	O
si	O
une	O
lampe	O
dessine	O
sur	O
le	O
pavé	O
le	O
grillage	O
d'	O
une	O
fenêtre	O
,	O
ne	O
regardez	O
pas	O
par	O
cette	O
ouverture	O
;	O
cette	O
lampe	O
est	O
une	O
lampe	O
funéraire	O
qui	O
n'	O
éclaire	O
que	O
de	O
grands	O
catafalques	O
surmontés	O
de	O
turbans	O
.	O
On	O
vous	O
égorgerait	O
là	O
,	O
devant	O
cette	O
fenêtre	O
grillée	O
,	O
qu'	O
aucun	O
secours	O
humain	O
n'	O
en	O
saurait	O
sortir	O
.	O
Ces	O
lampes	O
qui	O
tremblent	O
jusqu'au	O
matin	O
sont	O
moins	O
rassurantes	O
que	O
l'	O
obscurité	O
.	O
</p>	O
<p n='FR0043299'>	O
À	O
tous	O
les	O
coins	O
de	O
rue	O
,	O
on	O
rencontre	O
à	O
Stamboul	B-Place
de	O
ces	O
habitations	O
de	O
cadavres	O
.	O
</p>	O
<p n='FR0043300'>	O
Et	O
là	O
,	O
tout	O
près	O
de	O
nous	O
,	O
où	O
finissent	O
les	O
rues	O
,	O
commencent	O
les	O
grands	O
cimetières	O
,	O
hantés	O
par	O
ces	O
bandes	O
de	O
malfaiteurs	O
qui	O
,	O
après	O
vous	O
avoir	O
dévalisé	O
,	O
vous	O
enterrent	O
sur	O
place	O
,	O
sans	O
que	O
la	O
police	B-Role
turque	B-Demo
vienne	O
jamais	O
s'	O
en	O
mêler	O
.	O
</p>	O
<p n='FR0043301'>	O
Un	O
veilleur	O
de	O
nuit	O
m'	O
engagea	O
à	O
rentrer	O
dans	O
ma	O
case	O
,	O
après	O
s'	O
être	O
informé	O
de	O
le	O
motif	O
de	O
ma	O
promenade	O
,	O
laquelle	O
lui	O
avait	O
semblé	O
tout	O
à	O
fait	O
inexplicable	O
et	O
même	O
un	O
peu	O
suspecte	O
.	O
</p>	O
<p n='FR0043302'>	O
Heureusement	O
il	O
y	O
a	O
de	O
fort	O
braves	O
gens	O
parmi	O
les	O
veilleurs	O
de	O
nuit	O
,	O
et	O
celui-là	O
en	O
particulier	O
,	O
qui	O
devait	O
voir	O
par	O
la	O
suite	O
des	O
allées	O
et	O
venues	O
mystérieuses	O
,	O
fut	O
toujours	O
d'	O
une	O
irréprochable	O
discrétion	O
.	O
</p>	O
<p n='FR0043303'>	O
"	O
On	O
peut	O
trouver	O
un	O
compagnon	O
,	O
mais	O
non	O
pas	O
un	O
ami	O
fidèle	O
.	O
"	O
</p>	O
<p n='FR0043304'>	O
"	O
Si	O
vous	O
traversiez	O
le	O
monde	O
entier	O
,	O
vous	O
ne	O
trouveriez	O
peut-être	O
pas	O
un	O
ami	O
...	O
"	O
</p>	O
<p n='FR0043305'>	O
(	O
Extrait	O
d'	O
une	O
vieille	O
poésie	O
orientale	O
.	O
)	O
</p>	O
<p n='FR0043306'>	O
LOTI	B-Pers
À	O
SA	O
SOEUR	O
,	O
A	O
BRIGHTBURY	B-Place
</p>	O
<p n='FR0043307'>	O
Eyoub	B-Place
...	O
,	O
1876	O
.	O
</p>	O
<p n='FR0043308'>	O
...	O
T'	O
ouvrir	O
mon	O
cœur	O
devient	O
de	O
plus	O
en	O
plus	O
difficile	O
,	O
parce	O
que	O
chaque	O
jour	O
ton	O
point	O
de	O
vue	O
et	O
le	O
mien	O
s'	O
éloignent	O
davantage	O
.	O
L'	O
idée	O
chrétienne	O
était	O
restée	O
longtemps	O
flottante	O
dans	O
mon	O
imagination	O
alors	O
même	O
que	O
je	O
ne	O
croyais	O
plus	O
;	O
elle	O
avait	O
un	O
charme	O
vague	O
et	O
consolant	O
.	O
Aujourd'hui	O
,	O
ce	O
prestige	O
est	O
absolument	O
tombé	O
;	O
je	O
ne	O
connais	O
rien	O
de	O
si	O
vain	O
,	O
de	O
si	O
mensonger	O
,	O
de	O
si	O
inadmissible	O
.	O
</p>	O
<p n='FR0043309'>	O
J'	O
ai	O
eu	O
de	O
terribles	O
moments	O
dans	O
ma	O
vie	O
,	O
j'	O
ai	O
cruellement	O
souffert	O
,	O
tu	O
le	O
sais	O
.	O
</p>	O
<p n='FR0043310'>	O
J'	O
avais	O
désiré	O
me	O
marier	O
,	O
je	O
te	O
l'	O
avais	O
dit	O
;	O
je	O
t'	O
avais	O
confié	O
le	O
soin	O
de	O
chercher	O
une	O
jeune	O
fille	O
qui	O
fût	O
digne	O
de	O
notre	O
toit	O
de	O
famille	O
et	O
de	O
notre	O
vieille	O
mère	O
.	O
Je	O
te	O
prie	O
de	O
n'	O
y	O
plus	O
songer	O
:	O
je	O
rendrais	O
malheureuse	O
la	O
femme	O
que	O
j'	O
épouserais	O
,	O
je	O
préfère	O
continuer	O
une	O
vie	O
de	O
plaisirs	O
...	O
</p>	O
</sample>	O
<sample>	O
<p n='FR0043607'>	O
En	O
effet	O
,	O
la	O
lune	O
,	O
tout	O
à	O
fait	O
rétablie	O
,	O
brillait	O
comme	O
une	O
splendide	O
lampe	O
bleue	O
dans	O
le	O
beau	O
ciel	O
d'	O
Orient	B-Place
.	O
</p>	O
<p n='FR0043608'>	O
XXVIII	O
</p>	O
<p n='FR0043609'>	O
"	O
Ma	O
mère	B-Pers
Béhidjé	I-Pers
"	O
est	O
une	O
très	O
extraordinaire	O
vieille	O
femme	O
,	O
octogénaire	O
et	O
infirme	O
,	O
--	O
fille	O
et	O
veuve	O
de	O
pacha	O
,	O
--	O
plus	O
musulmane	O
que	O
le	O
Koran	B-Work
,	O
et	O
plus	O
raide	O
que	O
la	B-Event
loi	I-Event
de	I-Event
le	I-Event
Chéri	I-Event
.	O
</p>	O
<p n='FR0043610'>	O
Feu	O
Chefket-Daoub-pacha	B-Pers
,	O
époux	O
de	O
Béhidjé-hanum	B-Pers
,	O
fut	O
un	O
des	O
favoris	O
de	O
le	O
sultan	B-Pers
Mahmoud	I-Pers
,	O
et	O
trempa	O
dans	O
le	O
massacre	O
des	O
janissaires	O
.	O
Béhidjé-hanum	B-Pers
,	O
admise	O
à	O
cette	O
époque	O
dans	O
son	O
conseil	O
,	O
l'	O
y	O
avait	O
poussé	O
de	O
tout	O
son	O
pouvoir	O
.	O
</p>	O
<p n='FR0043611'>	O
Dans	O
une	O
rue	O
verticale	O
de	O
le	O
quartier	B-Fac
turc	I-Fac
de	I-Fac
Djianghir	I-Fac
,	O
sur	O
les	B-Place
hauteurs	I-Place
de	I-Place
le	I-Place
Taxim	I-Place
,	O
habite	O
la	O
vieille	O
Béhidjé-hanum	B-Pers
.	O
Son	O
appartement	O
,	O
qui	O
déjà	O
surplombe	O
des	O
précipices	O
,	O
porte	O
deux	O
shaknisirs	O
en	O
saillie	O
,	O
soigneusement	O
grillés	O
de	O
lattes	O
de	O
frêne	O
.	O
</p>	O
<p n='FR0043612'>	O
De	O
là	O
,	O
on	O
domine	O
d'	O
aplomb	O
les	O
quartiers	O
de	O
Foundoucli	B-Fac
,	O
les	O
palais	O
de	O
Dolma-Bagtché	B-Fac
et	O
de	O
Tchéraghan	B-Fac
,	O
la	O
pointe	I-Place
de	I-Place
le	I-Place
Sérail	I-Place
,	O
le	O
Bosphore	B-Place
,	O
le	O
Deerhound	B-Place
,	O
pareil	O
à	O
une	O
coquille	O
de	O
noix	O
posée	O
sur	O
une	O
nappe	O
bleue	O
,	O
--	O
et	O
puis	O
Scutari	B-Place
et	O
toute	O
la	B-Place
côte	I-Place
d'	I-Place
Asie	I-Place
.	O
</p>	O
<p n='FR0043613'>	O
Béhidjé-hanum	B-Pers
passe	O
ses	O
journées	O
à	O
cet	O
observatoire	O
,	O
étendue	O
sur	O
un	O
fauteuil	O
,	O
et	O
Aziyadé	B-Pers
est	O
souvent	O
à	O
ses	O
pieds	O
,	O
--	O
Aziyadé	B-Pers
attentive	O
à	O
le	O
moindre	O
signe	O
de	O
sa	O
vieille	O
amie	O
,	O
et	O
dévorant	O
ses	O
paroles	O
comme	O
les	O
arrêts	O
divins	O
d'	O
un	O
oracle	O
.	O
</p>	O
<p n='FR0043614'>	O
C'	O
est	O
une	O
anomalie	O
que	O
l'	O
intimité	O
de	O
la	O
jeune	O
femme	O
obscure	O
et	O
de	O
la	O
vieille	O
cadine	O
,	O
rigide	O
et	O
fière	O
,	O
de	O
noble	O
souche	O
et	O
de	O
grande	O
maison	O
.	O
</p>	O
<p n='FR0043615'>	O
Béhidjé-hanum	B-Pers
ne	O
m'	O
est	O
connue	O
que	O
par	O
ouï-dire	O
:	O
les	O
infidèles	O
ne	O
sont	O
point	O
admis	O
dans	O
sa	O
demeure	O
.	O
</p>	O
<p n='FR0043616'>	O
Elle	O
est	O
belle	O
encore	O
,	O
affirme	O
Aziyadé	B-Pers
,	O
malgré	O
ses	O
quatre-vingts	O
ans	O
,	O
"	O
belle	O
comme	O
les	O
beaux	O
soirs	O
d'	O
hiver	O
"	O
</p>	O
<p n='FR0043617'>	O
Et	O
,	O
chaque	O
fois	O
qu'	O
Aziyadé	B-Pers
m'	O
exprime	O
quelque	O
idée	O
neuve	O
,	O
quelque	O
notion	O
nette	O
et	O
profonde	O
sur	O
des	O
choses	O
qu'	O
elle	O
semblerait	O
devoir	O
ignorer	O
absolument	O
,	O
et	O
que	O
je	O
lui	O
demande	O
:	O
"	O
Qui	O
t'	O
a	O
appris	O
cela	O
,	O
ma	O
chérie	O
?	O
"	O
--	O
Aziyadé	B-Pers
répond	O
:	O
"	O
C'	O
est	O
ma	O
mère	B-Pers
Béhidjé	I-Pers
.	O
"	O
</p>	O
<p n='FR0043618'>	O
"	O
Ma	O
mère	O
"	O
et	O
"	O
mon	O
père	O
"	O
sont	O
des	O
titres	O
de	O
respect	O
qu'	O
on	O
emploie	O
en	O
Turquie	B-Place
lorsqu'on	O
parle	O
de	O
personnes	O
âgées	O
,	O
même	O
lorsque	O
ces	O
personnes	O
vous	O
sont	O
indifférentes	O
ou	O
inconnues	O
.	O
</p>	O
<p n='FR0043619'>	O
Béhidjé-hanum	B-Pers
n'	O
est	O
point	O
une	O
mère	O
pour	O
Aziyadé	B-Pers
.	O
Tout	O
à	O
le	O
moins	O
est	O
-ce	O
une	O
mère	O
imprudente	O
,	O
qui	O
ne	O
craint	O
pas	O
d'	O
exalter	O
terriblement	O
la	O
jeune	O
imagination	O
de	O
son	O
enfant	O
.	O
</p>	O
<p n='FR0043620'>	O
Elle	O
l'	O
exalte	O
à	O
le	O
point	O
de	O
vue	O
religieux	O
d'	O
abord	O
,	O
tant	O
et	O
si	O
bien	O
,	O
que	O
la	O
pauvre	O
petite	O
abandonnée	O
verse	O
souvent	O
des	O
larmes	O
très	O
amères	O
sur	O
son	O
amour	O
pour	O
un	O
infidèle	O
.	O
</p>	O
<p n='FR0043621'>	O
Elle	O
l'	O
exalte	O
à	O
le	O
point	O
de	O
vue	O
romanesque	O
aussi	O
,	O
par	O
le	O
récit	O
de	O
longues	O
histoires	O
,	O
contées	O
avec	O
esprit	O
et	O
avec	O
feu	O
,	O
qui	O
me	O
sont	O
redites	O
la	O
nuit	O
,	O
par	O
les	O
lèvres	O
fraîches	O
de	O
ma	O
bien-aimée	O
.	O
</p>	O
</sample>	O
<sample>	O
<p n='FR0043157'>	O
2	O
</p>	O
<p n='FR0043158'>	O
SOLITUDE	O
</p>	O
<p n='FR0043159'>	O
Constantinople	B-Place
,	O
3	O
août	O
1876	O
.	O
</p>	O
<p n='FR0043160'>	O
Traversée	O
en	O
trois	O
jours	O
et	O
trois	O
étapes	O
:	O
Athos	B-Place
,	O
Dédéagatch	B-Place
,	O
les	B-Place
Dardanelles	I-Place
.	O
</p>	O
<p n='FR0043161'>	O
Nous	O
étions	O
une	O
bande	O
ainsi	O
composée	O
:	O
une	O
belle	O
dame	O
grecque	B-Role
,	O
deux	O
belles	O
dames	O
juives	O
,	O
un	O
Allemand	B-Demo
,	O
un	O
missionnaire	B-Role
américain	B-Demo
,	O
sa	O
femme	O
,	O
et	O
un	O
derviche	B-Other
.	O
Une	O
société	O
un	O
peu	O
drôle	O
!	O
mais	O
nous	O
avons	O
fait	O
bon	O
ménage	O
tout	O
de	O
même	O
,	O
et	O
beaucoup	O
de	O
musique	O
.	O
La	O
conversation	O
générale	O
avait	O
eu	O
lieu	O
en	O
latin	O
,	O
ou	O
en	O
grec	O
de	O
le	O
temps	O
d'	O
Homère	B-Pers
.	O
Il	O
y	O
avait	O
même	O
,	O
entre	O
le	O
missionnaire	B-Role
et	O
moi	O
,	O
des	O
apartés	O
en	O
langue	O
polynésienne	O
.	O
</p>	O
<p n='FR0043162'>	O
Depuis	O
trois	O
jours	O
,	O
j'	O
habite	O
,	O
à	O
les	O
frais	O
de	O
Sa	B-Role
Majesté	I-Role
Britannique	I-Role
,	O
un	O
hôtel	O
de	O
le	O
quartier	B-Place
de	I-Place
Péra	I-Place
.	O
Mes	O
voisins	O
sont	O
un	O
lord	B-Role
et	O
une	O
aimable	O
lady	B-Role
,	O
avec	O
laquelle	O
les	O
soirées	O
se	O
passent	O
à	O
le	O
piano	O
à	O
jouer	O
tout	O
Beethoven	B-Pers
.	O
</p>	O
<p n='FR0043163'>	O
J'	O
attends	O
sans	O
impatience	O
le	O
retour	O
de	O
mon	O
bateau	O
,	O
qui	O
se	O
promène	O
quelque	O
part	O
,	O
dans	O
la	B-Place
mer	I-Place
de	I-Place
Marmara	I-Place
.	O
</p>	O
<p n='FR0043164'>	O
Samuel	O
m'	O
a	O
suivi	O
comme	O
un	O
ami	O
fidèle	O
;	O
j'	O
en	O
ai	O
été	O
touché	O
.	O
Il	O
a	O
réussi	O
à	O
se	O
faufiler	O
,	O
lui	O
aussi	O
,	O
à	O
bord	O
d'	O
un	O
paquebot	O
des	O
Messageries	B-Org
,	O
et	O
m'	O
est	O
arrivé	O
ce	O
matin	O
;	O
je	O
l'	O
ai	O
embrassé	O
de	O
bon	O
cœur	O
,	O
heureux	O
de	O
revoir	O
sa	O
franche	O
et	O
honnête	O
figure	O
,	O
la	O
seule	O
qui	O
me	O
soit	O
sympathique	O
dans	O
cette	O
grande	O
ville	O
où	O
je	O
ne	O
connais	O
âme	O
qui	O
vive	O
.	O
</p>	O
<p n='FR0043165'>	O
--	O
Voilà	O
,	O
dit	O
-il	O
,	O
effendim	O
;	O
j'	O
ai	O
tout	O
laissé	O
,	O
mes	O
amis	O
,	O
mon	O
pays	O
,	O
ma	O
barque	O
,	O
--	O
et	O
je	O
t'	O
ai	O
suivi	O
.	O
</p>	O
<p n='FR0043166'>	O
J'	O
ai	O
éprouvé	O
déjà	O
que	O
,	O
chez	O
les	O
pauvres	O
gens	O
plus	O
qu'	O
ailleurs	O
,	O
on	O
trouve	O
de	O
ces	O
dévouements	O
absolus	O
et	O
spontanés	O
;	O
je	O
les	O
aime	O
mieux	O
que	O
les	O
gens	O
policés	O
,	O
décidément	O
:	O
ils	O
n'	O
en	O
ont	O
pas	O
l'	O
égoïsme	O
ni	O
les	O
mesquineries	O
.	O
</p>	O
<p n='FR0043167'>	O
Tous	O
les	O
verbes	O
de	O
Samuel	B-Pers
se	O
terminent	O
en	O
ate	O
;	O
tout	O
ce	O
qui	O
fait	O
de	O
le	O
bruit	O
se	O
dit	O
:	O
fate	O
boum	O
(	O
faire	O
boum	O
)	O
.	O
</p>	O
<p n='FR0043168'>	O
--	O
Si	O
Samuel	B-Pers
monte	O
à	O
cheval	O
,	O
dit	O
-il	O
,	O
Samuel	B-Pers
fate	O
boum	O
.	O
!	O
(	O
Lisez	O
:	O
"	O
Samuel	B-Pers
tombera	O
.	O
"	O
)	O
</p>	O
<p n='FR0043169'>	O
Ses	O
réflexions	O
sont	O
subites	O
et	O
incohérentes	O
comme	O
celles	O
des	O
petits	O
enfants	O
;	O
il	O
est	O
religieux	O
avec	O
naïveté	O
et	O
candeur	O
;	O
ses	O
superstitions	O
sont	O
originales	O
,	O
et	O
ses	O
observances	O
saugrenues	O
.	O
Il	O
n'	O
est	O
jamais	O
si	O
drôle	O
que	O
quand	O
il	O
veut	O
faire	O
l'	O
homme	O
sérieux	O
.	O
</p>	O
<p n='FR0043170'>	O
A	O
LOTI	B-Pers
,	O
DE	O
SA	O
SOEUR	O
</p>	O
<p n='FR0043171'>	O
Brightbury	B-Place
,	O
août	O
1876	O
.	O
</p>	O
<p n='FR0043172'>	O
Frère	O
aimé	O
,	O
</p>	O
<p n='FR0043173'>	O
Tu	O
cours	O
,	O
tu	O
vogues	O
,	O
tu	O
changes	O
,	O
tu	O
te	O
poses	O
...	O
te	O
voilà	O
parti	O
comme	O
un	O
petit	O
oiseau	O
sur	O
lequel	O
jamais	O
on	O
ne	O
peut	O
mettre	O
la	O
main	O
.	O
Pauvre	O
cher	O
petit	O
oiseau	O
,	O
capricieux	O
,	O
blasé	O
,	O
battu	O
des	O
vents	O
,	O
jouet	O
des	O
mirages	O
,	O
qui	O
n'	O
a	O
pas	O
vu	O
encore	O
où	O
il	O
fallait	O
qu'	O
il	O
reposât	O
sa	O
tête	O
fatiguée	O
,	O
son	O
aile	O
frémissante	O
.	O
</p>	O
</sample>	O
<sample>	O
<p n='FR004398'>	O
Et	O
les	O
protestations	O
de	O
dévouement	O
!	O
--	O
Oh	O
!	O
pour	O
le	O
coup	O
c'	O
est	O
là	O
que	O
la	O
vieille	O
rossinante	O
à	O
deux	O
becs	O
prenait	O
le	O
mors	O
à	O
les	O
dents	O
!	O
Vous	O
répondez	O
à	O
cet	O
article	O
de	O
ma	O
lettre	O
comme	O
eût	O
pu	O
le	O
faire	O
cet	O
écrivain	B-Role
de	O
le	O
XVIe	B-Temporal
siècle	I-Temporal
avant	O
notre	O
ère	O
qui	O
ayant	O
essayé	O
de	O
tout	O
,	O
d'	O
être	O
un	O
grand	O
roi	B-Role
,	O
un	O
grand	O
philosophe	B-Role
,	O
un	O
grand	O
architecte	B-Role
,	O
d'	O
avoir	O
six	O
cents	O
femmes	O
,	O
etc.	O
,	O
en	O
vint	O
à	O
s'	O
ennuyer	O
et	O
à	O
se	O
dégoûter	O
tellement	O
de	O
toutes	O
ces	O
choses	O
,	O
qu'	O
il	O
déclara	O
sur	O
ses	O
vieux	O
jours	O
,	O
toutes	O
réflexions	O
faites	O
,	O
que	O
tout	O
n'	O
était	O
que	O
vanité	O
.	O
</p>	O
<p n='FR004399'>	O
Ce	O
que	O
vous	O
me	O
répondiez	O
là	O
,	O
en	O
style	O
d'	O
Ecclésiaste	B-Work
,	O
je	O
le	O
savais	O
bien	O
;	O
je	O
suis	O
si	O
bien	O
de	O
votre	O
avis	O
sur	O
tout	O
et	O
même	O
sur	O
autre	O
chose	O
,	O
que	O
je	O
doute	O
fort	O
qu'	O
il	O
m'	O
arrive	O
jamais	O
de	O
discuter	O
avec	O
vous	O
autrement	O
que	O
comme	O
Pandore	B-Pers
avec	O
son	O
brigadier	O
.	O
Nous	O
n'	O
avons	O
absolument	O
rien	O
à	O
nous	O
apprendre	O
l'	O
un	O
à	O
l'	O
autre	O
,	O
pour	O
ce	O
qui	O
est	O
des	O
choses	O
de	O
l'	O
ordre	O
moral	O
.	O
</p>	O
<p n='FR0043100'>	O
--	O
Les	O
confidences	O
,	O
me	O
dites	O
-vous	O
,	O
sont	O
inutiles	O
.	O
</p>	O
<p n='FR0043101'>	O
Plus	O
que	O
jamais	O
,	O
je	O
m'	O
incline	O
:	O
j'	O
aime	O
à	O
avoir	O
des	O
vues	O
d'	O
ensemble	O
sur	O
les	O
personnes	O
et	O
les	O
choses	O
,	O
j'	O
aime	O
à	O
en	O
deviner	O
les	O
grands	O
traits	O
;	O
quant	O
à	O
les	O
détails	O
,	O
je	O
les	O
ai	O
toujours	O
eus	O
en	O
horreur	O
.	O
</p>	O
<p n='FR0043102'>	O
"	O
Affection	O
et	O
dévouement	O
illimités	O
!	O
"	O
Que	O
voulez	O
-vous	O
!	O
c'	O
était	O
un	O
de	O
ces	O
bons	O
mouvements	O
,	O
un	O
de	O
ces	O
heureux	O
éclairs	O
à	O
la	O
faveur	O
desquels	O
on	O
est	O
meilleur	O
que	O
soi-même	O
.	O
Croyez	O
bien	O
que	O
l'	O
on	O
est	O
sincère	O
à	O
le	O
moment	O
où	O
l'	O
on	O
écrit	O
ainsi	O
.	O
Si	O
ce	O
ne	O
sont	O
que	O
des	O
éclairs	O
,	O
à	O
qui	O
faut	O
-il	O
s'	O
en	O
prendre	O
?	O
...	O
Est	O
-ce	O
à	O
vous	O
et	O
à	O
moi	O
,	O
qui	O
ne	O
sommes	O
aucunement	O
responsables	O
de	O
la	O
profonde	O
imperfection	O
de	O
notre	O
nature	O
?	O
Est	O
-ce	O
à	O
celui	O
qui	O
ne	O
nous	O
a	O
créés	O
que	O
pour	O
nous	O
laisser	O
à	O
demi	O
ébauchés	O
,	O
susceptibles	O
des	O
aspirations	O
les	O
plus	O
élevées	O
;	O
mais	O
incapables	O
d'	O
actes	O
qui	O
soient	O
en	O
rapport	O
avec	O
nos	O
conceptions	O
?	O
N'	O
est	O
-ce	O
à	O
personne	O
de	O
le	O
tout	O
?	O
Dans	O
le	O
doute	O
où	O
nous	O
sommes	O
à	O
ce	O
sujet	O
,	O
je	O
crois	O
que	O
c'	O
est	O
ce	O
qu'	O
il	O
y	O
a	O
de	O
mieux	O
à	O
faire	O
.	O
</p>	O
<p n='FR0043103'>	O
Merci	O
pour	O
ce	O
que	O
vous	O
me	O
dites	O
de	O
la	O
fraîcheur	O
de	O
mes	O
sentiments	O
.	O
Pourtant	O
je	O
n'	O
en	O
crois	O
rien	O
.	O
Ils	O
ont	O
trop	O
servi	O
,	O
ou	O
plutôt	O
je	O
m'	O
en	O
suis	O
trop	O
servi	O
,	O
pour	O
qu'	O
ils	O
ne	O
soient	O
pas	O
un	O
peu	O
défraîchis	O
par	O
l'	O
usage	O
que	O
j'	O
en	O
ai	O
fait	O
.	O
Je	O
pourrais	O
dire	O
que	O
ce	O
sont	O
des	O
sentiments	O
d'	O
occasion	O
,	O
et	O
,	O
à	O
ce	O
propos	O
,	O
je	O
vous	O
rappellerai	O
que	O
souvent	O
on	O
trouve	O
de	O
très	O
bonnes	O
occasions	O
.	O
Je	O
vous	O
ferai	O
également	O
remarquer	O
qu'	O
il	O
est	O
des	O
choses	O
qui	O
gagnent	O
en	O
solidité	O
ce	O
que	O
l'	O
usure	O
peut	O
leur	O
avoir	O
enlevé	O
de	O
brillant	O
et	O
de	O
fraîcheur	O
;	O
comme	O
exemple	O
tiré	O
de	O
le	O
noble	O
métier	O
que	O
nous	O
exerçons	O
tous	O
deux	O
,	O
je	O
vous	O
citerai	O
le	O
vieux	O
filin	O
.	O
</p>	O
</sample>	O
</samples>	O
