Word	Tag
<?xml version='1.0' encoding='UTF-8'?>	O
<samples n='FR0041'>	O
<sample>	O
<p n='FR00413738'>	O
Quand	O
il	O
entra	O
dans	O
la	O
mairie	O
,	O
les	O
gardes	O
nationaux	O
bavardaient	O
intarissablement	O
sur	O
les	O
morts	O
de	O
Bréa	B-Pers
et	O
de	O
Négrier	B-Pers
,	O
de	O
le	O
représentant	B-Pers
Charbonnel	I-Pers
et	O
de	O
l'	O
archevêque	I-Role
de	O
Paris	B-Place
.	O
On	O
disait	O
que	O
le	O
duc	B-Role
d'	O
Aumale	B-Place
était	O
débarqué	O
à	O
Boulogne	B-Place
,	O
Barbès	B-Pers
enfui	O
de	O
Vincennes	B-Fac
,	O
que	O
l'	O
artillerie	O
arrivait	O
de	O
Bourges	B-Place
et	O
que	O
les	O
secours	O
de	O
la	O
province	O
affluaient	O
.	O
Vers	O
trois	O
heures	O
,	O
quelqu’un	O
apporta	O
de	O
bonnes	O
nouvelles	O
;	O
des	O
parlementaires	O
de	O
l'	O
émeute	O
étaient	O
chez	O
le	B-Pers
président	I-Pers
de	I-Pers
l'	I-Pers
Assemblée	I-Pers
.	O
</p>	O
<p n='FR00413739'>	O
Alors	O
,	O
on	O
se	O
réjouit	O
;	O
et	O
,	O
comme	O
il	O
avait	O
encore	O
douze	O
francs	O
,	O
Frédéric	B-Pers
fit	O
venir	O
douze	O
bouteilles	O
de	O
vin	O
,	O
espérant	O
par	O
là	O
hâter	O
sa	O
délivrance	O
.	O
Tout	O
à	O
coup	O
,	O
on	O
crut	O
entendre	O
une	O
fusillade	O
.	O
Les	O
libations	O
s'	O
arrêtèrent	O
;	O
on	O
regarda	O
l'	O
inconnu	O
avec	O
des	O
yeux	O
méfiants	O
;	O
ce	O
pouvait	O
être	O
Henri	B-Pers
VI	I-Pers
.	O
</p>	O
<p n='FR00413740'>	O
Pour	O
n'	O
avoir	O
aucune	O
responsabilité	O
,	O
ils	O
le	O
transportèrent	O
à	O
la	B-Fac
mairie	I-Fac
de	I-Fac
le	I-Fac
XIe	I-Fac
arrondissement	I-Fac
,	O
d'	O
où	O
on	O
ne	O
lui	O
permit	O
pas	O
de	O
sortir	O
avant	O
neuf	O
heures	O
de	O
le	O
matin	O
.	O
</p>	O
<p n='FR00413741'>	O
Il	O
alla	O
en	O
courant	O
jusqu’au	O
quai	B-Fac
Voltaire	I-Fac
.	O
A	O
une	O
fenêtre	O
ouverte	O
,	O
un	O
vieillard	O
en	O
manches	O
de	O
chemise	O
pleurait	O
,	O
les	O
yeux	O
levés	O
.	O
La	B-Place
Seine	I-Place
coulait	O
paisiblement	O
.	O
Le	O
ciel	O
était	O
tout	O
bleu	O
;	O
dans	O
les	O
arbres	O
des	O
Tuileries	B-Fac
,	O
des	O
oiseaux	O
chantaient	O
.	O
</p>	O
<p n='FR00413742'>	O
Frédéric	B-Pers
traversait	O
le	O
Carrousel	B-Fac
quand	O
une	O
civière	O
vint	O
à	O
passer	O
.	O
Le	O
poste	O
,	O
tout	O
de	O
suite	O
,	O
présenta	O
les	O
armes	O
,	O
et	O
l'	O
officier	O
dit	O
en	O
mettant	O
la	O
main	O
à	O
son	O
shako	O
:	O
"	O
Honneur	O
à	O
le	O
courage	O
malheureux	O
!	O
"	O
Cette	O
parole	O
était	O
devenue	O
presque	O
obligatoire	O
;	O
celui	O
qui	O
la	O
prononçait	O
paraissait	O
toujours	O
solennellement	O
ému	O
.	O
Un	O
groupe	O
de	O
gens	O
furieux	O
escortait	O
la	O
civière	O
,	O
en	O
criant	O
:	O
</p>	O
<p n='FR00413743'>	O
"	O
Nous	O
vous	O
vengerons	O
!	O
nous	O
vous	O
vengerons	O
!	O
"	O
</p>	O
<p n='FR00413744'>	O
Les	O
voitures	O
circulaient	O
sur	O
le	O
boulevard	O
,	O
et	O
des	O
femmes	O
devant	O
les	O
portes	O
faisaient	O
de	O
la	O
charpie	O
.	O
Cependant	O
,	O
l'	O
émeute	O
était	O
vaincue	O
,	O
ou	O
à	O
peu	O
près	O
;	O
une	O
proclamation	O
de	O
Cavaignac	B-Pers
,	O
affichée	O
tout	O
à	O
l'	O
heure	O
,	O
l'	O
annonçait	O
.	O
à	O
le	O
haut	O
de	O
la	B-Fac
rue	I-Fac
Vivienne	I-Fac
,	O
un	O
peloton	O
de	O
mobiles	O
parut	O
.	O
Alors	O
,	O
les	O
bourgeois	O
poussèrent	O
des	O
cris	O
d'	O
enthousiasme	O
;	O
ils	O
levaient	O
leurs	O
chapeaux	O
,	O
applaudissaient	O
,	O
dansaient	O
,	O
voulaient	O
les	O
embrasser	O
,	O
leur	O
offrir	O
à	O
boire	O
;	O
et	O
des	O
fleurs	O
jetées	O
par	O
des	O
dames	O
tombaient	O
des	O
balcons	O
.	O
</p>	O
<p n='FR00413745'>	O
Enfin	O
,	O
à	O
dix	O
heures	O
,	O
à	O
le	O
moment	O
où	O
le	O
canon	O
grondait	O
pour	O
prendre	O
le	B-Fac
faubourg	I-Fac
Saint-Antoine	I-Fac
,	O
Frédéric	B-Pers
arriva	O
chez	O
Dussardier	B-Pers
.	O
Il	O
le	O
trouva	O
dans	O
sa	O
mansarde	O
,	O
étendu	O
sur	O
le	O
dos	O
et	O
dormant	O
.	O
De	O
la	O
pièce	O
voisine	O
une	O
femme	O
sortit	O
à	O
pas	O
muets	O
,	O
Mlle	B-Pers
Vatnaz	I-Pers
.	O
</p>	O
<p n='FR00413746'>	O
Elle	O
emmena	O
Frédéric	B-Pers
à	O
l'	O
écart	O
,	O
et	O
lui	O
apprit	O
comment	O
Dussardier	B-Pers
avait	O
reçu	O
sa	O
blessure	O
.	O
</p>	O
<p n='FR00413747'>	O
Le	O
samedi	O
,	O
à	O
le	O
haut	O
d'	O
une	O
barricade	O
,	O
dans	O
la	B-Fac
rue	I-Fac
Lafayette	I-Fac
,	O
un	O
gamin	O
enveloppé	O
d'	O
un	O
drapeau	O
tricolore	O
criait	O
à	O
les	O
gardes	O
nationaux	O
:	O
"	O
Allez	O
-vous	O
tirer	O
contre	O
vos	O
frères	O
!	O
"	O
Comme	O
ils	O
s'	O
avançaient	O
,	O
Dussardier	B-Pers
avait	O
jeté	O
bas	O
son	O
fusil	O
,	O
écarté	O
les	O
autres	O
,	O
bondi	O
sur	O
la	O
barricade	O
,	O
et	O
,	O
d'	O
un	O
coup	O
de	O
savate	O
,	O
abattu	O
l'	O
insurgé	O
en	O
lui	O
arrachant	O
le	O
drapeau	O
.	O
On	O
l'	O
avait	O
retrouvé	O
sous	O
les	O
décombres	O
,	O
la	O
cuisse	O
percée	O
d'	O
un	O
lingot	O
de	O
cuivre	O
.	O
Il	O
avait	O
fallu	O
débrider	O
la	O
plaie	O
,	O
extraire	O
le	O
projectile	O
.	O
Mlle	B-Pers
Vatnaz	I-Pers
était	O
arrivée	O
le	O
soir	O
même	O
,	O
et	O
,	O
depuis	O
ce	O
temps-là	O
,	O
ne	O
le	O
quittait	O
plus	O
.	O
</p>	O
</sample>	O
<sample>	O
<p n='FR00413425'>	O
"	O
Je	O
crois	O
qu'	O
il	O
faudrait	O
donner	O
une	O
plus	O
large	O
extension	O
à	O
la	O
tête	O
de	O
veau	O
.	O
"	O
</p>	O
<p n='FR00413426'>	O
Tous	O
se	O
taisaient	O
,	O
croyant	O
avoir	O
mal	O
entendu	O
.	O
</p>	O
<p n='FR00413427'>	O
"	O
Oui	O
!	O
la	O
tête	O
de	O
veau	O
!	O
"	O
</p>	O
<p n='FR00413428'>	O
Trois	O
cents	O
rires	O
éclatèrent	O
d'	O
un	O
seul	O
coup	O
.	O
Le	O
plafond	O
trembla	O
.	O
Devant	O
toutes	O
ces	O
faces	O
bouleversées	O
par	O
la	O
joie	O
,	O
Compain	B-Pers
se	O
reculait	O
.	O
Il	O
reprit	O
d'	O
un	O
ton	O
furieux	O
:	O
</p>	O
<p n='FR00413429'>	O
"	O
Comment	O
!	O
vous	O
ne	O
connaissez	O
pas	O
la	O
tête	O
de	O
veau	O
"	O
</p>	O
<p n='FR00413430'>	O
Ce	O
fut	O
un	O
paroxysme	O
,	O
un	O
délire	O
.	O
On	O
se	O
pressait	O
les	O
côtes	O
.	O
Quelques-uns	O
même	O
tombaient	O
par	O
terre	O
,	O
sous	O
les	O
bancs	O
.	O
Compain	B-Pers
n'	O
y	O
tenant	O
plus	O
,	O
se	O
réfugia	O
près	O
de	O
Regimbart	B-Pers
et	O
il	O
voulait	O
l'	O
entraîner	O
.	O
</p>	O
<p n='FR00413431'>	O
"	O
Non	O
!	O
je	O
reste	O
jusqu’au	O
bout	O
!	O
"	O
dit	O
le	B-Pers
Citoyen	I-Pers
.	O
</p>	O
<p n='FR00413432'>	O
Cette	O
réponse	O
détermina	O
Frédéric	B-Pers
;	O
et	O
,	O
comme	O
il	O
cherchait	O
de	O
droite	O
et	O
de	O
gauche	O
ses	O
amis	O
pour	O
le	O
soutenir	O
,	O
il	O
aperçut	O
,	O
devant	O
lui	O
,	O
Pellerin	B-Pers
à	O
la	O
tribune	O
.	O
L'	O
artiste	B-Role
le	O
prit	O
de	O
haut	O
avec	O
la	O
foule	O
.	O
</p>	O
<p n='FR00413433'>	O
"	O
Je	O
voudrais	O
savoir	O
un	O
peu	O
où	O
est	O
le	O
candidat	O
de	O
l'	O
Art	O
dans	O
tout	O
cela	O
?	O
Moi	O
,	O
j'	O
ai	O
fait	O
un	O
tableau	O
...	O
"	O
</p>	O
<p n='FR00413434'>	O
"	O
Nous	O
n'	O
avons	O
que	O
faire	O
des	O
tableaux	O
!	O
"	O
dit	O
brutalement	O
un	O
homme	O
maigre	O
,	O
ayant	O
des	O
plaques	O
rouges	O
à	O
les	O
pommettes	O
.	O
</p>	O
<p n='FR00413435'>	O
Pellerin	B-Pers
se	O
récria	O
qu'	O
on	O
l'	O
interrompait	O
.	O
</p>	O
<p n='FR00413436'>	O
Mais	O
l'	O
autre	O
,	O
d'	O
un	O
ton	O
tragique	O
:	O
</p>	O
<p n='FR00413437'>	O
"	O
Est	O
-ce	O
que	O
le	B-Org
Gouvernement	I-Org
n'	O
aurait	O
pas	O
dû	O
déjà	O
abolir	O
,	O
par	O
un	O
décret	O
,	O
la	O
prostitution	O
et	O
la	O
misère	O
?	O
"	O
</p>	O
<p n='FR00413438'>	O
Et	O
,	O
cette	O
parole	O
lui	O
ayant	O
livré	O
tout	O
de	O
suite	O
la	O
faveur	O
de	O
le	O
peuple	O
,	O
il	O
tonna	O
contre	O
la	O
corruption	O
des	O
grandes	O
villes	O
.	O
</p>	O
<p n='FR00413439'>	O
"	O
Honte	O
et	O
infamie	O
!	O
On	O
devrait	O
happer	O
les	O
bourgeois	O
à	O
le	O
sortir	O
de	O
la	O
Maison	I-Org
d'	I-Org
or	I-Org
et	O
leur	O
cracher	O
à	O
la	O
figure	O
!	O
à	O
le	O
moins	O
,	O
si	O
le	B-Org
Gouvernement	I-Org
ne	O
favorisait	O
pas	O
la	O
débauche	O
!	O
Mais	O
les	O
employés	O
de	O
l'	O
octroi	O
sont	O
envers	O
nos	O
filles	O
et	O
nos	O
soeurs	O
d'	O
une	O
indécence	O
...	O
</p>	O
<p n='FR00413440'>	O
Une	O
voix	O
proféra	O
de	O
loin	O
:	O
</p>	O
<p n='FR00413441'>	O
"	O
C'	O
est	O
rigolo	O
!	O
"	O
</p>	O
<p n='FR00413442'>	O
"	O
A	O
la	O
porte	O
!	O
"	O
</p>	O
<p n='FR00413443'>	O
"	O
On	O
tire	O
de	O
nous	O
des	O
contributions	O
pour	O
solder	O
le	O
libertinage	O
!	O
Ainsi	O
,	O
les	O
forts	O
appointements	O
d'	O
acteur	O
...	O
"	O
</p>	O
<p n='FR00413444'>	O
"	O
A	O
moi	O
!	O
"	O
s'	O
écria	O
Delmar	B-Pers
.	O
</p>	O
<p n='FR00413445'>	O
Il	O
bondit	O
à	O
la	O
tribune	O
,	O
écarta	O
tout	O
le	O
monde	O
,	O
prit	O
sa	O
pose	O
;	O
et	O
,	O
déclarant	O
qu'	O
il	O
méprisait	O
d'	O
aussi	O
plates	O
accusations	O
,	O
s'	O
étendit	O
sur	O
la	O
mission	O
civilisatrice	O
de	O
le	O
comédien	B-Role
.	O
Puisque	O
le	O
théâtre	O
était	O
le	O
foyer	O
de	O
l'	O
instruction	O
nationale	O
,	O
il	O
votait	O
pour	O
la	O
réforme	O
de	O
le	O
théâtre	O
;	O
et	O
,	O
d'	O
abord	O
,	O
plus	O
de	O
directions	O
,	O
plus	O
de	O
privilèges	O
!	O
</p>	O
<p n='FR00413446'>	O
"	O
Oui	O
!	O
d'	O
aucune	O
sorte	O
!	O
"	O
</p>	O
<p n='FR00413447'>	O
Le	O
jeu	O
de	O
l'	O
acteur	B-Role
échauffait	O
la	O
multitude	O
,	O
et	O
des	O
motions	O
subversives	O
se	O
croisaient	O
.	O
</p>	O
</sample>	O
<sample>	O
<p n='FR00412110'>	O
Craignant	O
qu'	O
il	O
ne	O
fallût	O
borner	O
là	O
sa	O
visite	O
,	O
il	O
affecta	O
,	O
à	O
le	O
contraire	O
,	O
beaucoup	O
d'	O
enthousiasme	O
.	O
Il	O
regrettait	O
même	O
de	O
ne	O
s'	O
être	O
pas	O
voué	O
à	O
cette	O
industrie	O
.	O
</p>	O
<p n='FR00412111'>	O
Elle	O
parut	O
surprise	O
.	O
</p>	O
<p n='FR00412112'>	O
"	O
Certainement	O
!	O
j'	O
aurais	O
pu	O
vivre	O
près	O
de	O
vous	O
"	O
Et	O
,	O
comme	O
il	O
cherchait	O
son	O
regard	O
,	O
Mme	B-Pers
Arnoux	I-Pers
,	O
afin	O
de	O
l'	O
éviter	O
,	O
prit	O
sur	O
une	O
console	O
des	O
boulettes	O
de	O
pâte	O
,	O
provenant	O
des	O
rajustages	O
manqués	O
,	O
les	O
aplatit	O
en	O
une	O
galette	O
,	O
et	O
imprima	O
dessus	O
sa	O
main	O
.	O
</p>	O
<p n='FR00412113'>	O
"	O
Puis	O
-je	O
emporter	O
cela	O
?	O
"	O
dit	O
Frédéric	B-Pers
.	O
</p>	O
<p n='FR00412114'>	O
"	O
Etes	O
-vous	O
assez	O
enfant	O
,	O
mon	O
Dieu	O
"	O
Il	O
allait	O
répondre	O
,	O
Sénécal	B-Pers
entra	O
.	O
</p>	O
<p n='FR00412115'>	O
M.	B-Pers
le	I-Pers
sous-directeur	I-Pers
,	O
dès	O
le	O
seuil	O
,	O
s'	O
aperçut	O
d'	O
une	O
infraction	O
à	O
le	O
règlement	O
.	O
Les	O
ateliers	O
devaient	O
être	O
balayés	O
toutes	O
les	O
semaines	O
;	O
on	O
était	O
à	O
le	O
samedi	O
,	O
et	O
,	O
comme	O
les	O
ouvriers	B-Role
n'	O
en	O
avaient	O
rien	O
fait	O
,	O
Sénécal	B-Pers
leur	O
déclara	O
qu'	O
ils	O
auraient	O
à	O
rester	O
une	O
heure	O
de	O
plus	O
.	O
"	O
Tant	O
pis	O
pour	O
vous	O
!	O
"	O
</p>	O
<p n='FR00412116'>	O
Ils	O
se	O
penchèrent	O
sur	O
leurs	O
pièces	O
,	O
sans	O
murmurer	O
;	O
mais	O
on	O
devinait	O
leur	O
colère	O
à	O
le	O
souffle	O
rauque	O
de	O
leur	O
poitrine	O
.	O
Ils	O
étaient	O
,	O
d'	O
ailleurs	O
,	O
peu	O
faciles	O
à	O
conduire	O
,	O
tous	O
ayant	O
été	O
chassés	O
de	O
la	O
grande	O
fabrique	O
.	O
Le	O
républicain	O
les	O
gouvernait	O
durement	O
.	O
Homme	O
de	O
théories	O
,	O
il	O
ne	O
considérait	O
que	O
les	O
masses	O
et	O
se	O
montrait	O
impitoyable	O
pour	O
les	O
individus	O
.	O
</p>	O
<p n='FR00412117'>	O
Frédéric	B-Pers
,	O
gêné	O
par	O
sa	O
présence	O
,	O
demanda	O
bas	O
à	O
Mme	B-Pers
Arnoux	I-Pers
s'	O
il	O
n'	O
y	O
avait	O
pas	O
moyen	O
de	O
voir	O
les	O
fours	O
.	O
lis	O
descendirent	O
à	O
le	O
rez-de-chaussée	O
;	O
et	O
elle	O
était	O
en	O
train	O
d'	O
expliquer	O
l'	O
usage	O
des	O
cassettes	O
,	O
quand	O
Sénécal	B-Pers
,	I-Pers
qui	O
les	O
avait	O
suivis	O
,	O
s'	O
interposa	O
entre	O
eux	O
.	O
</p>	O
<p n='FR00412118'>	O
Il	O
continua	O
de	O
lui-même	O
la	O
démonstration	O
,	O
s'	O
étendit	O
sur	O
les	O
différentes	O
sortes	O
de	O
combustibles	O
,	O
l'	O
enfournement	O
,	O
les	O
pyroscopes	O
,	O
les	O
alandiers	O
,	O
les	O
engobes	O
,	O
les	O
lustres	O
et	O
les	O
métaux	O
,	O
prodiguant	O
les	O
termes	O
de	O
chimie	O
,	O
chlorure	O
,	O
sulfure	O
,	O
borax	O
,	O
carbonate	O
.	O
Frédéric	B-Pers
n'	O
y	O
comprenait	O
rien	O
,	O
et	O
à	O
chaque	O
minute	O
se	O
retournait	O
vers	O
Mme	B-Pers
Arnoux	I-Pers
.	O
</p>	O
<p n='FR00412119'>	O
"	O
Vous	O
n'	O
écoutez	O
pas	O
"	O
,	O
dit	O
-elle	O
.	O
"	O
M.	B-Pers
Sénécal	I-Pers
pourtant	O
est	O
très	O
clair	O
.	O
Il	O
sait	O
toutes	O
ces	O
choses	O
beaucoup	O
mieux	O
que	O
moi	O
.	O
"	O
</p>	O
<p n='FR00412120'>	O
Le	O
mathématicien	B-Role
flatté	O
de	O
cet	O
éloge	O
,	O
proposa	O
de	O
faire	O
voir	O
le	O
posage	O
des	O
couleurs	O
.	O
Frédéric	B-Pers
interrogea	O
d'	O
un	O
regard	O
anxieux	O
Mme	B-Pers
Arnoux	I-Pers
.	O
Elle	O
demeura	O
impassible	O
,	O
ne	O
voulant	O
sans	O
doute	O
ni	O
être	O
seule	O
avec	O
lui	O
,	O
ni	O
le	O
quitter	O
cependant	O
.	O
il	O
lui	O
offrit	O
son	O
bras	O
.	O
</p>	O
<p n='FR00412121'>	O
"	O
Non	O
!	O
merci	O
bien	O
!	O
l'	O
escalier	O
est	O
trop	O
étroit	O
"	O
</p>	O
<p n='FR00412122'>	O
Et	O
,	O
quand	O
ils	O
furent	O
en	O
haut	O
,	O
Sénécal	B-Pers
ouvrit	O
la	O
porte	O
d'	O
un	O
appartement	O
rempli	O
de	O
femmes	O
.	O
</p>	O
<p n='FR00412123'>	O
Elles	O
maniaient	O
des	O
pinceaux	O
,	O
des	O
fioles	O
,	O
des	O
coquilles	O
,	O
des	O
plaques	O
de	O
verre	O
.	O
Le	O
long	O
de	O
la	O
corniche	O
,	O
contre	O
le	O
mur	O
,	O
s'	O
alignaient	O
des	O
planches	O
gravées	O
;	O
des	O
bribes	O
de	O
papier	O
fin	O
voltigeaient	O
;	O
et	O
un	O
poêle	O
de	O
fonte	O
exhalait	O
une	O
température	O
écoeurante	O
,	O
où	O
se	O
mêlait	O
l'	O
odeur	O
de	O
la	O
térébenthine	O
.	O
</p>	O
</sample>	O
<sample>	O
<p n='FR0041985'>	O
--	O
Ah	O
!	O
tout	O
à	O
l'	O
heure	O
?	O
...	O
tout	O
à	O
fait	O
?	O
...	O
nous	O
ne	O
nous	O
reverrons	O
plus	O
?	O
"	O
</p>	O
<p n='FR0041986'>	O
Des	O
sanglots	O
l'	O
étouffaient	O
.	O
</p>	O
<p n='FR0041987'>	O
"	O
Adieu	O
!	O
adieu	O
!	O
embrasse	O
-moi	O
donc	O
!	O
"	O
</p>	O
<p n='FR0041988'>	O
Et	O
elle	O
le	O
serra	O
dans	O
ses	O
bras	O
avec	O
emportement	O
.	O
</p>	O
<p n='FR0041989'>	O
Partie	O
2	O
</p>	O
<p n='FR0041990'>	O
Quand	O
il	O
fut	O
à	O
sa	O
place	O
,	O
dans	O
le	O
coupé	O
,	O
à	O
le	O
fond	O
,	O
et	O
que	O
la	O
diligence	O
s'	O
ébranla	O
,	O
emportée	O
par	O
les	O
cinq	O
chevaux	O
détalant	O
à	O
la	O
fois	O
,	O
il	O
sentit	O
une	O
ivresse	O
le	O
submerger	O
.	O
Comme	O
un	O
architecte	B-Role
qui	O
fait	O
le	O
plan	O
d'	O
un	O
palais	O
,	O
il	O
arrangea	O
,	O
d'	O
avance	O
,	O
sa	O
vie	O
.	O
Il	O
l'	O
emplit	O
de	O
délicatesses	O
et	O
de	O
splendeurs	O
;	O
elle	O
montait	O
jusqu’au	O
ciel	O
;	O
une	O
prodigalité	O
de	O
choses	O
y	O
apparaissait	O
;	O
et	O
cette	O
contemplation	O
était	O
si	O
profonde	O
,	O
que	O
les	O
objets	O
extérieurs	O
avaient	O
disparu	O
.	O
</p>	O
<p n='FR0041991'>	O
à	O
le	O
bas	O
de	O
la	B-Place
côte	I-Place
de	I-Place
Sourdun	I-Place
,	O
il	O
s'	O
aperçut	O
de	O
l'	O
endroit	O
où	O
l'	O
on	O
était	O
.	O
On	O
n'	O
avait	O
fait	O
que	O
cinq	O
kilomètres	O
,	O
tout	O
à	O
le	O
plus	O
!	O
Il	O
fut	O
indigné	O
.	O
Il	O
abattit	O
le	O
vasistas	O
pour	O
voir	O
la	O
route	O
.	O
Il	O
demanda	O
plusieurs	O
fois	O
à	O
le	O
conducteur	B-Role
dans	O
combien	O
de	O
temps	O
,	O
à	O
le	O
juste	O
,	O
on	O
arriverait	O
.	O
Il	O
se	O
calma	O
cependant	O
,	O
et	O
il	O
restait	O
dans	O
son	O
coin	O
,	O
les	O
yeux	O
ouverts	O
.	O
</p>	O
<p n='FR0041992'>	O
La	O
lanterne	O
,	O
suspendue	O
à	O
le	O
siège	O
de	O
le	O
postillon	O
,	O
éclairait	O
les	O
croupes	O
des	O
limoniers	O
.	O
Il	O
n'	O
apercevait	O
au-delà	O
que	O
les	O
crinières	O
des	O
autres	O
chevaux	O
qui	O
ondulaient	O
comme	O
des	O
vagues	O
blanches	O
;	O
leurs	O
haleines	O
formaient	O
un	O
brouillard	O
de	O
chaque	O
côté	O
de	O
l'	O
attelage	O
;	O
les	O
chaînettes	O
de	O
fer	O
sonnaient	O
,	O
les	O
glaces	O
tremblaient	O
dans	O
leur	O
châssis	O
;	O
et	O
la	O
lourde	O
voiture	O
,	O
d'	O
un	O
train	O
égal	O
,	O
roulait	O
sur	O
le	O
pavé	O
.	O
Çà	O
et	O
là	O
,	O
on	O
distinguait	O
le	O
mur	O
d'	O
une	O
grange	O
,	O
ou	O
bien	O
une	O
auberge	O
,	O
toute	O
seule	O
.	O
Parfois	O
en	O
passant	O
dans	O
les	O
villages	O
,	O
le	O
four	O
d'	O
un	O
boulanger	O
projetait	O
des	O
lueurs	O
d'	O
incendie	O
,	O
et	O
la	O
silhouette	O
monstrueuse	O
des	O
chevaux	O
courait	O
sur	O
l'	O
autre	O
maison	O
en	O
face	O
.	O
à	O
les	O
relais	O
,	O
quand	O
on	O
avait	O
dételé	O
,	O
il	O
se	O
faisait	O
un	O
grand	O
silence	O
,	O
pendant	O
une	O
minute	O
.	O
Quelqu’un	O
piétinait	O
en	O
haut	O
,	O
sous	O
la	O
bâche	O
,	O
tandis	O
qu'	O
à	O
le	O
seuil	O
d'	O
une	O
porte	O
,	O
une	O
femme	O
,	O
debout	O
,	O
abritait	O
sa	O
chandelle	O
avec	O
sa	O
main	O
.	O
Puis	O
,	O
le	O
conducteur	O
sautant	O
sur	O
le	O
marchepied	O
,	O
la	O
diligence	O
repartait	O
.	O
</p>	O
<p n='FR0041993'>	O
A	O
Mormans	B-Place
,	O
on	O
entendit	O
sonner	O
une	O
heure	O
et	O
un	O
quart	O
.	O
"	O
C'	O
est	O
donc	O
aujourd’hui	O
"	O
,	O
pensa	O
-t-il	O
,	O
"	O
aujourd’hui	O
même	O
,	O
tantôt	O
!	O
"	O
</p>	O
<p n='FR0041994'>	O
Mais	O
,	O
peu	O
à	O
peu	O
ses	O
espérances	O
et	O
ses	O
souvenirs	O
,	O
Nogent	B-Place
,	O
la	B-Fac
rue	I-Fac
de	I-Fac
Choiseul	I-Fac
,	O
Mme	B-Pers
Arnoux	I-Pers
,	O
sa	O
mère	O
,	O
tout	O
se	O
confondait	O
.	O
</p>	O
<p n='FR0041995'>	O
Un	O
bruit	O
sourd	O
de	O
planches	O
le	O
réveilla	O
,	O
on	O
traversait	O
le	B-Fac
pont	I-Fac
de	I-Fac
Charenton	I-Fac
,	O
c'	O
était	O
Paris	B-Pers
.	O
Alors	O
,	O
ses	O
deux	O
compagnons	O
,	O
Otant	O
l'	O
un	O
sa	O
casquette	O
,	O
l'	O
autre	O
son	O
foulard	O
,	O
se	O
couvrirent	O
de	O
leur	O
chapeau	O
et	O
causèrent	O
.	O
Le	O
premier	O
,	O
un	O
gros	O
homme	O
rouge	O
,	O
en	O
redingote	O
de	O
velours	O
,	O
était	O
un	O
négociant	B-Role
;	O
le	O
second	O
venait	O
dans	O
la	B-Place
Capitale	I-Place
pour	O
consulter	O
un	O
médecin	B-Role
;	O
--	O
et	O
,	O
craignant	O
de	O
l'	O
avoir	O
incommodé	O
pendant	O
la	O
nuit	O
,	O
Frédéric	B-Pers
lui	O
fit	O
spontanément	O
des	O
excuses	O
,	O
tant	O
il	O
avait	O
l'	O
âme	O
attendrie	O
par	O
le	O
bonheur	O
.	O
</p>	O
</sample>	O
<sample>	O
<p n='FR00413179'>	O
"	O
Mon	O
vieux	O
,	O
</p>	O
<p n='FR00413180'>	O
"	O
La	O
poire	O
est	O
mûre	O
.	O
Selon	O
ta	O
promesse	O
,	O
nous	O
comptons	O
sur	O
toi	O
.	O
On	O
se	O
réunit	O
demain	O
à	O
le	O
petit	O
jour	O
,	O
place	B-Fac
de	I-Fac
le	I-Fac
Panthéon	I-Fac
.	O
Entre	O
à	O
le	O
café	B-Fac
Soufflot	I-Fac
.	O
Il	O
faut	O
que	O
je	O
te	O
parle	O
avant	O
la	O
manifestation	O
.	O
"	O
</p>	O
<p n='FR00413181'>	O
"	O
Oh	O
!	O
je	O
les	O
connais	O
,	O
leurs	O
manifestations	O
.	O
Mille	O
grâces	O
!	O
j'	O
ai	O
un	O
rendez	O
-vous	O
plus	O
agréable	O
.	O
"	O
</p>	O
<p n='FR00413182'>	O
Et	O
,	O
le	O
lendemain	O
,	O
dès	O
onze	O
heures	O
,	O
Frédéric	B-Pers
était	O
sorti	O
.	O
Il	O
voulait	O
donner	O
un	O
dernier	O
coup	O
d'	O
oeil	O
à	O
les	O
préparatifs	O
;	O
puis	O
,	O
qui	O
sait	O
,	O
elle	O
pouvait	O
,	O
par	O
un	O
hasard	O
quelconque	O
,	O
être	O
en	O
avance	O
?	O
En	O
débouchant	O
de	O
la	B-Fac
rue	I-Fac
Tronchet	I-Fac
,	O
il	O
entendit	O
derrière	O
la	B-Fac
Madeleine	I-Fac
une	O
grande	O
clameur	O
;	O
il	O
s'	O
avança	O
;	O
et	O
il	O
aperçut	O
à	O
le	O
fond	O
de	O
la	O
place	O
,	O
à	O
gauche	O
,	O
des	O
gens	O
en	O
blouse	O
et	O
des	O
bourgeois	O
.	O
</p>	O
<p n='FR00413183'>	O
En	O
effet	O
,	O
un	O
manifeste	O
publié	O
dans	O
les	O
journaux	O
avait	O
convoqué	O
à	O
cet	O
endroit	O
tous	O
les	O
souscripteurs	O
de	O
le	O
banquet	O
réformiste	O
.	O
Le	B-Org
Ministère	I-Org
,	O
presque	O
immédiatement	O
,	O
avait	O
affiché	O
une	O
proclamation	O
l'	O
interdisant	O
.	O
La	O
veille	O
à	O
le	O
soir	O
,	O
l'	O
opposition	O
parlementaire	O
y	O
avait	O
renoncé	O
;	O
mais	O
les	O
patriotes	O
,	O
qui	O
ignoraient	O
cette	O
résolution	O
des	O
chefs	O
,	O
étaient	O
venus	O
à	O
le	O
rendez	O
-vous	O
,	O
suivis	O
par	O
un	O
grand	O
nombre	O
de	O
curieux	O
.	O
Une	O
députation	O
des	O
écoles	O
s'	O
était	O
portée	O
tout	O
à	O
l'	O
heure	O
chez	O
Odilon	B-Pers
Barrot	I-Pers
.	O
Elle	O
était	O
maintenant	O
à	O
les	O
Affaires-Etrangères	B-Org
;	O
et	O
on	O
ne	O
savait	O
pas	O
si	O
le	O
banquet	O
aurait	O
lieu	O
,	O
si	O
le	B-Org
Gouvernement	I-Org
exécuterait	O
sa	O
menace	O
,	O
si	O
les	O
gardes	O
nationaux	O
se	O
présenteraient	O
.	O
On	O
en	O
voulait	O
à	O
les	O
Députés	B-Role
comme	O
à	O
le	O
Pouvoir	B-Org
.	O
La	O
foule	O
augmentait	O
de	O
plus	O
en	O
plus	O
,	O
quand	O
tout	O
à	O
coup	O
vibra	O
dans	O
les	O
airs	O
le	O
refrain	O
de	O
la	B-Work
Marseillaise	I-Work
.	O
</p>	O
<p n='FR00413184'>	O
C'	O
était	O
la	O
colonne	O
des	O
étudiants	O
qui	O
arrivait	O
.	O
lis	O
marchaient	O
à	O
le	O
pas	O
,	O
sur	O
deux	O
files	O
,	O
en	O
bon	O
ordre	O
,	O
l'	O
aspect	O
irrité	O
,	O
les	O
mains	O
nues	O
,	O
et	O
tous	O
criant	O
par	O
intervalles	O
"	O
Vive	O
la	B-Event
Réforme	I-Event
!	O
à	O
bas	O
Guizot	B-Pers
!	O
"	O
</p>	O
<p n='FR00413185'>	O
Les	O
amis	O
de	O
Frédéric	B-Pers
étaient	O
là	O
,	O
bien	O
sûr	O
.	O
Ils	O
allaient	O
l'	O
apercevoir	O
et	O
l'	O
entraîner	O
.	O
Il	O
se	O
réfugia	O
vivement	O
dans	O
la	B-Fac
rue	I-Fac
de	I-Fac
l'	I-Fac
Arcade	I-Fac
.	O
</p>	O
<p n='FR00413186'>	O
Quand	O
les	O
étudiants	O
eurent	O
fait	O
deux	O
fois	O
le	O
tour	O
de	O
la	B-Fac
Madeleine	I-Fac
,	O
ils	O
descendirent	O
vers	O
la	B-Fac
place	I-Fac
de	I-Fac
la	I-Fac
Concorde	I-Fac
.	O
Elle	O
était	O
remplie	O
de	O
monde	O
;	O
et	O
la	O
foule	O
tassée	O
semblait	O
,	O
de	O
loin	O
,	O
un	O
champ	O
d'	O
épis	O
noirs	O
qui	O
oscillaient	O
.	O
</p>	O
<p n='FR00413187'>	O
à	O
le	O
même	O
moment	O
,	O
des	O
soldats	B-Role
de	O
la	O
ligne	O
se	O
rangèrent	O
en	O
bataille	O
,	O
à	O
gauche	O
de	O
l'	O
église	O
.	O
</p>	O
<p n='FR00413188'>	O
Les	O
groupes	O
stationnaient	O
,	O
cependant	O
.	O
Pour	O
en	O
finir	O
,	O
des	O
agents	B-Role
de	I-Role
police	I-Role
en	O
bourgeois	O
saisissaient	O
les	O
plus	O
mutins	O
et	O
les	O
emmenaient	O
à	O
le	O
poste	O
,	O
brutalement	O
.	O
Frédéric	B-Pers
,	O
malgré	O
son	O
indignation	O
,	O
resta	O
muet	O
;	O
on	O
aurait	O
pu	O
le	O
prendre	O
avec	O
les	O
autres	O
,	O
et	O
il	O
aurait	O
manqué	O
Mme	B-Pers
Arnoux	I-Pers
.	O
</p>	O
</sample>	O
</samples>	O
