Word	Tag
<?xml version='1.0' encoding='UTF-8'?>	O
<samples n='FR0087'>	O
<sample>	O
<p n='FR00871963'>	O
--	O
Eh	O
bien	O
,	O
Tom	B-Pers
,	O
pas	O
un	O
mot	O
de	O
tout	O
cela	O
,	O
ni	O
à	O
mistress	B-Pers
Weldon	I-Pers
,	O
ni	O
à	O
vos	O
compagnons	O
.	O
Il	O
faut	O
que	O
nous	O
soyons	O
seuls	O
à	O
savoir	O
,	O
seuls	O
à	O
craindre	O
!	O
...	O
</p>	O
<p n='FR00871964'>	O
--	O
Seuls	O
...	O
en	O
effet	O
...	O
Il	O
le	O
faut	O
!	O
...	O
répondit	O
Tom	B-Pers
.	O
</p>	O
<p n='FR00871965'>	O
--	O
Tom	B-Pers
,	O
reprit	O
le	O
novice	O
,	O
nous	O
avons	O
à	O
veiller	O
plus	O
sévèrement	O
que	O
jamais	O
.	O
Nous	O
sommes	O
en	O
pays	O
ennemi	O
,	O
et	O
quels	O
ennemis	O
!	O
quel	O
pays	O
!	O
Il	O
suffira	O
de	O
dire	O
à	O
nos	O
compagnons	O
que	O
nous	O
avons	O
été	O
trahis	O
par	O
Harris	B-Pers
,	O
pour	O
qu'	O
ils	O
se	O
tiennent	O
sur	O
leurs	O
gardes	O
.	O
Ils	O
penseront	O
que	O
nous	O
avons	O
à	O
redouter	O
quelque	O
attaque	O
d'	O
Indiens	B-Demo
nomades	O
,	O
et	O
cela	O
suffira	O
.	O
</p>	O
<p n='FR00871966'>	O
--	O
Vous	O
pouvez	O
absolument	O
compter	O
sur	O
leur	O
courage	O
et	O
leur	O
dévouement	O
,	O
monsieur	B-Pers
Dick	I-Pers
.	O
</p>	O
<p n='FR00871967'>	O
--	O
Je	O
le	O
sais	O
,	O
comme	O
je	O
compte	O
sur	O
votre	O
bon	O
sens	O
et	O
votre	O
expérience	O
.	O
Vous	O
me	O
viendrez	O
en	O
aide	O
,	O
mon	O
vieux	O
Tom	B-Pers
?	O
</p>	O
<p n='FR00871968'>	O
--	O
En	O
tout	O
et	O
partout	O
,	O
monsieur	B-Pers
Dick	I-Pers
.	O
"	O
</p>	O
<p n='FR00871969'>	O
Le	O
parti	O
de	O
Dick	B-Pers
Sand	I-Pers
était	O
arrêté	O
et	O
fut	O
approuvé	O
de	O
le	O
vieux	O
noir	O
.	O
Si	O
Harris	B-Pers
s'	O
était	O
vu	O
prendre	O
en	O
flagrante	O
trahison	O
,	O
avant	O
l'	O
heure	O
d'	O
agir	O
,	O
de	O
le	O
moins	O
le	O
jeune	O
novice	O
et	O
ses	O
compagnons	O
n'	O
étaient	O
-ils	O
pas	O
sous	O
le	O
coup	O
d'	O
un	O
danger	O
immédiat	O
.	O
En	O
effet	O
,	O
c'	O
était	O
la	O
rencontre	O
des	O
fers	O
abandonnés	O
par	O
quelques	O
esclaves	O
,	O
c'	O
était	O
le	O
rugissement	O
inattendu	O
de	O
le	O
lion	O
,	O
qui	O
avaient	O
provoqué	O
la	O
disparition	O
soudaine	O
de	O
l'	B-Demo
Américain	I-Demo
.	O
Il	O
s'	O
était	O
senti	O
découvert	O
,	O
et	O
il	O
avait	O
fui	O
,	O
probablement	O
avant	O
que	O
la	O
petite	O
troupe	O
qu'	O
il	O
guidait	O
n'	O
eût	O
atteint	O
l'	O
endroit	O
où	O
elle	O
devait	O
être	O
attaquée	O
.	O
Quant	O
à	O
Negoro	B-Pers
,	O
dont	O
Dingo	B-Pers
avait	O
certainement	O
reconnu	O
la	O
présence	O
pendant	O
ces	O
derniers	O
jours	O
de	O
marche	O
,	O
il	O
devait	O
avoir	O
rejoint	O
Harris	B-Pers
,	O
afin	O
de	O
se	O
concerter	O
avec	O
lui	O
.	O
En	O
tout	O
cas	O
,	O
quelques	O
heures	O
s'	O
écouleraient	O
sans	O
doute	O
avant	O
que	O
Dick	B-Pers
Sand	I-Pers
et	O
les	O
siens	O
ne	O
fussent	O
assaillis	O
,	O
et	O
il	O
fallait	O
en	O
profiter	O
.	O
</p>	O
<p n='FR00871970'>	O
L'	O
unique	O
plan	O
était	O
de	O
regagner	O
la	O
côte	O
à	O
le	O
plus	O
vite	O
.	O
Cette	O
côte	O
,	O
le	O
jeune	O
novice	O
avait	O
toutes	O
raisons	O
de	O
le	O
penser	O
,	O
devait	O
être	O
celle	O
de	O
l'	B-Place
Angola	I-Place
.	O
Après	O
l'	O
avoir	O
atteinte	O
,	O
Dick	B-Pers
Sand	I-Pers
chercherait	O
à	O
gagner	O
,	O
soit	O
à	O
le	O
nord	O
,	O
soit	O
à	O
le	O
sud	O
,	O
les	O
établissements	O
portugais	O
,	O
où	O
ses	O
compagnons	O
pourraient	O
attendre	O
en	O
sûreté	O
quelque	O
mode	O
de	O
rapatriement	O
.	O
</p>	O
<p n='FR00871971'>	O
Mais	O
,	O
pour	O
effectuer	O
ce	O
retour	O
à	O
le	O
littoral	O
,	O
fallait	O
-il	O
reprendre	O
le	O
chemin	O
déjà	O
parcouru	O
?	O
Dick	B-Pers
Sand	I-Pers
ne	O
le	O
pensait	O
pas	O
,	O
et	O
,	O
en	O
cela	O
,	O
il	O
allait	O
se	O
rencontrer	O
avec	O
Harris	B-Pers
,	O
qui	O
avait	O
clairement	O
entrevu	O
que	O
les	O
circonstances	O
obligeraient	O
le	O
jeune	O
novice	O
à	O
couper	O
à	O
le	O
plus	O
court	O
.	O
</p>	O
<p n='FR00871972'>	O
En	O
effet	O
,	O
il	O
eût	O
été	O
malaisé	O
,	O
pour	O
ne	O
pas	O
dire	O
imprudent	O
,	O
de	O
recommencer	O
ce	O
difficile	O
cheminement	O
à	O
travers	O
la	O
forêt	O
,	O
qui	O
n'	O
aboutirait	O
,	O
d'	O
ailleurs	O
,	O
qu'	O
à	O
se	O
retrouver	O
à	O
le	O
point	O
de	O
départ	O
.	O
C'	O
était	O
aussi	O
permettre	O
à	O
les	O
complices	O
de	O
Negoro	B-Pers
de	O
suivre	O
une	O
piste	O
assurée	O
.	O
Le	O
moyen	O
de	O
passer	O
sans	O
laisser	O
de	O
traces	O
,	O
une	O
rivière	O
dont	O
on	O
redescendrait	O
plus	O
tard	O
le	O
cours	O
,	O
l'	O
offrait	O
seul	O
.	O
En	O
même	O
temps	O
,	O
on	O
avait	O
moins	O
à	O
redouter	O
les	O
attaques	O
des	O
fauves	O
,	O
qui	O
,	O
par	O
une	O
heureuse	O
chance	O
,	O
s'	O
étaient	O
tenus	O
jusqu'ici	O
à	O
bonne	O
distance	O
.	O
Une	O
agression	O
même	O
des	O
indigènes	B-Demo
,	O
dans	O
ces	O
circonstances	O
,	O
présentait	O
aussi	O
moins	O
de	O
gravité	O
.	O
Dick	B-Pers
Sand	I-Pers
et	O
ses	O
compagnons	O
,	O
une	O
fois	O
embarqués	O
sur	O
un	O
solide	O
radeau	O
,	O
bien	O
armés	O
,	O
se	O
trouveraient	O
dans	O
de	O
meilleures	O
conditions	O
pour	O
se	O
défendre	O
.	O
Le	O
tout	O
était	O
de	O
trouver	O
le	O
cours	O
d'	O
eau	O
.	O
</p>	O
</sample>	O
<sample>	O
<p n='FR00872855'>	O
à	O
le	O
surplus	O
,	O
Negoro	B-Pers
,	O
avant	O
de	O
partir	O
,	O
avait	O
fait	O
à	O
Alvez	B-Pers
les	O
plus	O
pressantes	O
recommandations	O
à	O
le	O
sujet	O
de	O
Mrs.	B-Pers
Weldon	I-Pers
.	O
Il	O
importait	O
de	O
la	O
surveiller	O
rigoureusement	O
.	O
On	O
ne	O
savait	O
ce	O
qu'	O
était	O
devenu	O
Hercule	B-Pers
.	O
S'	O
il	O
n'	O
avait	O
pas	O
péri	O
dans	O
cette	O
redoutable	O
province	O
de	O
Kazonndé	B-Place
,	O
peut-être	O
tenterait	O
-il	O
de	O
se	O
rapprocher	O
de	O
la	O
prisonnière	O
et	O
de	O
l'	O
arracher	O
à	O
les	O
mains	O
d'	O
Alvez	B-Pers
.	O
Le	O
traitant	O
avait	O
parfaitement	O
compris	O
une	O
situation	O
qui	O
se	O
chiffrait	O
par	O
un	O
bon	O
nombre	O
de	O
dollars	O
.	O
Il	O
répondait	O
de	O
Mrs.	B-Pers
Weldon	I-Pers
comme	O
de	O
sa	O
propre	O
caisse	O
.	O
</p>	O
<p n='FR00872856'>	O
La	O
vie	O
monotone	O
de	O
la	O
prisonnière	O
,	O
pendant	O
les	O
premiers	O
jours	O
de	O
son	O
arrivée	O
à	O
la	O
factorerie	O
,	O
se	O
continua	O
donc	O
.	O
Ce	O
qui	O
se	O
passait	O
dans	O
cette	O
enceinte	O
reproduisait	O
très	O
exactement	O
les	O
divers	O
actes	O
de	O
l'	O
existence	O
indigène	O
à	O
le	O
dehors	O
.	O
Alvez	B-Pers
ne	O
suivait	O
pas	O
d'	O
autres	O
usages	O
que	O
ceux	O
des	O
natifs	O
de	O
Kazonndé	B-Place
.	O
Les	O
femmes	O
de	O
l'	O
établissement	O
travaillaient	O
comme	O
elles	O
l'	O
eussent	O
fait	O
dans	O
la	O
ville	O
pour	O
le	O
plus	O
grand	O
agrément	O
de	O
leurs	O
époux	O
ou	O
de	O
leurs	O
maîtres	O
.	O
Le	O
riz	O
à	O
préparer	O
à	O
grands	O
coups	O
de	O
pilons	O
dans	O
des	O
mortiers	O
de	O
bois	O
jusqu'à	O
parfaite	O
décortication	O
;	O
le	O
mondage	O
et	O
le	O
vannage	O
de	O
le	O
maïs	O
,	O
et	O
toutes	O
les	O
manipulations	O
nécessaires	O
à	O
en	O
retirer	O
une	O
substance	O
granuleuse	O
qui	O
sert	O
à	O
composer	O
ce	O
potage	O
nommé	O
"	O
mtyellé	O
"	O
dans	O
le	O
pays	O
;	O
la	O
récolte	O
de	O
le	O
sorgho	O
,	O
espèce	O
de	O
grand	O
millet	O
,	O
dont	O
la	O
déclaration	O
de	O
maturité	O
venait	O
d'	O
être	O
solennellement	O
faite	O
à	O
cette	O
époque	O
;	O
l'	O
extraction	O
de	O
cette	O
huile	O
odorante	O
des	O
drupes	O
de	O
le	O
"	O
mpafou	O
"	O
,	O
sortes	O
d'	O
olives	O
dont	O
l'	O
essence	O
forme	O
un	O
parfum	O
recherché	O
des	O
indigènes	B-Demo
;	O
le	O
filage	O
de	O
le	O
coton	O
,	O
dont	O
les	O
fibres	O
sont	O
tordues	O
à	O
le	O
moyen	O
d'	O
un	O
fuseau	O
long	O
d'	O
un	O
pied	O
et	O
demi	O
auquel	O
les	O
fileuses	O
impriment	O
un	O
rapide	O
mouvement	O
de	O
rotation	O
;	O
la	O
fabrication	O
à	O
le	O
maillet	O
d'	O
étoffes	O
d'	O
écorce	O
;	O
l'	O
extraction	O
des	O
racines	O
de	O
manioc	O
,	O
et	O
la	O
préparation	O
de	O
la	O
terre	O
pour	O
les	O
divers	O
produits	O
de	O
la	O
contrée	O
:	O
cassave	O
,	O
farine	O
que	O
l'	O
on	O
retire	O
de	O
le	O
manioc	O
,	O
fèves	O
dont	O
les	O
gousses	O
,	O
longues	O
de	O
quinze	O
pouces	O
,	O
nommées	O
"	O
mositsanés	O
"	O
,	O
viennent	O
sur	O
des	O
arbres	O
hauts	O
de	O
vingt	O
pieds	O
,	O
arachides	O
destinées	O
à	O
faire	O
de	O
l'	O
huile	O
,	O
pois	O
vivaces	O
d'	O
un	O
bleu	O
clair	O
,	O
connus	O
sous	O
le	O
nom	O
de	O
"	O
tchilobés	O
"	O
,	O
dont	O
les	O
fleurs	O
relèvent	O
le	O
goût	O
un	O
peu	O
fade	O
de	O
la	O
bouillie	O
de	O
sorgho	O
,	O
café	O
indigène	O
,	O
cannes	O
à	O
sucre	O
,	O
dont	O
le	O
jus	O
se	O
réduit	O
en	O
sirop	O
,	O
oignons	O
,	O
goyaves	O
,	O
sésame	O
,	O
concombres	O
,	O
dont	O
les	O
graines	O
se	O
font	O
griller	O
comme	O
des	O
châtaignes	O
;	O
préparation	O
des	O
boissons	O
fermentées	O
,	O
le	O
"	O
malofou	O
"	O
,	O
fait	O
avec	O
des	O
bananes	O
,	O
le	O
"	O
pombé	O
"	O
et	O
autres	O
liqueurs	O
;	O
soins	O
des	O
animaux	O
domestiques	O
,	O
de	O
ces	O
vaches	O
qui	O
ne	O
se	O
laissent	O
traire	O
qu'	O
en	O
présence	O
de	O
leur	O
petit	O
ou	O
d'	O
un	O
veau	O
empaillé	O
,	O
de	O
ces	O
génisses	O
de	O
petite	O
race	O
,	O
à	O
courtes	O
cornes	O
,	O
dont	O
quelques-unes	O
ont	O
une	O
bosse	O
,	O
de	O
ces	O
chèvres	O
qui	O
,	O
dans	O
la	O
contrée	O
où	O
leur	O
chair	O
sert	O
à	O
l'	O
alimentation	O
,	O
sont	O
un	O
important	O
objet	O
d'	O
échange	O
,	O
on	O
pourrait	O
dire	O
une	O
monnaie	O
courante	O
comme	O
l'	O
esclave	O
;	O
enfin	O
entretien	O
des	O
volailles	O
,	O
porcs	O
,	O
moutons	O
,	O
bœufs	O
,	O
etc.	O
;	O
--	O
cette	O
longue	O
énumération	O
montre	O
quels	O
rudes	O
labeurs	O
incombent	O
à	O
le	O
sexe	O
faible	O
dans	O
ces	O
régions	O
sauvages	O
de	O
le	O
continent	O
africain	O
.	O
</p>	O
</sample>	O
<sample>	O
<p n='FR00871121'>	O
--	O
Ils	O
sont	O
à	O
craindre	O
,	O
en	O
effet	O
,	O
répondit	O
le	O
novice	O
,	O
mais	O
j'	O
espère	O
toujours	O
rencontrer	O
quelque	O
bâtiment	O
sur	O
ces	O
parages	O
,	O
et	O
je	O
suis	O
même	O
très	O
surpris	O
de	O
n'	O
en	O
pas	O
voir	O
.	O
N'	O
en	O
passât	O
-il	O
qu'	O
un	O
seul	O
,	O
nous	O
entrerions	O
en	O
communication	O
avec	O
lui	O
,	O
il	O
nous	O
donnerait	O
notre	O
situation	O
exacte	O
,	O
et	O
cela	O
faciliterait	O
beaucoup	O
notre	O
arrivée	O
en	O
vue	O
de	O
terre	O
.	O
</p>	O
<p n='FR00871122'>	O
--	O
N'	O
y	O
a	O
-t-il	O
donc	O
pas	O
de	O
pilotes	B-Role
qui	O
fassent	O
le	O
service	O
de	O
cette	O
côte	O
?	O
demanda	O
Mrs.	B-Pers
Weldon	I-Pers
.	O
</p>	O
<p n='FR00871123'>	O
--	O
Il	O
doit	O
s'	O
en	O
trouver	O
,	O
répondit	O
Dick	B-Pers
Sand	I-Pers
,	O
mais	O
beaucoup	O
plus	O
près	O
de	O
terre	O
.	O
Il	O
faut	O
donc	O
que	O
nous	O
continuions	O
à	O
l'	O
approcher	O
.	O
</p>	O
<p n='FR00871124'>	O
--	O
Et	O
si	O
nous	O
ne	O
rencontrons	O
pas	O
de	O
pilote	O
?	O
...	O
demanda	O
Mrs.	B-Pers
Weldon	I-Pers
,	O
qui	O
insista	O
pour	O
savoir	O
comment	O
le	O
jeune	O
novice	O
parerait	O
à	O
toutes	O
les	O
éventualités	O
.	O
</p>	O
<p n='FR00871125'>	O
--	O
Dans	O
ce	O
cas	O
,	O
mistress	B-Pers
Weldon	I-Pers
,	O
ou	O
le	O
temps	O
sera	O
resté	O
clair	O
,	O
le	O
vent	O
maniable	O
,	O
et	O
je	O
tâcherai	O
de	O
remonter	O
la	O
côte	O
d'	O
assez	O
près	O
pour	O
y	O
trouver	O
un	O
refuge	O
,	O
ou	O
le	O
vent	O
fraîchira	O
,	O
et	O
alors	O
...	O
</p>	O
<p n='FR00871126'>	O
--	O
Alors	O
?	O
...	O
Que	O
feras	O
-tu	O
,	O
Dick	B-Pers
?	O
</p>	O
<p n='FR00871127'>	O
--	O
Alors	O
,	O
dans	O
les	O
conditions	O
où	O
se	O
trouve	O
le	B-Fac
Pilgrim	I-Fac
,	O
répondit	O
Dick	B-Pers
Sand	I-Pers
,	O
une	O
fois	O
affalé	O
sous	O
la	O
terre	O
,	O
il	O
sera	O
bien	O
difficile	O
de	O
l'	O
en	O
relever	O
!	O
</p>	O
<p n='FR00871128'>	O
--	O
Que	O
feras	O
-tu	O
?	O
répéta	O
Mrs.	B-Pers
Weldon	I-Pers
.	O
</p>	O
<p n='FR00871129'>	O
--	O
Je	O
serai	O
forcé	O
de	O
mettre	O
mon	O
navire	O
à	O
la	O
côte	O
,	O
répondit	O
le	O
novice	O
,	O
dont	O
le	O
front	O
s'	O
obscurcit	O
un	O
instant	O
.	O
Ah	O
!	O
c'	O
est	O
une	O
dure	O
extrémité	O
,	O
et	O
Dieu	B-Pers
veuille	O
que	O
nous	O
n'	O
en	O
soyons	O
pas	O
réduits	O
là	O
!	O
Mais	O
,	O
je	O
vous	O
le	O
répète	O
,	O
mistress	B-Pers
Weldon	I-Pers
,	O
l'	O
apparence	O
de	O
le	O
ciel	O
est	O
rassurante	O
,	O
et	O
il	O
n'	O
est	O
pas	O
possible	O
qu'	O
un	O
bâtiment	O
ou	O
un	O
bateau-pilote	O
ne	O
nous	O
rencontrent	O
pas	O
!	O
Donc	O
,	O
bon	O
espoir	O
!	O
Nous	O
avons	O
le	O
cap	O
sur	O
la	O
terre	O
,	O
et	O
nous	O
la	O
verrons	O
avant	O
peu	O
!	O
"	O
</p>	O
<p n='FR00871130'>	O
Oui	O
,	O
mettre	O
son	O
navire	O
à	O
la	O
côte	O
,	O
c'	O
est	O
là	O
une	O
dernière	O
extrémité	O
,	O
à	O
laquelle	O
le	O
plus	O
énergique	O
marin	O
ne	O
se	O
résout	O
pas	O
sans	O
épouvante	O
!	O
Aussi	O
,	O
Dick	B-Pers
Sand	I-Pers
ne	O
voulait	O
pas	O
la	O
prévoir	O
,	O
tant	O
qu'	O
il	O
avait	O
pour	O
lui	O
quelques	O
chances	O
d'	O
y	O
échapper	O
.	O
</p>	O
<p n='FR00871131'>	O
Pendant	O
quelques	O
jours	O
,	O
il	O
y	O
eut	O
dans	O
l'	O
état	O
de	O
l'	O
atmosphère	O
des	O
alternatives	O
qui	O
rendirent	O
,	O
de	O
nouveau	O
,	O
le	O
novice	O
très	O
inquiet	O
.	O
Le	O
vent	O
se	O
maintenait	O
toujours	O
à	O
l'	O
état	O
de	O
grande	O
brise	O
,	O
et	O
certaines	O
oscillations	O
de	O
la	O
colonne	O
barométrique	O
indiquaient	O
qu'	O
il	O
tendait	O
à	O
fraîchir	O
.	O
Dick	B-Pers
Sand	I-Pers
se	O
demandait	O
donc	O
,	O
non	O
sans	O
appréhension	O
,	O
s'	O
il	O
ne	O
serait	O
pas	O
encore	O
forcé	O
de	O
fuir	O
à	O
sec	O
de	O
toile	O
.	O
Il	O
avait	O
si	O
grand	O
intérêt	O
,	O
cependant	O
,	O
à	O
conserver	O
à	O
le	O
moins	O
son	O
hunier	O
,	O
qu'	O
il	O
résolut	O
de	O
le	O
garder	O
,	O
tant	O
qu'	O
il	O
ne	O
risquerait	O
pas	O
d'	O
être	O
emporté	O
.	O
Mais	O
,	O
pour	O
assurer	O
la	O
solidité	O
des	O
mâts	O
,	O
il	O
fit	O
raidir	O
les	O
haubans	O
et	O
galhaubans	O
.	O
Avant	O
tout	O
,	O
il	O
ne	O
fallait	O
pas	O
compromettre	O
la	O
situation	O
,	O
qui	O
serait	O
devenue	O
des	O
plus	O
graves	O
,	O
si	O
le	B-Fac
Pilgrim	I-Fac
eût	O
été	O
désemparé	O
de	O
sa	O
mâture	O
.	O
</p>	O
</sample>	O
<sample>	O
<p n='FR00871610'>	O
--	O
Des	O
autruches	O
!	O
répétèrent	O
Dick	B-Pers
Sand	I-Pers
et	O
Mrs.	B-Pers
Weldon	I-Pers
en	O
se	O
regardant	O
,	O
très	O
surpris	O
.	O
</p>	O
<p n='FR00871611'>	O
--	O
Oui	O
!	O
de	O
simples	O
autruches	O
,	O
répéta	O
Harris	B-Pers
.	O
</p>	O
<p n='FR00871612'>	O
--	O
Mais	O
les	O
autruches	O
sont	O
des	O
oiseaux	O
,	O
reprit	O
Dick	B-Pers
Sand	I-Pers
,	O
et	O
,	O
par	O
conséquent	O
,	O
elles	O
n'	O
ont	O
que	O
deux	O
pattes	O
!	O
</p>	O
<p n='FR00871613'>	O
--	O
Eh	O
bien	O
,	O
répondit	O
Harris	B-Pers
,	O
j'	O
ai	O
précisément	O
cru	O
voir	O
que	O
ces	O
animaux	O
qui	O
viennent	O
de	O
s'	O
enfuir	O
si	O
rapidement	O
étaient	O
des	O
bipèdes	O
!	O
</p>	O
<p n='FR00871614'>	O
--	O
Des	O
bipèdes	O
!	O
répondit	O
le	O
novice	O
.	O
</p>	O
<p n='FR00871615'>	O
--	O
Il	O
me	O
semble	O
bien	O
avoir	O
aperçu	O
des	O
animaux	O
à	O
quatre	O
pattes	O
,	O
dit	O
alors	O
Mrs.	B-Pers
Weldon	I-Pers
.	O
</p>	O
<p n='FR00871616'>	O
--	O
Moi	O
aussi	O
,	O
ajouta	O
le	O
vieux	O
Tom	B-Pers
,	O
dont	O
Bat	B-Pers
,	O
Actéon	B-Pers
et	O
Austin	B-Pers
confirmèrent	O
les	O
paroles	O
.	O
</p>	O
<p n='FR00871617'>	O
--	O
Des	O
autruches	O
à	O
quatre	O
pattes	O
!	O
s'	O
écria	O
Harris	B-Pers
en	O
éclatant	O
de	O
rire	O
.	O
Voilà	O
qui	O
serait	O
plaisant	O
!	O
</p>	O
<p n='FR00871618'>	O
--	O
Aussi	O
,	O
reprit	O
Dick	B-Pers
Sand	I-Pers
,	O
avons	O
-nous	O
cru	O
que	O
c'	O
étaient	O
des	O
girafes	O
,	O
et	O
non	O
des	O
autruches	O
.	O
</p>	O
<p n='FR00871619'>	O
--	O
Non	O
,	O
mon	O
jeune	O
ami	O
,	O
non	O
!	O
dit	O
Harris	B-Pers
.	O
Vous	O
avez	O
certainement	O
mal	O
vu	O
.	O
Cela	O
s'	O
explique	O
par	O
la	O
rapidité	O
avec	O
laquelle	O
ces	O
animaux	O
se	O
sont	O
enfuis	O
.	O
D'	O
ailleurs	O
,	O
il	O
est	O
arrivé	O
plus	O
d'	O
une	O
fois	O
à	O
des	O
chasseurs	O
de	O
se	O
tromper	O
comme	O
vous	O
,	O
et	O
de	O
la	O
meilleure	O
foi	O
de	O
le	O
monde	O
!	O
"	O
</p>	O
<p n='FR00871620'>	O
Ce	O
que	O
disait	O
l'	B-Demo
Américain	I-Demo
était	O
fort	O
plausible	O
.	O
Entre	O
une	O
autruche	O
de	O
grande	O
taille	O
et	O
une	O
girafe	O
de	O
taille	O
moyenne	O
,	O
vues	O
à	O
une	O
certaine	O
distance	O
,	O
il	O
est	O
facile	O
de	O
se	O
méprendre	O
.	O
Qu'	O
il	O
s'	O
agisse	O
d'	O
un	O
bec	O
ou	O
d'	O
un	O
museau	O
,	O
tous	O
deux	O
n'	O
en	O
sont	O
pas	O
moins	O
emmanchés	O
à	O
le	O
bout	O
d'	O
un	O
long	O
cou	O
renversé	O
en	O
arrière	O
,	O
et	O
,	O
à	O
la	O
rigueur	O
,	O
on	O
peut	O
dire	O
qu'	O
une	O
autruche	O
n'	O
est	O
qu'	O
une	O
demi-girafe	O
.	O
Il	O
ne	O
lui	O
manque	O
que	O
les	O
pattes	O
de	O
derrière	O
.	O
Donc	O
,	O
ce	O
bipède	O
et	O
ce	O
quadrupède	O
,	O
passant	O
à	O
l'	O
improviste	O
rapidement	O
,	O
peuvent	O
,	O
à	O
la	O
grande	O
rigueur	O
,	O
être	O
pris	O
l'	O
un	O
pour	O
l'	O
autre	O
.	O
</p>	O
<p n='FR00871621'>	O
D'	O
ailleurs	O
,	O
la	O
meilleure	O
preuve	O
que	O
Mrs.	B-Pers
Weldon	I-Pers
et	O
les	O
autres	O
se	O
trompaient	O
,	O
c'	O
est	O
qu'	O
il	O
n'	O
y	O
a	O
pas	O
de	O
girafes	O
en	O
Amérique	B-Place
.	O
</p>	O
<p n='FR00871622'>	O
Dick	B-Pers
Sand	I-Pers
fit	O
alors	O
cette	O
réflexion	O
:	O
</p>	O
<p n='FR00871623'>	O
"	O
Mais	O
je	O
croyais	O
que	O
les	O
autruches	O
ne	O
se	O
rencontraient	O
pas	O
plus	O
que	O
les	O
girafes	O
dans	O
le	B-Place
Nouveau	I-Place
Monde	I-Place
?	O
</p>	O
<p n='FR00871624'>	O
--	O
Si	O
,	O
mon	O
jeune	O
ami	O
,	O
répondit	O
Harris	B-Pers
,	O
et	O
précisément	O
l'	O
Amérique	I-Place
de	I-Place
le	I-Place
Sud	I-Place
en	O
possède	O
une	O
espèce	O
particulière	O
.	O
À	O
cette	O
espèce	O
appartient	O
le	O
"	O
nandou	O
"	O
,	O
que	O
vous	O
venez	O
de	O
voir	O
!	O
"	O
</p>	O
<p n='FR00871625'>	O
Harris	B-Pers
disait	O
vrai	O
.	O
Le	O
nandou	O
est	O
un	O
échassier	O
assez	O
commun	O
dans	O
les	O
plaines	O
de	O
le	O
Sud-Amérique	B-Place
,	O
et	O
sa	O
chair	O
,	O
lorsqu'il	O
est	O
jeune	O
,	O
est	O
bonne	O
à	O
manger	O
.	O
Cet	O
animal	O
robuste	O
,	O
dont	O
la	O
taille	O
dépasse	O
quelquefois	O
deux	O
mètres	O
,	O
a	O
le	O
bec	O
droit	O
,	O
les	O
ailes	O
longues	O
et	O
formées	O
de	O
plumes	O
touffues	O
de	O
nuance	O
bleuâtre	O
,	O
les	O
pieds	O
formés	O
de	O
trois	O
doigts	O
munis	O
d'	O
ongles	O
,	O
--	O
ce	O
qui	O
le	O
distingue	O
essentiellement	O
des	O
autruches	O
de	O
l'	B-Place
Afrique	I-Place
.	O
</p>	O
</sample>	O
<sample>	O
<p n='FR0087550'>	O
Dingo	B-Pers
lui-même	O
,	O
se	O
dressant	O
sur	O
ses	O
pattes	O
et	O
passant	O
la	O
tête	O
au-dessus	O
de	O
la	O
lisse	O
,	O
sembla	O
vouloir	O
dire	O
adieu	O
à	O
l'	O
équipage	O
.	O
</p>	O
<p n='FR0087551'>	O
Puis	O
,	O
tous	O
revinrent	O
à	O
l'	O
avant	O
,	O
afin	O
de	O
ne	O
rien	O
perdre	O
des	O
péripéties	O
si	O
attachantes	O
d'	O
une	O
pareille	O
pêche	O
.	O
</p>	O
<p n='FR0087552'>	O
La	O
baleinière	O
déborda	O
,	O
et	O
,	O
sous	O
l'	O
impulsion	O
de	O
ses	O
quatre	O
avirons	O
,	O
vigoureusement	O
maniés	O
,	O
elle	O
commença	O
à	O
s'	O
éloigner	O
de	O
le	O
Pilgrim	B-Fac
.	O
</p>	O
<p n='FR0087553'>	O
"	O
Veille	O
bien	O
,	O
Dick	B-Pers
,	O
veille	O
bien	O
!	O
cria	O
une	O
dernière	O
fois	O
le	O
capitaine	B-Pers
Hull	I-Pers
à	O
le	O
jeune	O
novice	O
.	O
</p>	O
<p n='FR0087554'>	O
--	O
Comptez	O
sur	O
moi	O
,	O
monsieur	O
.	O
</p>	O
<p n='FR0087555'>	O
--	O
Un	O
œil	O
pour	O
le	O
bâtiment	O
,	O
un	O
œil	O
pour	O
la	O
baleinière	O
,	O
mon	O
garçon	O
!	O
Ne	O
l'	O
oublie	O
pas	O
!	O
</p>	O
<p n='FR0087556'>	O
--	O
Cela	O
sera	O
fait	O
,	O
capitaine	O
"	O
,	O
répondit	O
Dick	B-Pers
Sand	I-Pers
,	O
qui	O
alla	O
se	O
placer	O
près	O
de	O
la	O
barre	O
.	O
</p>	O
<p n='FR0087557'>	O
Déjà	O
,	O
la	O
légère	O
embarcation	O
se	O
trouvait	O
à	O
plusieurs	O
centaines	O
de	O
pieds	O
de	O
le	O
navire	O
.	O
Le	B-Pers
capitaine	I-Pers
Hull	I-Pers
,	O
debout	O
à	O
l'	O
avant	O
,	O
ne	O
pouvant	O
plus	O
se	O
faire	O
entendre	O
,	O
renouvelait	O
ses	O
recommandations	O
par	O
les	O
gestes	O
les	O
plus	O
expressifs	O
.	O
</p>	O
<p n='FR0087558'>	O
C'	O
est	O
alors	O
que	O
Dingo	B-Pers
,	O
les	O
pattes	O
toujours	O
appuyées	O
sur	O
la	O
lisse	O
,	O
poussa	O
une	O
sorte	O
d'	O
aboiement	O
lamentable	O
,	O
qui	O
eût	O
défavorablement	O
impressionné	O
des	O
gens	O
quelque	O
peu	O
portés	O
à	O
la	O
superstition	O
.	O
</p>	O
<p n='FR0087559'>	O
Cet	O
aboiement	O
fit	O
même	O
tressaillir	O
Mrs.	B-Pers
Weldon	I-Pers
.	O
</p>	O
<p n='FR0087560'>	O
"	O
Dingo	B-Pers
,	O
dit	O
-elle	O
,	O
Dingo	B-Pers
!	O
C'	O
est	O
ainsi	O
que	O
tu	O
encourages	O
tes	O
amis	O
!	O
Allons	O
,	O
un	O
bel	O
aboiement	O
bien	O
clair	O
,	O
bien	O
joyeux	O
!	O
"	O
</p>	O
<p n='FR0087561'>	O
Mais	O
le	O
chien	O
n'	O
aboya	O
plus	O
,	O
et	O
,	O
se	O
laissant	O
retomber	O
sur	O
ses	O
pattes	O
,	O
il	O
vint	O
lentement	O
vers	O
Mrs.	B-Pers
Weldon	I-Pers
,	O
dont	O
il	O
lécha	O
affectueusement	O
la	O
main	O
.	O
</p>	O
<p n='FR0087562'>	O
"	O
Il	O
ne	O
remue	O
pas	O
la	O
queue	O
!	O
...	O
murmura	O
Tom	B-Pers
à	O
mi-voix	O
.	O
Mauvais	O
signe	O
!	O
Mauvais	O
signe	O
!	O
"	O
</p>	O
<p n='FR0087563'>	O
Mais	O
,	O
presque	O
aussitôt	O
,	O
Dingo	B-Pers
se	O
redressa	O
,	O
et	O
un	O
hurlement	O
de	O
colère	O
lui	O
échappa	O
.	O
</p>	O
<p n='FR0087564'>	O
Mrs.	B-Pers
Weldon	I-Pers
se	O
retourna	O
.	O
</p>	O
<p n='FR0087565'>	O
Negoro	B-Pers
venait	O
de	O
quitter	O
le	O
poste	O
et	O
se	O
dirigeait	O
vers	O
le	O
gaillard	O
d'	O
avant	O
,	O
dans	O
l'	O
intention	O
,	O
sans	O
doute	O
,	O
de	O
suivre	O
de	O
le	O
regard	O
,	O
lui	O
aussi	O
,	O
les	O
manœuvres	O
de	O
la	O
baleinière	O
.	O
</p>	O
<p n='FR0087566'>	O
Dingo	B-Pers
s'	O
élança	O
vers	O
le	O
maître	O
coq	O
,	O
en	O
proie	O
à	O
la	O
plus	O
vive	O
comme	O
à	O
la	O
plus	O
inexplicable	O
fureur	O
.	O
</p>	O
<p n='FR0087567'>	O
Negoro	B-Pers
saisit	O
un	O
anspect	O
et	O
se	O
mit	O
en	O
défense	O
.	O
</p>	O
<p n='FR0087568'>	O
Le	O
chien	O
allait	O
lui	O
sauter	O
à	O
la	O
gorge	O
.	O
</p>	O
<p n='FR0087569'>	O
"	O
Ici	O
,	O
Dingo	B-Pers
,	O
ici	O
!	O
"	O
cria	O
Dick	B-Pers
Sand	I-Pers
,	O
qui	O
,	O
abandonnant	O
un	O
instant	O
son	O
poste	O
d'	O
observation	O
,	O
courut	O
vers	O
l'	O
avant	O
.	O
</p>	O
<p n='FR0087570'>	O
Mrs.	B-Pers
Weldon	I-Pers
,	O
de	O
son	O
côté	O
,	O
cherchait	O
à	O
calmer	O
le	O
chien	O
.	O
</p>	O
<p n='FR0087571'>	O
Dingo	B-Pers
obéit	O
,	O
non	O
sans	O
répugnance	O
,	O
et	O
revint	O
en	O
grondant	O
sourdement	O
vers	O
le	O
jeune	O
novice	O
.	O
</p>	O
<p n='FR0087572'>	O
Negoro	B-Pers
n'	O
avait	O
pas	O
prononcé	O
un	O
seul	O
mot	O
,	O
mais	O
sa	O
figure	O
avait	O
pâli	O
un	O
instant	O
.	O
Laissant	O
alors	O
retomber	O
son	O
anspect	O
,	O
il	O
regagna	O
sa	O
cabane	O
.	O
</p>	O
<p n='FR0087573'>	O
"	O
Hercule	B-Pers
,	O
dit	O
alors	O
Dick	B-Pers
Sand	I-Pers
,	O
je	O
vous	O
charge	O
spécialement	O
de	O
veiller	O
sur	O
cet	O
homme	O
!	O
</p>	O
</sample>	O
</samples>	O
