Word	Tag
<?xml version='1.0' encoding='UTF-8'?>	O
<samples n='FR0144'>	O
<sample>	O
<p n='FR0144319'>	O
--	O
Je	O
me	O
demande	O
parfois	O
...	O
si	O
ce	O
n'	O
est	O
point	O
un	O
conte	O
d'	O
Edgar	I-Pers
Pœ	I-Pers
,	O
un	O
rêve	O
de	O
notre	O
Thomas	B-Pers
de	I-Pers
Quincey	I-Pers
...	O
Mais	O
non	O
,	O
puisque	O
cette	O
adorable	O
petite	O
Dum-Dum	B-Fac
,	O
je	O
l'	O
ai	O
expérimentée	O
,	O
moi-même	O
...	O
Telle	O
est	O
l'	O
histoire	O
...	O
J'	O
ai	O
fait	O
placer	O
douze	O
Hindous	B-Demo
...	O
</p>	O
<p n='FR0144320'>	O
--	O
Vivants	O
?	O
</p>	O
<p n='FR0144321'>	O
--	O
Naturellement	O
!	O
...	O
L'	B-Pers
empereur	I-Pers
d'	I-Pers
Allemagne	I-Pers
,	O
lui	O
,	O
pratique	O
ses	O
expériences	O
balistiques	O
sur	O
des	O
cadavres	O
...	O
Avouez	O
que	O
c'	O
est	O
absurde	O
et	O
tout	O
à	O
fait	O
incomplet	O
...	O
Moi	O
,	O
j'	O
opère	O
sur	O
des	O
personnes	O
,	O
non	O
seulement	O
vivantes	O
,	O
mais	O
d'	O
une	O
constitution	O
robuste	O
et	O
d'	O
une	O
parfaite	O
santé	O
...	O
à	O
le	O
moins	O
,	O
on	O
voit	O
ce	O
que	O
l'	O
on	O
fait	O
et	O
où	O
l'	O
on	O
va	O
...	O
Je	O
ne	O
suis	O
pas	O
un	O
rêveur	O
,	O
moi	O
...	O
je	O
suis	O
un	O
savant	O
!	O
...	O
</p>	O
<p n='FR0144322'>	O
--	O
Mille	O
pardons	O
,	O
capitaine	B-Role
!	O
...	O
continuez	O
donc	O
!	O
...	O
</p>	O
<p n='FR0144323'>	O
--	O
Donc	O
,	O
j'	O
ai	O
fait	O
placer	O
douze	O
Hindous	B-Demo
,	O
l'	O
un	O
derrière	O
l'	O
autre	O
,	O
sur	O
une	O
ligne	O
géométriquement	O
droite	O
...	O
et	O
j'	O
ai	O
tiré	O
...	O
</p>	O
<p n='FR0144324'>	O
--	O
Eh	O
bien	O
?	O
...	O
interrompit	O
Clara	B-Pers
.	O
</p>	O
<p n='FR0144325'>	O
--	O
Eh	O
bien	O
,	O
délicieuse	O
amie	O
,	O
cette	O
petite	O
Dum-Dum	B-Fac
a	O
fait	O
merveille	O
...	O
Des	O
douze	O
Hindous	B-Demo
,	O
il	O
n'	O
en	O
est	O
pas	O
resté	O
un	O
seul	O
debout	O
!	O
...	O
La	O
balle	O
avait	O
traversé	O
leurs	O
douze	O
corps	O
qui	O
n'	O
étaient	O
plus	O
,	O
après	O
le	O
coup	O
,	O
que	O
douze	O
tas	O
de	O
chair	O
en	O
bouillie	O
et	O
d'	O
os	O
littéralement	O
broyés	O
...	O
Magique	O
,	O
vraiment	O
!	O
...	O
Et	O
jamais	O
je	O
n'	O
avais	O
cru	O
à	O
un	O
aussi	O
admirable	O
succès	O
...	O
</p>	O
<p n='FR0144326'>	O
--	O
Admirable	O
,	O
en	O
effet	O
,	O
et	O
qui	O
tient	O
de	O
le	O
prodige	O
.	O
--	O
N'	O
est	O
-ce	O
pas	O
?	O
...	O
Et	O
,	O
songeur	O
,	O
après	O
quelques	O
secondes	O
d'	O
un	O
silence	O
émouvant	O
...	O
</p>	O
<p n='FR0144327'>	O
--	O
Je	O
cherche	O
,	O
murmura	O
-t-il	O
,	O
confidentiellement	O
...	O
je	O
cherche	O
quelque	O
chose	O
de	O
mieux	O
...	O
quelque	O
chose	O
de	O
plus	O
définitif	O
...	O
je	O
cherche	O
une	O
balle	O
...	O
une	O
petite	O
balle	O
qui	O
ne	O
laisserait	O
rien	O
de	O
ceux	O
qu'	O
elle	O
atteint	O
...	O
rien	O
...	O
rien	O
...	O
rien	O
!	O
...	O
Comprenez	O
-vous	O
?	O
</p>	O
<p n='FR0144328'>	O
--	O
Comment	O
cela	O
?	O
comment	O
rien	O
?	O
</p>	O
<p n='FR0144329'>	O
--	O
Ou	O
si	O
peu	O
de	O
chose	O
!	O
...	O
expliqua	O
l'	O
officier	B-Role
...	O
à	O
peine	O
un	O
tas	O
de	O
cendres	O
...	O
ou	O
même	O
une	O
légère	O
fumée	O
roussâtre	O
qui	O
se	O
dissiperait	O
tout	O
de	O
suite	O
...	O
Cela	O
se	O
peut	O
...	O
</p>	O
<p n='FR0144330'>	O
--	O
Une	O
incinération	O
automatique	O
,	O
alors	O
?	O
</p>	O
<p n='FR0144331'>	O
--	O
Parfaitement	O
!	O
...	O
Avez	O
-vous	O
songé	O
à	O
les	O
avantages	O
nombreux	O
d'	O
une	O
telle	O
invention	O
?	O
...	O
De	O
la	O
sorte	O
,	O
je	O
supprime	O
les	O
chirurgiens	B-Role
d'	I-Role
armée	I-Role
,	O
les	O
infirmiers	B-Role
,	O
les	O
ambulances	O
,	O
les	O
hôpitaux	O
militaires	O
,	O
les	O
pensions	O
à	O
les	O
blessés	O
,	O
etc.	O
,	O
etc.	O
.	O
Ce	O
serait	O
une	O
économie	O
incalculable	O
...	O
un	O
soulagement	O
pour	O
les	O
budgets	O
des	O
États	O
...	O
Et	O
je	O
ne	O
parle	O
pas	O
de	O
l'	O
hygiène	O
!	O
...	O
Quelle	O
conquête	O
pour	O
l'	O
hygiène	O
!	O
...	O
</p>	O
<p n='FR0144332'>	O
--	O
Et	O
vous	O
pourriez	O
appeler	O
cette	O
balle	O
,	O
la	B-Fac
balle	I-Fac
Nib-Nib	I-Fac
!	O
...	O
m'	O
écriai	O
-je	O
.	O
</p>	O
<p n='FR0144333'>	O
--	O
Très	O
joli	O
...	O
très	O
joli	O
!	O
...	O
applaudit	O
l'	O
artilleur	B-Role
qui	O
,	O
bien	O
qu'	O
il	O
n'	O
eût	O
rien	O
compris	O
à	O
cette	O
interruption	O
argotique	O
,	O
se	O
mit	O
à	O
rire	O
bruyamment	O
,	O
de	O
ce	O
brave	O
et	O
franc	O
rire	O
,	O
qu'	O
ont	O
les	O
soldats	B-Role
de	O
tous	O
les	O
grades	O
et	O
de	O
tous	O
les	O
pays	O
...	O
</p>	O
</sample>	O
<sample>	O
<p n='FR0144417'>	O
--	O
C'	O
est	O
si	O
simple	O
!	O
...	O
J'	O
ai	O
de	O
puissants	O
amis	O
en	O
Chine	B-Place
...	O
Ils	O
pourraient	O
,	O
sans	O
doute	O
,	O
beaucoup	O
pour	O
vous	O
!	O
...	O
Voulez	O
-vous	O
que	O
?	O
...	O
</p>	O
<p n='FR0144418'>	O
Je	O
ne	O
lui	O
laissai	O
pas	O
le	O
temps	O
d'	O
achever	O
:	O
</p>	O
<p n='FR0144419'>	O
--	O
Non	O
,	O
pas	O
ça	O
!	O
...	O
suppliai	O
-je	O
,	O
en	O
me	O
défendant	O
mollement	O
,	O
d'	O
ailleurs	O
...	O
surtout	O
,	O
pas	O
ça	O
!	O
...	O
Je	O
vous	O
comprends	O
...	O
Ne	O
me	O
dites	O
plus	O
rien	O
.	O
</p>	O
<p n='FR0144420'>	O
--	O
Vous	O
êtes	O
un	O
enfant	O
,	O
répéta	O
Clara	B-Pers
...	O
Et	O
vous	O
parlez	O
comme	O
en	O
Europe	B-Place
,	O
cher	O
petit	O
cœur	O
...	O
Et	O
vous	O
avez	O
de	O
stupides	O
scrupules	O
,	O
comme	O
en	O
Europe	B-Place
...	O
En	O
Chine	B-Place
,	O
la	O
vie	O
est	O
libre	O
,	O
heureuse	O
,	O
totale	O
,	O
sans	O
conventions	O
,	O
sans	O
préjugés	O
,	O
sans	O
lois	O
...	O
pour	O
nous	O
,	O
de	O
le	O
moins	O
...	O
Pas	O
d'	O
autres	O
limites	O
à	O
la	O
liberté	O
que	O
soi-même	O
...	O
à	O
l'	O
amour	O
que	O
la	O
variété	O
triomphante	O
de	O
son	O
désir	O
...	O
L'	B-Place
Europe	I-Place
et	O
sa	O
civilisation	O
hypocrite	O
,	O
barbare	O
,	O
c'	O
est	O
le	O
mensonge	O
...	O
Qu'	O
y	O
faites	O
-vous	O
autre	O
chose	O
que	O
de	O
mentir	O
,	O
de	O
mentir	O
à	O
vous-même	O
et	O
à	O
les	O
autres	O
,	O
de	O
mentir	O
à	O
tout	O
ce	O
que	O
,	O
dans	O
le	O
fond	O
de	O
votre	O
âme	O
,	O
vous	O
reconnaissez	O
être	O
la	O
vérité	O
?	O
...	O
Vous	O
êtes	O
obligé	O
de	O
feindre	O
un	O
respect	O
extérieur	O
pour	O
des	O
personnes	O
,	O
des	O
institutions	O
que	O
vous	O
trouvez	O
absurdes	O
...	O
Vous	O
demeurez	O
lâchement	O
attaché	O
à	O
des	O
conventions	O
morales	O
ou	O
sociales	O
que	O
vous	O
méprisez	O
,	O
que	O
vous	O
condamnez	O
,	O
que	O
vous	O
savez	O
manquer	O
de	O
tout	O
fondement	O
...	O
C'	O
est	O
cette	O
contradiction	O
permanente	O
entre	O
vos	O
idées	O
,	O
vos	O
désirs	O
et	O
toutes	O
les	O
formes	O
mortes	O
,	O
tous	O
les	O
vains	O
simulacres	O
de	O
votre	O
civilisation	O
,	O
qui	O
vous	O
rend	O
tristes	O
,	O
troublés	O
,	O
déséquilibrés	O
...	O
Dans	O
ce	O
conflit	O
intolérable	O
,	O
vous	O
perdez	O
toute	O
joie	O
de	O
vivre	O
,	O
toute	O
sensation	O
de	O
personnalité	O
...	O
parce	O
que	O
,	O
à	O
chaque	O
minute	O
,	O
on	O
comprime	O
,	O
on	O
empêche	O
,	O
on	O
arrête	O
le	O
libre	O
jeu	O
de	O
vos	O
forces	O
...	O
Voilà	O
la	O
plaie	O
empoisonnée	O
,	O
mortelle	O
,	O
de	O
le	O
monde	O
civilisé	O
...	O
Chez	O
nous	O
,	O
rien	O
de	O
pareil	O
...	O
vous	O
verrez	O
!	O
...	O
Je	O
possède	O
à	O
Canton	B-Place
,	O
parmi	O
des	O
jardins	O
merveilleux	O
,	O
un	O
palais	O
où	O
tout	O
est	O
disposé	O
pour	O
la	O
vie	O
libre	O
et	O
pour	O
l'	O
amour	O
...	O
Que	O
craignez	O
-vous	O
?	O
...	O
que	O
laissez	O
-vous	O
?	O
...	O
qui	O
donc	O
s'	O
inquiète	O
de	O
vous	O
!	O
...	O
Quand	O
vous	O
ne	O
m'	O
aimerez	O
plus	O
,	O
ou	O
quand	O
vous	O
serez	O
trop	O
malheureux	O
...	O
vous	O
vous	O
en	O
irez	O
!	O
...	O
</p>	O
<p n='FR0144421'>	O
--	O
Clara	B-Pers
!	O
...	O
Clara	B-Pers
!	O
...	O
implorai	O
-je	O
...	O
Elle	O
frappa	O
,	O
d'	O
un	O
coup	O
sec	O
,	O
le	O
plancher	O
de	O
le	O
navire	O
:	O
</p>	O
<p n='FR0144422'>	O
--	O
Vous	O
ne	O
me	O
connaissez	O
pas	O
encore	O
...	O
,	O
dit	O
-elle	O
...	O
vous	O
ne	O
savez	O
pas	O
qui	O
je	O
suis	O
,	O
et	O
déjà	O
vous	O
voulez	O
me	O
quitter	O
!	O
...	O
Est	O
-ce	O
que	O
je	O
vous	O
fais	O
peur	O
?	O
...	O
Est	O
-ce	O
que	O
vous	O
êtes	O
lâche	O
?	O
</p>	O
<p n='FR0144423'>	O
--	O
Sans	O
toi	O
,	O
je	O
ne	O
puis	O
plus	O
vivre	O
!	O
...	O
sans	O
toi	O
,	O
je	O
ne	O
puis	O
que	O
mourir	O
!	O
...	O
</p>	O
<p n='FR0144424'>	O
--	O
Eh	O
bien	O
!	O
...	O
ne	O
tremble	O
plus	O
...	O
ne	O
pleure	O
plus	O
...	O
Et	O
viens	O
avec	O
moi	O
!	O
...	O
</p>	O
</sample>	O
<sample>	O
<p n='FR01441088'>	O
--	O
Nous	O
sommes	O
là	O
où	O
elle	O
m'	O
a	O
donné	O
l'	O
ordre	O
de	O
vous	O
conduire	O
,	O
répondit	O
Ki-Paï	B-Pers
,	O
d'	O
un	O
ton	O
bourru	O
.	O
Nous	O
sommes	O
là	O
où	O
elle	O
vient	O
passer	O
la	O
nuit	O
,	O
quand	O
elle	O
rentre	O
de	O
là-bas	O
...	O
</p>	O
<p n='FR01441089'>	O
Je	O
proposai	O
:	O
</p>	O
<p n='FR01441090'>	O
--	O
Ne	O
vaudrait	O
-il	O
pas	O
mieux	O
la	O
ramener	O
chez	O
elle	O
,	O
dans	O
l'	O
état	O
de	O
souffrance	O
où	O
elle	O
est	O
?	O
Ki-Paï	B-Pers
répliqua	O
:	O
</p>	O
<p n='FR01441091'>	O
--	O
Elle	O
est	O
toujours	O
ainsi	O
,	O
après	O
le	O
bagne	O
...	O
Et	O
puis	O
,	O
la	O
ville	O
est	O
fermée	O
,	O
et	O
pour	O
gagner	O
le	O
palais	O
,	O
par	O
les	O
jardins	O
,	O
c'	O
est	O
trop	O
loin	O
,	O
maintenant	O
...	O
et	O
trop	O
dangereux	O
.	O
</p>	O
<p n='FR01441092'>	O
Et	O
elle	O
ajouta	O
,	O
méprisante	O
:	O
</p>	O
<p n='FR01441093'>	O
--	O
Elle	O
est	O
très	O
bien	O
ici	O
...	O
Ici	O
,	O
on	O
la	O
connaît	O
!	O
...	O
Je	O
me	O
résignai	O
.	O
</p>	O
<p n='FR01441094'>	O
--	O
Aide	O
-moi	O
,	O
alors	O
,	O
commandai	O
-je	O
...	O
Et	O
ne	O
sois	O
pas	O
brusque	O
avec	O
elle	O
.	O
Très	O
doucement	O
,	O
avec	O
des	O
précautions	O
infinies	O
,	O
Ki-Paï	B-Pers
et	O
moi	O
,	O
nous	O
saisîmes	O
,	O
dans	O
nos	O
bras	O
,	O
Clara	B-Pers
qui	O
n'	O
opposait	O
pas	O
plus	O
de	O
résistance	O
qu'	O
une	O
morte	O
et	O
,	O
la	O
soutenant	O
,	O
la	O
portant	O
plutôt	O
,	O
nous	O
la	O
fîmes	O
à	O
grand-peine	O
sortir	O
de	O
la	O
barque	O
et	O
monter	O
l'	O
escalier	O
.	O
Elle	O
était	O
lourde	O
et	O
glacée	O
...	O
Sa	O
tête	O
se	O
renversait	O
un	O
peu	O
en	O
arrière	O
;	O
ses	O
cheveux	O
entièrement	O
dénoués	O
,	O
ses	O
épais	O
et	O
souples	O
cheveux	O
ruisselaient	O
sur	O
ses	O
épaules	O
en	O
ondes	O
de	O
feu	O
.	O
S'	O
accrochant	O
d'	O
une	O
main	O
molle	O
,	O
presque	O
défaillante	O
,	O
à	O
le	O
cou	O
rude	O
de	O
Ki-Paï	B-Pers
,	O
elle	O
poussait	O
de	O
petites	O
plaintes	O
vagues	O
,	O
lâchait	O
de	O
petits	O
mots	O
inarticulés	O
,	O
ainsi	O
qu'	O
un	O
enfant	O
...	O
Et	O
moi	O
,	O
un	O
peu	O
haletant	O
,	O
sous	O
le	O
poids	O
de	O
mon	O
amie	O
,	O
je	O
gémissais	O
:	O
</p>	O
<p n='FR01441095'>	O
--	O
Pourvu	O
qu'	O
elle	O
ne	O
meure	O
pas	O
,	O
mon	O
Dieu	B-Pers
!	O
...	O
pourvu	O
qu'	O
elle	O
ne	O
meure	O
pas	O
!	O
Et	O
Ki-Paï	B-Pers
ricanait	O
,	O
la	O
bouche	O
féroce	O
:	O
</p>	O
<p n='FR01441096'>	O
--	O
Mourir	O
!	O
...	O
Elle	O
!	O
...	O
Ah	O
bien	O
oui	O
!	O
...	O
Ce	O
n'	O
est	O
pas	O
de	O
la	O
souffrance	O
qui	O
est	O
dans	O
son	O
corps	O
...	O
c'	O
est	O
de	O
la	O
saleté	O
!	O
...	O
</p>	O
<p n='FR01441097'>	O
Nous	O
fûmes	O
reçus	O
,	O
en	O
haut	O
de	O
l'	O
escalier	O
,	O
par	O
deux	O
femmes	O
,	O
à	O
les	O
yeux	O
peints	O
,	O
et	O
dont	O
la	O
nudité	O
dorée	O
transparaissait	O
,	O
toute	O
,	O
dans	O
les	O
voiles	O
légers	O
,	O
vaporeux	O
,	O
dont	O
elles	O
étaient	O
drapées	O
.	O
Elles	O
avaient	O
des	O
bijoux	O
obscènes	O
dans	O
les	O
cheveux	O
,	O
des	O
bijoux	O
à	O
les	O
poignets	O
et	O
à	O
les	O
doigts	O
,	O
des	O
bijoux	O
à	O
les	O
chevilles	O
et	O
à	O
les	O
pieds	O
nus	O
,	O
et	O
leur	O
peau	O
frottée	O
de	O
fines	O
essences	O
exhalait	O
une	O
odeur	O
de	O
jardin	O
.	O
</p>	O
<p n='FR01441098'>	O
L'	O
une	O
d'	O
elles	O
tapa	O
,	O
en	O
signe	O
de	O
joie	O
,	O
dans	O
ses	O
mains	O
.	O
</p>	O
<p n='FR01441099'>	O
--	O
Mais	O
c'	O
est	O
notre	O
petite	O
amie	O
!	O
...	O
cria	O
-t-elle	O
...	O
Je	O
te	O
le	O
disais	O
bien	O
,	O
moi	O
,	O
qu'	O
elle	O
viendrait	O
,	O
le	O
cher	O
cœur	O
...	O
Elle	O
vient	O
toujours	O
...	O
Vite	O
...	O
vite	O
...	O
couchez	O
-la	O
sur	O
le	O
lit	O
,	O
ce	O
pauvre	O
amour	O
.	O
</p>	O
<p n='FR01441100'>	O
Elle	O
désignait	O
une	O
sorte	O
de	O
matelas	O
,	O
ou	O
plutôt	O
de	O
brancard	O
allongé	O
contre	O
la	O
cloison	O
,	O
et	O
sur	O
lequel	O
nous	O
déposâmes	O
Clara	B-Pers
...	O
</p>	O
<p n='FR01441101'>	O
Clara	B-Pers
ne	O
remuait	O
plus	O
...	O
Sous	O
ses	O
paupières	O
effrayamment	O
ouvertes	O
,	O
les	O
yeux	O
révulsés	O
ne	O
laissaient	O
voir	O
que	O
leurs	O
deux	O
globes	O
blancs	O
...	O
Alors	O
,	O
la	B-Demo
Chinoise	I-Demo
à	O
les	O
yeux	O
peints	O
se	O
pencha	O
sur	O
Clara	B-Pers
,	O
et	O
d'	O
une	O
voix	O
délicieusement	O
rythmée	O
,	O
comme	O
si	O
elle	O
chantait	O
une	O
chanson	O
,	O
elle	O
dit	O
:	O
</p>	O
</sample>	O
<sample>	O
<p n='FR0144550'>	O
Le	O
bagne	O
est	O
construit	O
à	O
le	O
bord	O
de	O
la	O
rivière	O
.	O
Ses	O
murs	O
quadrangulaires	O
enferment	O
un	O
terrain	O
de	O
plus	O
de	O
cent	O
mille	O
mètres	O
carrés	O
.	O
Pas	O
une	O
seule	O
fenêtre	O
;	O
pas	O
d'	O
autre	O
ouverture	O
que	O
l'	O
immense	O
porte	O
,	O
couronnée	O
de	O
dragons	O
rouges	O
,	O
armée	O
de	O
lourdes	O
barres	O
de	O
fer	O
.	O
Les	O
tours	O
des	O
veilleurs	O
,	O
des	O
tours	O
carrées	O
que	O
termine	O
une	O
superposition	O
de	O
toits	O
à	O
les	O
becs	O
recourbés	O
,	O
marquent	O
les	O
quatre	O
angles	O
de	O
la	O
sinistre	O
muraille	O
.	O
D'	O
autres	O
,	O
plus	O
petites	O
,	O
s'	O
espacent	O
à	O
intervalles	O
réguliers	O
.	O
La	O
nuit	O
,	O
toutes	O
ces	O
tours	O
s'	O
allument	O
comme	O
des	O
phares	O
et	O
projettent	O
autour	O
de	O
le	O
bagne	O
,	O
sur	O
la	O
plaine	O
et	O
sur	O
le	O
fleuve	O
,	O
une	O
lumière	O
dénonciatrice	O
.	O
L'	O
une	O
de	O
ces	O
murailles	O
plonge	O
dans	O
l'	O
eau	O
noire	O
,	O
fétide	O
et	O
profonde	O
,	O
ses	O
solides	O
assises	O
que	O
tapissent	O
des	O
algues	O
gluantes	O
.	O
Une	O
porte	O
basse	O
communique	O
,	O
par	O
un	O
pont-levis	O
,	O
avec	O
l'	O
estacade	O
qui	O
s'	O
avance	O
jusqu'au	O
milieu	O
de	O
le	O
fleuve	O
,	O
et	O
à	O
les	O
charpentes	O
de	O
laquelle	O
sont	O
amarrés	O
de	O
nombreuses	O
barques	O
de	O
service	O
et	O
des	O
sampangs	O
.	O
Deux	O
hallebardiers	O
,	O
lance	O
à	O
le	O
poing	O
,	O
surveillent	O
la	O
porte	O
.	O
À	O
droite	O
de	O
l'	O
estacade	O
,	O
un	O
petit	O
cuirassé	O
,	O
de	O
le	O
modèle	O
de	O
nos	O
garde-pêche	O
,	O
se	O
tient	O
immobile	O
,	O
la	O
gueule	O
de	O
ses	O
trois	O
canons	O
braquée	O
sur	O
le	O
bagne	O
.	O
À	O
gauche	O
,	O
aussi	O
loin	O
que	O
l'	O
œil	O
peut	O
apercevoir	O
la	O
rivière	O
,	O
vingt-cinq	O
ou	O
trente	O
rangées	O
de	O
bateaux	O
masquent	O
l'	O
autre	O
rive	O
d'	O
un	O
fouillis	O
de	O
planches	O
multicolores	O
,	O
de	O
mâts	O
bariolés	O
,	O
de	O
cordages	O
,	O
de	O
voiles	O
grises	O
.	O
Et	O
,	O
de	O
temps	O
en	O
temps	O
,	O
l'	O
on	O
voit	O
passer	O
ces	O
massives	O
embarcations	O
à	O
roue	O
que	O
des	O
malheureux	O
,	O
enfermés	O
dans	O
une	O
cage	O
,	O
actionnent	O
péniblement	O
de	O
leurs	O
bras	O
secs	O
et	O
nerveux	O
.	O
Derrière	O
le	O
bagne	O
,	O
à	O
le	O
loin	O
,	O
très	O
loin	O
,	O
jusqu'à	O
la	O
montagne	O
qui	O
ceinture	O
l'	O
horizon	O
d'	O
une	O
ligne	O
sombre	O
,	O
s'	O
étendent	O
des	O
terrains	O
rocailleux	O
,	O
avec	O
de	O
courtes	O
ondulations	O
,	O
des	O
terrains	O
,	O
ici	O
,	O
couleur	O
de	O
bistre	O
,	O
et	O
là	O
,	O
de	O
sang	O
séché	O
,	O
dans	O
lesquels	O
ne	O
poussent	O
que	O
des	O
acers	O
maigres	O
,	O
des	O
chardons	O
bleuâtres	O
et	O
des	O
cerisiers	O
rabougris	O
qui	O
ne	O
fleurissent	O
jamais	O
.	O
Désolation	O
infinie	O
!	O
Accablante	O
tristesse	O
!	O
...	O
Durant	O
huit	O
mois	O
de	O
l'	O
année	O
,	O
le	O
ciel	O
reste	O
bleu	O
,	O
d'	O
un	O
bleu	O
lavé	O
de	O
rouge	O
où	O
s'	O
avivent	O
les	O
reflets	O
d'	O
un	O
perpétuel	O
incendie	O
,	O
d'	O
un	O
bleu	O
implacable	O
où	O
n'	O
ose	O
jamais	O
s'	O
aventurer	O
le	O
caprice	O
d'	O
un	O
nuage	O
.	O
Le	O
soleil	O
cuit	O
la	O
terre	O
,	O
torréfie	O
les	O
rocs	O
,	O
vitrifie	O
les	O
cailloux	O
qui	O
,	O
sous	O
les	O
pieds	O
,	O
éclatent	O
avec	O
des	O
craquements	O
de	O
verre	O
et	O
des	O
crépitements	O
de	O
flamme	O
.	O
Nul	O
oiseau	O
ne	O
brave	O
cette	O
fournaise	O
aérienne	O
.	O
Il	O
ne	O
vit	O
là	O
que	O
d'	O
invisibles	O
organismes	O
,	O
des	O
grouillements	O
bacillaires	O
qui	O
,	O
vers	O
le	O
soir	O
,	O
alors	O
que	O
les	O
mornes	O
vapeurs	O
montent	O
avec	O
le	O
chant	O
des	O
matelots	O
de	O
la	O
rivière	O
exténuée	O
,	O
prennent	O
distinctement	O
les	O
formes	O
de	O
la	O
fièvre	O
,	O
de	O
la	O
peste	O
,	O
de	O
la	O
mort	O
!	O
</p>	O
</sample>	O
<sample>	O
<p n='FR0144774'>	O
Il	O
introduisit	O
la	O
scie	O
nettoyée	O
et	O
luisante	O
dans	O
la	O
trousse	O
qu'	O
il	O
referma	O
.	O
La	O
boîte	O
en	O
était	O
charmante	O
et	O
d'	O
un	O
laque	O
admirable	O
:	O
un	O
vol	O
d'	O
oies	O
sauvages	O
,	O
au-dessus	O
d'	O
un	O
étang	O
nocturne	O
où	O
la	O
lune	O
argentait	O
les	O
lotus	O
et	O
les	O
iris	O
.	O
</p>	O
<p n='FR0144775'>	O
À	O
ce	O
moment	O
,	O
l'	O
ombre	O
de	O
le	O
gibet	O
mit	O
sur	O
le	O
corps	O
de	O
le	O
tourmenteur	O
une	O
barre	O
transversale	O
et	O
violacée	O
.	O
</p>	O
<p n='FR0144776'>	O
--	O
Voyez	O
-vous	O
,	O
milady	B-Role
,	O
continua	O
le	O
bavard	O
bonhomme	O
,	O
notre	O
métier	O
,	O
de	O
même	O
que	O
nos	O
belles	O
potiches	O
,	O
nos	O
belles	O
soies	O
brodées	O
,	O
nos	O
beaux	O
laques	O
,	O
se	O
perd	O
de	O
plus	O
en	O
plus	O
...	O
Nous	O
ne	O
savons	O
plus	O
,	O
aujourd'hui	O
,	O
ce	O
que	O
c'	O
est	O
réellement	O
que	O
le	O
supplice	O
...	O
Bien	O
que	O
je	O
m'	O
efforce	O
à	O
en	O
conserver	O
les	O
traditions	O
véritables	O
...	O
je	O
suis	O
débordé	O
...	O
et	O
je	O
ne	O
puis	O
,	O
à	O
moi	O
tout	O
seul	O
,	O
arrêter	O
sa	O
décadence	O
...	O
Que	O
voulez	O
-vous	O
?	O
Les	O
bourreaux	O
,	O
on	O
les	O
recrute	O
,	O
maintenant	O
,	O
on	O
ne	O
sait	O
où	O
!	O
...	O
Plus	O
d'	O
examens	O
,	O
plus	O
de	O
concours	O
...	O
C'	O
est	O
la	O
faveur	O
seule	O
,	O
la	O
protection	O
qui	O
décident	O
des	O
choix	O
...	O
Et	O
quels	O
choix	O
,	O
si	O
vous	O
saviez	O
!	O
...	O
C'	O
est	O
honteux	O
!	O
...	O
Autrefois	O
on	O
ne	O
confiait	O
ces	O
importantes	O
fonctions	O
qu'	O
à	O
d'	O
authentiques	O
savants	O
,	O
à	O
des	O
gens	O
de	O
mérite	O
,	O
qui	O
connaissaient	O
parfaitement	O
l'	O
anatomie	O
de	O
le	O
corps	O
humain	O
,	O
qui	O
avaient	O
des	O
diplômes	O
,	O
de	O
l'	O
expérience	O
,	O
ou	O
de	O
le	O
génie	O
naturel	O
...	O
Aujourd'hui	O
,	O
va	O
te	O
faire	O
fiche	O
!	O
Le	O
moindre	O
cordonnier	B-Role
peut	O
prétendre	O
à	O
remplir	O
ces	O
places	O
honorables	O
et	O
difficiles	O
...	O
Plus	O
de	O
hiérarchie	O
,	O
plus	O
de	O
traditions	O
!	O
Tout	O
s'	O
en	O
va	O
...	O
Nous	O
vivons	O
dans	O
une	O
époque	O
de	O
désorganisation	O
...	O
Il	O
y	O
a	O
en	O
Chine	B-Place
,	O
milady	B-Role
,	O
quelque	O
chose	O
de	O
pourri	O
...	O
</p>	O
<p n='FR0144777'>	O
Il	O
soupira	O
profondément	O
et	O
,	O
nous	O
montrant	O
ses	O
mains	O
toutes	O
rouges	O
,	O
puis	O
la	O
trousse	O
qui	O
brillait	O
,	O
dans	O
l'	O
herbe	O
à	O
côté	O
de	O
lui	O
:	O
</p>	O
<p n='FR0144778'>	O
--	O
Et	O
pourtant	O
,	O
je	O
m'	O
emploie	O
de	O
mon	O
mieux	O
,	O
comme	O
vous	O
avez	O
pu	O
voir	O
,	O
à	O
relever	O
notre	O
prestige	O
aboli	O
...	O
Car	O
je	O
suis	O
un	O
vieux	O
conservateur	O
,	O
moi	O
...	O
un	O
nationaliste	O
intransigeant	O
...	O
et	O
je	O
répugne	O
à	O
toutes	O
ces	O
pratiques	O
,	O
à	O
toutes	O
ces	O
modes	O
nouvelles	O
que	O
,	O
sous	O
prétexte	O
de	O
civilisation	O
,	O
nous	O
apportent	O
les	B-Demo
Européens	I-Demo
,	O
et	O
en	O
particulier	O
les	B-Demo
Anglais	I-Demo
...	O
Je	O
ne	O
voudrais	O
pas	O
médire	O
des	O
Anglais	B-Demo
,	O
milady	B-Role
...	O
Ce	O
sont	O
de	O
braves	O
gens	O
,	O
et	O
fort	O
respectables	O
...	O
Mais	O
,	O
il	O
faut	O
l'	O
avouer	O
,	O
leur	O
influence	O
sur	O
nos	O
mœurs	O
a	O
été	O
désastreuse	O
...	O
Chaque	O
jour	O
ils	O
enlèvent	O
à	O
notre	O
Chine	B-Place
son	O
caractère	O
exceptionnel	O
...	O
à	O
le	O
seul	O
point	O
de	O
vue	O
de	O
le	O
supplice	O
,	O
milady	B-Role
,	O
ils	O
nous	O
ont	O
fait	O
beaucoup	O
de	O
tort	O
...	O
beaucoup	O
de	O
tort	O
...	O
C'	O
est	O
grand	O
dommage	O
!	O
...	O
</p>	O
<p n='FR0144779'>	O
--	O
Ils	O
s'	O
y	O
connaissent	O
,	O
pourtant	O
!	O
...	O
interrompit	O
Clara	B-Pers
,	O
que	O
ce	O
reproche	O
blessa	O
dans	O
son	O
amour-propre	O
national	O
,	O
car	O
elle	O
voulait	O
bien	O
se	O
montrer	O
sévère	O
envers	O
ses	O
compatriotes	O
qu'	O
elle	O
détestait	O
,	O
mais	O
elle	O
entendait	O
les	O
faire	O
respecter	O
par	O
les	O
autres	O
.	O
</p>	O
</sample>	O
</samples>	O
