Word	Tag
<?xml version='1.0' encoding='UTF-8'?>	O
<samples n='FR0379'>	O
<sample>	O
<p n='FR0379391'>	O
"	O
C'	O
est	O
impossible	O
,	O
disait	O
le	O
petit	O
marchand	B-Role
,	O
ce	O
que	O
je	O
vendrai	O
en	O
ville	O
suffira	O
à	O
peine	O
à	O
ma	O
dépense	O
.	O
Justement	O
,	O
dans	O
la	O
mauvaise	O
saison	O
,	O
chacun	O
se	O
tient	O
chez	O
soi	O
:	O
c'	O
est	O
le	O
bon	O
moment	O
de	O
la	O
vente	O
,	O
et	O
puis	O
,	O
ajoutait	O
Pierre	B-Pers
en	O
avançant	O
la	O
jambe	O
,	O
mes	O
guêtres	O
sont	O
excellentes	O
;	O
j'	O
ai	O
des	O
souliers	O
neufs	O
,	O
je	O
suis	O
chaussé	O
comme	O
pour	O
faire	O
le	O
tour	O
de	O
le	O
monde	O
.	O
"	O
</p>	O
<p n='FR0379392'>	O
Il	O
paya	O
son	O
écho	O
et	O
partit	O
,	O
emportant	O
les	O
bénédictions	O
de	O
l'	O
aubergiste	B-Role
.	O
</p>	O
<p n='FR0379393'>	O
Pierre	B-Pers
sortit	O
de	O
Strasbourg	B-Place
par	O
la	O
porte	B-Fac
de	I-Fac
Saverne	I-Fac
,	O
et	O
il	O
ne	O
tarda	O
pas	O
à	O
trouver	O
les	O
craintes	O
de	O
son	O
hôtesse	B-Role
fort	O
exagérées	O
.	O
Les	O
charrettes	O
,	O
qui	O
se	O
succédaient	O
sur	O
la	O
route	O
,	O
avaient	O
déjà	O
tracé	O
et	O
durci	O
le	O
chemin	O
.	O
</p>	O
<p n='FR0379394'>	O
Pierre	B-Pers
suivi	O
de	O
Fox	B-Pers
s'	O
avançait	O
résolument	O
vers	O
le	O
village	O
de	O
Hausbergen	B-Place
,	O
lorsqu'il	O
glissa	O
.	O
La	O
douleur	O
qu'	O
il	O
ressentit	O
à	O
le	O
pied	O
gauche	O
,	O
en	O
tombant	O
,	O
fut	O
si	O
vive	O
qu'	O
il	O
ne	O
put	O
se	O
relever	O
,	O
et	O
,	O
quoiqu'à	O
une	O
très	O
petite	O
distance	O
des	O
maisons	O
,	O
il	O
lui	O
fut	O
impossible	O
de	O
se	O
remettre	O
en	O
route	O
.	O
</p>	O
<p n='FR0379395'>	O
Le	O
pauvre	O
Fox	B-Pers
,	O
désolé	O
de	O
voir	O
son	O
maître	O
dans	O
cet	O
état	O
,	O
allait	O
en	O
avant	O
et	O
revenait	O
le	O
caresser	O
ayant	O
l'	O
air	O
de	O
lui	O
dire	O
:	O
"	O
Prends	O
patience	O
,	O
quelqu'un	O
viendra	O
.	O
"	O
</p>	O
<p n='FR0379396'>	O
En	O
admirant	O
l'	O
intelligence	O
de	O
son	O
chien	O
,	O
Pierre	B-Pers
remerciait	O
Rose	B-Pers
de	O
lui	O
avoir	O
donné	O
ce	O
compagnon	O
,	O
et	O
il	O
attendait	O
patiemment	O
qu'	O
on	O
vînt	O
le	O
délivrer	O
.	O
Le	O
cher	O
enfant	O
n'	O
avait	O
pas	O
prévu	O
le	O
long	O
chapitre	O
des	O
accidents	O
,	O
et	O
il	O
était	O
très	O
étonné	O
de	O
se	O
voir	O
arrêté	O
dans	O
sa	O
course	O
.	O
Combien	O
d'	O
autres	O
à	O
sa	O
place	O
se	O
seraient	O
désolés	O
!	O
Mais	O
lui	O
se	O
disait	O
:	O
"	O
Comment	O
vas	O
-tu	O
faire	O
,	O
pour	O
te	O
tirer	O
de	O
là	O
,	O
mon	O
garçon	O
?	O
Quelle	O
bonne	O
âme	O
aura	O
pitié	O
de	O
toi	O
?	O
Ah	O
!	O
si	O
mon	O
hôtesse	B-Role
me	O
voyait	O
!	O
"	O
</p>	O
<p n='FR0379397'>	O
Une	O
heure	O
se	O
passa	O
dans	O
un	O
silence	O
absolu	O
.	O
De	O
temps	O
à	O
autre	O
le	O
chien	O
levait	O
la	O
tête	O
pour	O
écouter	O
,	O
mais	O
il	O
se	O
recouchait	O
aussitôt	O
près	O
de	O
son	O
maître	O
.	O
Le	O
pauvre	O
Pierre	B-Pers
faisait	O
de	O
vains	O
efforts	O
pour	O
se	O
remettre	O
sur	O
ses	O
pieds	O
.	O
Il	O
souffrait	O
de	O
plus	O
en	O
plus	O
.	O
</p>	O
<p n='FR0379398'>	O
Mais	O
,	O
oh	O
!	O
bonheur	O
!	O
Fox	B-Pers
se	O
lève	O
d'	O
un	O
seul	O
bond	O
,	O
il	O
court	O
sur	O
la	O
route	O
en	O
aboyant	O
et	O
disparaît	O
.	O
En	O
même	O
temps	O
des	O
chants	O
se	O
font	O
entendre	O
,	O
et	O
viennent	O
réjouir	O
le	O
cœur	O
de	O
petit	O
Pierre	B-Pers
.	O
Le	O
chien	O
revient	O
haletant	O
,	O
couvert	O
de	O
sueur	O
,	O
agitant	O
sa	O
queue	O
,	O
caressant	O
son	O
maître	O
;	O
il	O
semble	O
lui	O
dire	O
:	O
"	O
Voici	O
de	O
le	O
secours	O
.	O
"	O
</p>	O
<p n='FR0379399'>	O
En	O
même	O
temps	O
apparaît	O
sur	O
la	O
route	O
un	O
char	O
à	O
le	O
milieu	O
duquel	O
trône	O
une	O
jeune	O
Alsacienne	B-Demo
dans	O
son	O
costume	O
de	O
mariée	O
;	O
elle	O
tient	O
une	O
quenouille	O
ornée	O
d'	O
un	O
beau	O
ruban	O
bleu	O
et	O
or	O
,	O
son	O
mari	O
et	O
trois	O
autres	O
personnes	O
l'	O
entourent	O
.	O
Il	O
y	O
a	O
aussi	O
dans	O
le	O
char	O
quelques	O
meubles	O
;	O
le	O
jeune	O
couple	O
quittait	O
la	O
maison	O
paternelle	O
et	O
se	O
rendait	O
à	O
son	O
domicile	O
.	O
</p>	O
</sample>	O
<sample>	O
<p n='FR0379224'>	O
PIERRE	B-Pers
</p>	O
<p n='FR0379225'>	O
Pas	O
un	O
seul	O
.	O
</p>	O
<p n='FR0379226'>	O
LA	O
JEUNE	O
FILLE	O
</p>	O
<p n='FR0379227'>	O
Mon	O
Dieu	O
!	O
vous	O
ne	O
pensez	O
donc	O
qu'	O
à	O
ceux	O
qui	O
ont	O
de	O
la	O
joie	O
à	O
le	O
cœur	O
,	O
vous	O
autres	O
!	O
Voilà	O
plus	O
de	O
trois	O
mois	O
que	O
je	O
mets	O
de	O
l'	O
argent	O
dans	O
ma	O
poche	O
espérant	O
qu'	O
un	O
jour	O
ou	O
l'	O
autre	O
,	O
je	O
pourrai	O
acheter	O
un	O
fichu	O
noir	O
.	O
Moi	O
,	O
je	O
ne	O
vais	O
pas	O
me	O
promener	O
dans	O
les	O
villes	O
.	O
</p>	O
<p n='FR0379228'>	O
Pierre	B-Pers
éprouva	O
une	O
sorte	O
de	O
confusion	O
de	O
le	O
reproche	O
qui	O
lui	O
était	O
adressé	O
si	O
naïvement	O
.	O
Il	O
promit	O
à	O
la	O
jeune	O
fille	O
d'	O
avoir	O
des	O
fichus	O
noirs	O
,	O
lorsqu'il	O
repasserait	O
,	O
et	O
d'	O
aller	O
jusqu'à	O
la	O
chaumière	O
qu'	O
elle	O
lui	O
indiqua	O
.	O
Il	O
lui	O
demanda	O
si	O
elle	O
ne	O
voudrait	O
pas	O
d'	O
un	O
chapelet	O
de	O
Marienthal	B-Fac
.	O
</p>	O
<p n='FR0379229'>	O
"	O
Oh	O
!	O
non	O
,	O
merci	O
,	O
j'	O
ai	O
celui	O
de	O
ma	B-Rolemisc
mère	I-Rolemisc
"	O
,	O
dit	O
la	O
pauvre	O
enfant	O
,	O
en	O
tirant	O
de	O
sa	O
poche	O
un	O
chapelet	O
,	O
dont	O
la	O
croix	O
usée	O
témoignait	O
de	O
la	O
loi	O
de	O
celle	O
à	O
qui	O
il	O
avait	O
appartenu	O
.	O
</p>	O
<p n='FR0379230'>	O
Cette	O
rencontre	O
plongea	O
Petit	B-Pers
Pierre	I-Pers
dans	O
des	O
réflexions	O
sérieuses	O
:	O
"	O
Sans	O
doute	O
,	O
se	O
dit	O
-il	O
,	O
c'	O
est	O
une	O
pauvre	O
orpheline	O
;	O
bien	O
sûr	O
qu'	O
elle	O
n'	O
a	O
pas	O
un	O
frère	B-Rolemisc
comme	O
Christine	B-Pers
en	O
a	O
un	O
.	O
Pauvre	O
enfant	O
!	O
"	O
</p>	O
<p n='FR0379231'>	O
Mais	O
ses	O
réflexions	O
n'	O
étaient	O
jamais	O
bien	O
longues	O
.	O
</p>	O
<p n='FR0379232'>	O
Dans	O
la	O
belle	O
saison	O
,	O
de	O
Marienthal	B-Fac
à	O
Bischwillers	B-Place
,	O
le	O
pays	O
n'	O
est	O
qu'	O
un	O
vaste	O
champ	O
de	O
houblon	O
;	O
et	O
Petit	B-Pers
Pierre	I-Pers
qui	O
en	O
s'	O
éloignant	O
de	O
le	O
pays	O
songeait	O
à	O
le	O
retour	O
,	O
croyait	O
déjà	O
voir	O
,	O
dans	O
ces	O
plaines	O
couvertes	O
de	O
neige	O
,	O
les	O
vertes	O
feuilles	O
de	O
le	O
houblon	O
s'	O
enroulant	O
autour	O
des	O
longues	O
perches	O
.	O
</p>	O
<p n='FR0379233'>	O
Bischwillers	B-Place
est	O
un	O
chef-lieu	O
de	O
canton	O
à	O
quatre	O
lieues	O
de	O
Strasbourg	B-Place
.	O
On	O
y	O
fabrique	O
de	O
le	O
drap	O
.	O
À	O
l'	O
époque	O
où	O
arrivait	O
Pierre	B-Pers
,	O
cette	O
ville	O
,	O
sans	O
avoir	O
l'	O
importance	O
qu'	O
elle	O
a	O
acquise	O
aujourd'hui	O
par	O
le	O
développement	O
de	O
ses	O
manufactures	O
,	O
fit	O
une	O
certaine	O
impression	O
sur	O
le	O
colporteur	O
.	O
À	O
mesure	O
qu'	O
il	O
s'	O
éloignait	O
,	O
il	O
sentait	O
la	O
responsabilité	O
qui	O
pesait	O
sur	O
lui	O
.	O
La	O
solitude	O
de	O
la	O
campagne	O
ne	O
l'	O
avait	O
point	O
effrayé	O
;	O
mais	O
comme	O
il	O
approchait	O
de	O
Strasbourg	B-Place
,	O
terme	O
de	O
son	O
ambition	O
,	O
il	O
n'	O
était	O
plus	O
si	O
sûr	O
de	O
lui-même	O
.	O
</p>	O
<p n='FR0379234'>	O
L'	O
auberge	O
où	O
il	O
entra	O
était	O
pleine	O
de	O
monde	O
,	O
car	O
c'	O
était	O
un	O
jour	O
de	O
marché	O
.	O
Une	O
trentaine	O
d'	O
hommes	O
étaient	O
attablés	O
,	O
parlant	O
tout	O
haut	O
de	O
leurs	O
affaires	O
,	O
discutant	O
avec	O
le	O
ton	O
qui	O
annonce	O
une	O
querelle	O
inévitable	O
,	O
d'	O
autres	O
jouaient	O
à	O
les	O
cartes	O
,	O
à	O
les	O
dominos	O
et	O
n'	O
étaient	O
guère	O
plus	O
paisibles	O
.	O
Tous	O
les	O
regards	O
se	O
portèrent	O
sur	O
le	O
petit	O
marchand	O
,	O
lorsqu'il	O
entra	O
.	O
</p>	O
<p n='FR0379235'>	O
L'	O
apparition	O
d'	O
un	O
enfant	O
excite	O
toujours	O
l'	O
intérêt	O
ou	O
la	O
curiosité	O
:	O
les	O
plus	O
indifférents	O
ne	O
purent	O
s'	O
empêcher	O
de	O
considérer	O
le	O
petit	O
marchand	B-Role
de	O
bonne	O
mine	O
,	O
bien	O
équipé	O
;	O
mais	O
il	O
est	O
rare	O
que	O
dans	O
une	O
de	O
ces	O
réunions	O
bruyantes	O
,	O
il	O
ne	O
se	O
rencontre	O
quelque	O
méchant	O
qui	O
trouve	O
son	O
plaisir	O
à	O
opprimer	O
l'	O
innocence	O
.	O
</p>	O
</sample>	O
<sample>	O
<p n='FR0379488'>	O
Ce	O
n'	O
était	O
pas	O
l'	O
avis	O
de	O
Pierre	B-Pers
.	O
La	O
protection	O
visible	O
de	O
la	O
providence	O
lui	O
semblait	O
un	O
gage	O
de	O
sûreté	O
pour	O
l'	O
avenir	O
.	O
Mais	O
le	O
voilà	O
donc	O
arrêté	O
de	O
nouveau	O
dans	O
sa	O
course	O
!	O
Nous	O
ne	O
pouvons	O
pas	O
le	O
laisser	O
dix	O
jours	O
chez	O
son	O
hôte	O
charitable	O
,	O
sans	O
faire	O
connaître	O
ce	O
brave	O
homme	O
à	O
nos	O
lecteurs	O
.	O
</p>	O
<p n='FR0379489'>	O
Depuis	O
vingt	O
ans	O
,	O
M.	B-Pers
Vincent	I-Pers
était	O
maître	B-Role
d'	I-Role
école	I-Role
de	O
Brumath	B-Place
.	O
C'	O
était	O
un	O
homme	O
d'	O
un	O
caractère	O
ferme	O
et	O
doux	O
à	O
la	O
fois	O
.	O
Chrétien	O
instruit	O
et	O
charitable	O
,	O
il	O
ne	O
bornait	O
pas	O
sa	O
mission	O
à	O
apprendre	O
à	O
ses	O
élèves	O
la	O
lecture	O
,	O
l'	O
écriture	O
,	O
l'	O
orthographe	O
et	O
les	O
quatre	O
règles	O
,	O
mais	O
il	O
voyait	O
,	O
dans	O
ces	O
petits	O
blondins	O
,	O
des	O
hommes	O
,	O
des	O
Alsaciens	B-Demo
dont	O
le	O
caractère	O
pouvait	O
avoir	O
une	O
bonne	O
ou	O
une	O
mauvaise	O
influence	O
sur	O
le	O
pays	O
.	O
M.	B-Pers
Vincent	I-Pers
n'	O
épargnait	O
rien	O
pour	O
gagner	O
le	O
cœur	O
de	O
ses	O
élèves	O
,	O
il	O
jouait	O
avec	O
les	O
petits	O
et	O
causait	O
avec	O
les	O
plus	O
grands	O
.	O
Il	O
était	O
consulté	O
sur	O
le	O
métier	O
à	O
prendre	O
;	O
plus	O
tard	O
on	O
lui	O
demandait	O
son	O
avis	O
sur	O
un	O
projet	O
de	O
mariage	O
.	O
</p>	O
<p n='FR0379490'>	O
Le	O
maître	B-Role
d'	I-Role
école	I-Role
était	O
parvenu	O
à	O
réunir	O
ses	O
élèves	O
le	O
dimanche	O
soir	O
chez	O
lui	O
.	O
Là	O
,	O
on	O
causait	O
de	O
toutes	O
sortes	O
de	O
choses	O
.	O
Souvent	O
le	O
maître	B-Role
prenait	O
la	O
parole	O
et	O
captivait	O
son	O
auditoire	O
par	O
des	O
récits	O
intéressants	O
.	O
Dans	O
les	O
grands	O
jours	O
,	O
les	O
chopes	O
de	O
bière	O
circulaient	O
.	O
</p>	O
<p n='FR0379491'>	O
L'	O
été	O
,	O
ces	O
réunions	O
se	O
tenaient	O
à	O
la	O
porte	O
de	O
l'	O
école	O
,	O
ombragée	O
par	O
trois	O
tilleuls	O
;	O
l'	O
hiver	O
on	O
se	O
tenait	O
près	O
de	O
le	O
poêle	O
.	O
</p>	O
<p n='FR0379492'>	O
Petit	B-Pers
Pierre	I-Pers
ne	O
pouvait	O
pas	O
s'	O
ennuyer	O
en	O
si	O
nombreuse	O
et	O
si	O
bonne	O
compagnie	O
.	O
M.	B-Pers
Vincent	I-Pers
eut	O
bien	O
vite	O
fait	O
connaissance	O
avec	O
son	O
hôte	O
,	O
et	O
celui-ci	O
,	O
se	O
sentant	O
protégé	O
,	O
aimé	O
,	O
à	O
cause	O
de	O
sa	O
jeunesse	O
et	O
de	O
son	O
malheur	O
,	O
lui	O
raconta	O
toute	O
son	O
histoire	O
.	O
</p>	O
<p n='FR0379493'>	O
Le	O
vieillard	O
y	O
prit	O
grand	O
intérêt	O
,	O
et	O
en	O
entendant	O
si	O
bien	O
parler	O
Pierre	B-Pers
,	O
il	O
regrettait	O
presque	O
de	O
ne	O
pouvoir	O
garder	O
auprès	O
de	O
lui	O
un	O
garçon	O
sage	O
et	O
instruit	O
qui	O
,	O
avec	O
le	O
temps	O
,	O
aurait	O
pu	O
devenir	O
un	O
homme	O
accompli	O
;	O
mais	O
il	O
admirait	O
avec	O
quelle	O
énergie	O
un	O
enfant	O
de	O
quatorze	O
ans	O
persistait	O
dans	O
une	O
voie	O
pleine	O
de	O
difficultés	O
et	O
de	O
dangers	O
.	O
"	O
Voyez	O
-vous	O
,	O
disait	O
Pierre	B-Pers
à	O
le	O
bon	O
maître	B-Role
d'	I-Role
école	I-Role
,	O
je	O
veux	O
être	O
le	O
soutien	O
de	O
ma	B-Rolemisc
mère	I-Rolemisc
et	O
de	O
ma	B-Rolemisc
sœur	I-Rolemisc
:	O
c'	O
est	O
mon	O
devoir	O
.	O
Cette	O
pauvre	O
mère	B-Rolemisc
!	O
Elle	O
a	O
tant	O
travaillé	O
pour	O
nous	O
élever	O
!	O
Bien	O
souvent	O
,	O
je	O
l'	O
ai	O
entendue	O
pleurer	O
la	O
nuit	O
.	O
Je	O
pleurais	O
un	O
peu	O
aussi	O
,	O
moi	O
,	O
mais	O
je	O
me	O
disais	O
:	O
dormons	O
vite	O
pour	O
devenir	O
grand	O
et	O
travailler	O
ferme	O
.	O
Oh	O
!	O
non	O
,	O
je	O
ne	O
renoncerai	O
pas	O
à	O
mon	O
petit	O
commerce	O
.	O
Je	O
mange	O
mon	O
pain	O
noir	O
le	O
premier	O
,	O
et	O
encore	O
,	O
n'	O
est	O
-il	O
pas	O
bien	O
noir	O
!	O
"	O
</p>	O
</sample>	O
<sample>	O
<p n='FR0379120'>	O
LA	O
COMTESSE	B-Role
</p>	O
<p n='FR0379121'>	O
Étale	O
ta	O
marchandise	O
:	O
nous	O
allons	O
t'	O
étrenner	O
;	O
il	O
faut	O
voir	O
comment	O
tu	O
t'	O
y	O
prendras	O
.	O
</p>	O
<p n='FR0379122'>	O
Petit	B-Pers
Pierre	I-Pers
n'	O
était	O
embarrassé	O
de	O
rien	O
:	O
il	O
fit	O
valoir	O
chacun	O
des	O
objets	O
qu'	O
il	O
rangeait	O
sur	O
la	O
table	O
,	O
comme	O
s'	O
il	O
n'	O
eût	O
fait	O
que	O
cela	O
toute	O
sa	O
vie	O
.	O
Madeleine	B-Pers
n'	O
en	O
revenait	O
pas	O
!	O
Tout	O
le	O
monde	O
fit	O
des	O
emplettes	O
;	O
le	O
comte	O
lui-même	O
sortit	O
de	O
son	O
cabinet	O
pour	O
acheter	O
des	O
plumes	O
de	O
fer	O
dont	O
il	O
n'	O
usait	O
jamais	O
.	O
</p>	O
<p n='FR0379123'>	O
Le	O
petit	O
marchand	B-Role
était	O
radieux	O
,	O
il	O
tira	O
un	O
carnet	O
de	O
sa	O
poche	O
,	O
inscrivit	O
les	O
objets	O
vendus	O
,	O
remit	O
la	O
marchandise	O
en	O
ordre	O
.	O
Après	O
avoir	O
renouvelé	O
leurs	O
remerciements	O
,	O
la	O
mère	B-Rolemisc
et	O
les	O
enfants	B-Rolemisc
se	O
disposaient	O
à	O
partir	O
,	O
lorsque	O
la	O
comtesse	B-Role
les	O
engagea	O
à	O
passer	O
à	O
l'	O
office	O
où	O
les	O
attendait	O
un	O
plat	O
de	O
choucroute	O
et	O
un	O
pot	O
de	O
bière	O
.	O
</p>	O
<p n='FR0379124'>	O
Avec	O
quel	O
empressement	O
furent	O
servis	O
les	O
protégés	O
de	O
le	O
château	O
!	O
</p>	O
<p n='FR0379125'>	O
MARIANNE	B-Pers
</p>	O
<p n='FR0379126'>	O
Allons	O
,	O
Petit	B-Pers
Pierre	I-Pers
,	O
faites	O
donc	O
honneur	O
à	O
ma	B-Rolemisc
cuisine	I-Rolemisc
mieux	O
que	O
ça	O
!	O
Vous	O
allez	O
passer	O
par	O
Walbourg	B-Place
,	O
mon	O
village	O
.	O
En	O
entrant	O
,	O
vous	O
verrez	O
à	O
main	O
droite	O
,	O
une	O
maison	O
qui	O
a	O
deux	O
fenêtres	O
,	O
il	O
y	O
a	O
un	O
vieux	O
banc	O
de	O
pierre	O
devant	O
la	O
porte	O
.	O
C'	O
est	O
là	O
que	O
demeure	O
Rose	B-Pers
,	O
ma	O
sœur	B-Rolemisc
aînée	I-Rolemisc
,	O
entrez	O
et	O
dites	O
-lui	O
bonjour	O
de	O
ma	O
part	O
.	O
C'	O
est	O
une	O
bonne	O
connaissance	O
.	O
Je	O
suis	O
sûre	O
qu'	O
elle	O
vous	O
achètera	O
pour	O
trois	O
francs	O
sans	O
compter	O
un	O
verre	O
de	O
bière	O
.	O
Elle	O
a	O
bon	O
cœur	O
et	O
elle	O
est	O
joliment	O
à	O
son	O
aise	O
.	O
Si	O
les	O
maîtres	O
sont	O
encore	O
à	O
le	O
château	O
,	O
c'	O
est	O
moi	O
qui	O
vous	O
le	O
dis	O
,	O
vous	O
ferez	O
d'	O
aussi	O
bonnes	O
affaires	O
que	O
chez	O
nous	O
.	O
</p>	O
<p n='FR0379127'>	O
Il	O
fallut	O
cependant	O
quitter	O
un	O
si	O
bon	O
gîte	O
et	O
se	O
séparer	O
!	O
</p>	O
<p n='FR0379128'>	O
Madeleine	B-Pers
avait	O
formé	O
en	O
secret	O
le	O
projet	O
d'	O
accompagner	O
Petit	B-Pers
Pierre	I-Pers
jusqu'à	O
Marienthal	B-Fac
,	O
célèbre	O
pèlerinage	O
d'	O
Alsace	B-Place
où	O
chacun	O
va	O
se	O
recommander	O
à	O
la	O
Mère	B-Pers
de	I-Pers
Dieu	I-Pers
.	O
La	O
pauvre	O
veuve	O
se	O
disait	O
qu'	O
elle	O
s'	O
en	O
retournerait	O
plus	O
tranquille	O
après	O
avoir	O
prié	O
avec	O
son	B-Rolemisc
fils	I-Rolemisc
dans	O
ce	O
pieux	O
sanctuaire	O
;	O
mais	O
elle	O
comprit	O
,	O
sans	O
qu'	O
il	O
fût	O
besoin	O
de	O
le	O
lui	O
dire	O
,	O
qu'	O
une	O
pareille	O
entreprise	O
avec	O
Christine	B-Pers
était	O
de	O
toute	O
impossibilité	O
.	O
Déjà	O
la	O
petite	O
fille	O
était	O
bien	O
lasse	O
;	O
il	O
fallut	O
donc	O
se	O
contenter	O
de	O
faire	O
quelques	O
centaines	O
de	O
pas	O
dans	O
la	O
direction	O
de	O
Walbourg	B-Place
;	O
puis	O
le	O
moment	O
venu	O
elle	O
embrassa	O
son	B-Rolemisc
fils	I-Rolemisc
,	O
lui	O
recommandant	O
la	O
prudence	O
et	O
la	O
fidélité	O
à	O
ses	O
devoirs	O
.	O
</p>	O
<p n='FR0379129'>	O
Petit	B-Pers
Pierre	I-Pers
déchargea	O
un	O
instant	O
ses	O
épaules	O
pour	O
mieux	O
embrasser	O
sa	B-Rolemisc
mère	I-Rolemisc
et	O
sa	B-Rolemisc
sœur	I-Rolemisc
,	O
leur	O
promettant	O
des	O
lettres	O
affranchies	O
partout	O
où	O
il	O
pourrait	O
écrire	O
et	O
des	O
surprises	O
à	O
son	O
prochain	O
retour	O
.	O
"	O
Car	O
je	O
ne	O
vais	O
pas	O
en	O
Amérique	B-Place
,	O
moi	O
,	O
ajouta	O
-t-il	O
pour	O
raffermir	O
son	O
cœur	O
et	O
celui	O
de	O
sa	B-Rolemisc
mère	I-Rolemisc
,	O
et	O
s'	O
il	O
vous	O
arrivait	O
de	O
le	O
mal	O
je	O
serais	O
bientôt	O
là	O
...	O
adieu	O
,	O
adieu	O
...	O
à	O
le	O
revoir	O
!	O
"	O
</p>	O
</sample>	O
<sample>	O
<p n='FR0379827'>	O
Je	O
ne	O
pense	O
pas	O
qu'	O
il	O
voulût	O
te	O
tuer	O
,	O
ma	O
chérie	O
,	O
mais	O
te	O
ramener	O
et	O
se	O
faire	O
donner	O
une	O
somme	O
d'	O
argent	O
.	O
</p>	O
<p n='FR0379828'>	O
LOLOTTE	B-Pers
</p>	O
<p n='FR0379829'>	O
Le	O
méchant	B-Role
!	O
Est	O
-ce	O
que	O
tous	O
les	O
hommes	O
noirs	O
sont	O
méchants	O
comme	O
ça	O
?	O
</p>	O
<p n='FR0379830'>	O
LA	O
MÈRE	B-Rolemisc
</p>	O
<p n='FR0379831'>	O
Non	O
,	O
chère	O
enfant	O
;	O
mais	O
tous	O
ceux	O
qui	O
ont	O
perdu	O
la	O
crainte	O
de	O
Dieu	B-Pers
,	O
quelle	O
que	O
soit	O
la	O
couleur	O
de	O
leur	O
visage	O
,	O
sont	O
capables	O
de	O
tous	O
les	O
crimes	O
.	O
"	O
</p>	O
<p n='FR0379832'>	O
Le	O
petit	O
lit	O
de	O
Lolotte	B-Pers
fut	O
mis	O
à	O
côté	O
de	O
celui	O
de	O
sa	B-Rolemisc
mère	I-Rolemisc
qui	O
passa	O
la	O
nuit	O
à	O
regarder	O
dormir	O
paisiblement	O
son	O
enfant	O
.	O
</p>	O
<p n='FR0379833'>	O
Pierre	B-Pers
introduit	O
auprès	O
de	O
M.	B-Pers
et	I-Pers
de	I-Pers
Mme	I-Pers
de	I-Pers
Vernes	I-Pers
confirma	O
le	O
récit	O
de	O
la	O
petite	O
fille	O
.	O
Les	O
larmes	O
coulèrent	O
encore	O
,	O
puis	O
on	O
se	O
réjouit	O
.	O
</p>	O
<p n='FR0379834'>	O
La	O
reconnaissance	O
de	O
le	O
père	B-Rolemisc
et	O
de	O
la	O
mère	B-Rolemisc
était	O
sans	O
borne	O
.	O
Que	O
pouvons	O
-nous	O
faire	O
,	O
disaient	O
-ils	O
,	O
pour	O
nous	O
acquitter	O
envers	O
vous	O
?	O
Nous	O
y	O
avons	O
songé	O
toute	O
la	O
nuit	O
.	O
Quelle	O
somme	O
d'	O
argent	O
vous	O
mettrait	O
à	O
même	O
de	O
renoncer	O
à	O
votre	O
pénible	O
métier	O
?	O
</p>	O
<p n='FR0379835'>	O
PIERRE	B-Pers
</p>	O
<p n='FR0379836'>	O
Je	O
vous	O
en	O
prie	O
,	O
monsieur	O
,	O
ne	O
dites	O
pas	O
de	O
mal	O
de	O
mon	O
métier	O
;	O
vous	O
lui	O
devez	O
votre	O
enfant	O
,	O
et	O
moi	O
la	O
plus	O
douce	O
des	O
satisfactions	O
.	O
Si	O
j'	O
étais	O
resté	O
dans	O
mon	O
village	O
,	O
je	O
n'	O
aurais	O
probablement	O
jamais	O
fait	O
un	O
pareil	O
exploit	O
.	O
</p>	O
<p n='FR0379837'>	O
Le	O
ministre	B-Role
voulait	O
donner	O
une	O
grosse	O
somme	O
d'	O
argent	O
à	O
Lipp	B-Pers
qui	O
s'	O
obstina	O
à	O
ne	O
la	O
point	O
recevoir	O
.	O
"	O
Non	O
,	O
monsieur	O
,	O
disait	O
-il	O
,	O
je	O
ne	O
veux	O
pas	O
accepter	O
l'	O
argent	O
que	O
le	O
misérable	O
aurait	O
reçu	O
en	O
vous	O
ramenant	O
votre	O
enfant	O
.	O
"	O
</p>	O
<p n='FR0379838'>	O
Ce	O
raisonnement	O
parut	O
juste	O
à	O
M.	B-Pers
de	I-Pers
Vernes	I-Pers
,	O
et	O
,	O
après	O
beaucoup	O
de	O
débats	O
,	O
voici	O
ce	O
qu'	O
on	O
décida	O
:	O
</p>	O
<p n='FR0379839'>	O
Le	O
colporteur	B-Role
resterait	O
à	O
Carlsruhe	B-Place
pour	O
témoigner	O
dans	O
l'	O
affaire	O
;	O
devenu	O
libre	O
,	O
il	O
voyagerait	O
à	O
les	O
frais	O
de	O
M.	B-Pers
de	I-Pers
Vernes	I-Pers
,	O
en	O
chemin	O
de	O
fer	O
ou	O
en	O
bateau	O
à	O
vapeur	O
;	O
sa	O
bourse	O
bien	O
garnie	O
,	O
lui	O
permettrait	O
d'	O
acheter	O
dans	O
les	O
villes	O
,	O
où	O
il	O
passerait	O
,	O
les	O
objets	O
spéciaux	O
de	O
le	O
pays	O
;	O
arrivé	O
à	O
Strasbourg	B-Place
,	O
il	O
achèterait	O
une	O
petite	O
carriole	O
et	O
un	O
cheval	O
;	O
il	O
irait	O
directement	O
dans	O
les	O
bourgs	O
,	O
frapperait	O
à	O
la	O
porte	O
des	O
châteaux	O
et	O
,	O
toute	O
sa	O
vie	O
,	O
il	O
tiendrait	O
M.	B-Pers
de	I-Pers
Vernes	I-Pers
à	O
le	O
courant	O
de	O
ses	O
affaires	O
et	O
compterait	O
sur	O
son	O
appui	O
.	O
</p>	O
<p n='FR0379840'>	O
Le	O
jeune	O
Alsacien	B-Demo
accepta	O
ces	O
conditions	O
,	O
tout	O
en	O
étant	O
un	O
peu	O
effrayé	O
de	O
la	O
rapidité	O
de	O
sa	O
fortune	O
.	O
</p>	O
<p n='FR0379841'>	O
L'	O
homme	O
de	O
couleur	O
qui	O
avait	O
enlevé	O
la	O
petite	O
fille	O
fut	O
arrêté	O
à	O
le	O
moment	O
où	O
il	O
prenait	O
le	O
train	O
de	O
Manheim	B-Place
.	O
Il	O
avoua	O
que	O
le	O
but	O
de	O
son	O
crime	O
avait	O
été	O
d'	O
obtenir	O
de	O
l'	O
argent	O
,	O
en	O
ramenant	O
Lolotte	B-Pers
comme	O
s'	O
il	O
l'	O
avait	O
trouvée	O
.	O
Cette	O
spéculation	O
n'	O
était	O
pas	O
un	O
coup	O
d'	O
essai	O
.	O
Déjà	O
à	O
Londres	B-Place
et	O
à	O
New-York	B-Place
il	O
avait	O
ainsi	O
extorqué	O
des	O
sommes	O
assez	O
considérables	O
.	O
Ce	O
malheureux	O
donnait	O
à	O
ses	O
victimes	O
un	O
breuvage	O
narcotique	O
dont	O
il	O
calculait	O
l'	O
effet	O
afin	O
de	O
pouvoir	O
disparaître	O
en	O
emportant	O
sa	O
récompense	O
avant	O
que	O
l'	O
enfant	O
eût	O
repris	O
connaissance	O
.	O
</p>	O
</sample>	O
</samples>	O
