Word	Tag
<?xml version='1.0' encoding='UTF-8'?>	O
<samples n='FR0348'>	O
<sample>	O
<p n='FR034822'>	O
J'	O
ai	O
tout	O
dit	O
,	O
c'	O
était	O
trop	O
agaçant	O
de	O
sentir	O
tourner	O
la	O
petite	O
vrille	O
intérieure	O
.	O
Maman	B-Rolemisc
est	O
tombée	O
des	O
nues	O
.	O
Louis	B-Pers
!	O
un	O
modèle	O
!	O
Elle	O
a	O
voulu	O
des	O
preuves	O
:	O
j'	O
ai	O
couru	O
chez	O
le	O
marchand	B-Role
de	I-Role
journaux	I-Role
en	O
face	O
et	O
j'	O
ai	O
acheté	O
les	O
caricatures	O
que	O
Louis	B-Pers
m'	O
avait	O
montrées	O
en	O
pouffant	O
de	O
rire	O
.	O
Ma	B-Rolemisc
mère	I-Rolemisc
n'	O
a	O
plus	O
douté	O
et	O
m'	O
a	O
embrassé	O
pour	O
me	O
remercier	O
d'	O
avoir	O
obéi	O
à	O
ma	O
conscience	O
.	O
</p>	O
<p n='FR034823'>	O
Elle	O
m'	O
a	O
bien	O
expliqué	O
la	O
différence	O
qui	O
existe	O
entre	O
un	O
vil	O
espionnage	O
et	O
le	O
témoignage	O
de	O
confiance	O
donné	O
à	O
ceux	O
qui	O
sont	O
chargés	O
de	O
nous	O
,	O
et	O
j'	O
ai	O
répondu	O
bien	O
sincèrement	O
à	O
les	O
questions	O
qu'	O
elle	O
m'	O
a	O
adressées	O
sur	O
Louis	B-Pers
.	O
</p>	O
<p n='FR034824'>	O
Mais	O
comme	O
j'	O
ai	O
été	O
saisi	O
quand	O
elle	O
m'	O
a	O
dit	O
:	O
"	O
Mon	B-Rolemisc
enfant	I-Rolemisc
,	O
je	O
te	O
remercie	O
;	O
je	O
vais	O
écrire	O
à	O
ta	B-Rolemisc
tante	I-Rolemisc
sur-le-champ	O
.	O
Il	O
m'	O
est	O
encore	O
possible	O
de	O
refuser	O
sa	O
proposition	O
.	O
</p>	O
<p n='FR034825'>	O
--	O
Ah	O
!	O
mon	O
Dieu	O
!	O
et	O
le	O
lac	O
!	O
me	O
suis	O
-je	O
écrié	O
tout	O
plaintif	O
.	O
</p>	O
<p n='FR034826'>	O
--	O
Certes	O
,	O
nous	O
fuirons	O
le	O
lac	O
,	O
mon	O
Robert	B-Pers
,	O
m'	O
a	O
-t-elle	O
dit	O
,	O
ou	O
plutôt	O
nous	O
fuirons	O
Louis	B-Pers
,	O
qui	O
te	O
donne	O
de	O
si	O
mauvais	O
conseils	O
;	O
mais	O
puisque	O
tu	O
t'	O
es	O
montré	O
consciencieux	O
,	O
je	O
te	O
récompenserai	O
,	O
je	O
ferai	O
tous	O
les	O
sacrifices	O
d'	O
argent	O
nécessaires	O
et	O
nous	O
irons	O
jusqu'à	O
la	O
mer	O
.	O
"	O
</p>	O
<p n='FR034827'>	O
Lui	O
ai	O
-je	O
sauté	O
à	O
le	O
cou	O
!	O
La	O
mer	O
!	O
Mais	O
c'	O
est	O
mon	O
rêve	O
!	O
La	O
mer	O
!	O
mais	O
c'	O
est	O
ma	O
passion	O
!	O
Que	O
Louis	B-Pers
garde	O
son	O
lac	O
et	O
ses	O
affreux	O
journaux	O
,	O
nous	O
irons	O
à	O
la	O
mer	O
,	O
ce	O
sera	O
autrement	O
amusant	O
.	O
</p>	O
<p n='FR034828'>	O
En	O
quittant	O
maman	B-Rolemisc
,	O
j'	O
ai	O
compté	O
ce	O
que	O
j'	O
ai	O
dans	O
ma	O
bourse	O
;	O
il	O
va	O
me	O
falloir	O
bien	O
des	O
choses	O
:	O
de	O
la	O
ficelle	O
fine	O
pour	O
filets	O
,	O
des	O
hameçons	O
,	O
une	O
ligne	O
,	O
des	O
espadrilles	O
,	O
un	O
traité	O
sur	O
la	O
pêche	O
,	O
etc.	O
;	O
mes	O
vingt	O
francs	O
y	O
passeront	O
.	O
</p>	O
<p n='FR034829'>	O
Maman	B-Rolemisc
a	O
écrit	O
à	O
ma	B-Rolemisc
tante	I-Rolemisc
,	O
j'	O
ai	O
fait	O
flamber	O
les	O
journaux	O
de	O
Louis	B-Pers
.	O
À	O
bas	O
le	O
lac	O
et	O
vive	O
la	O
mer	O
!	O
</p>	O
<p n='FR034830'>	O
Les	O
journées	O
,	O
les	O
heures	O
,	O
me	O
semblent	O
interminables	O
.	O
Être	O
toujours	O
dans	O
ce	O
four	O
qui	O
s'	O
appelle	O
Paris	B-Place
quand	O
l'	O
Océan	B-Place
vous	O
appelle	O
!	O
</p>	O
<p n='FR034831'>	O
Nous	O
allons	O
décidément	O
à	O
Saint-Pierre	B-Place
,	O
où	O
nous	O
trouverons	O
mon	B-Pers
oncle	I-Pers
Alphonse	I-Pers
,	O
ma	B-Pers
tante	I-Pers
Fanny	I-Pers
et	O
une	O
grappe	O
de	O
cousins	B-Rolemisc
.	O
</p>	O
<p n='FR034832'>	O
Une	O
seule	O
chose	O
m'	O
ennuie	O
,	O
il	O
y	O
a	O
une	O
petite	O
fille	O
.	O
J'	O
ai	O
remarqué	O
que	O
les	O
petites	O
filles	O
sont	O
souvent	O
difficiles	O
,	O
babillardes	O
,	O
ennuyeuses	O
et	O
se	O
plaignent	O
de	O
tout	O
comme	O
des	O
dames	O
nerveuses	O
.	O
</p>	O
<p n='FR034833'>	O
Moi	O
qui	O
veux	O
devenir	O
officier	O
,	O
je	O
n'	O
entends	O
pas	O
passer	O
mon	O
temps	O
à	O
porter	O
la	O
poupée	O
ou	O
le	O
parasol	O
d'	O
une	B-Rolemisc
petite	I-Rolemisc
Madame	I-Rolemisc
qui	O
m'	O
invitera	O
à	O
ses	O
dînettes	O
.	O
</p>	O
<p n='FR034834'>	O
Maman	B-Rolemisc
a	O
lu	O
ceci	O
par-dessus	O
mon	O
épaule	O
,	O
et	O
m'	O
a	O
grondé	O
en	O
me	O
disant	O
qu'	O
elle	O
ne	O
me	O
croyait	O
pas	O
aussi	O
égoïste	O
.	O
</p>	O
<p n='FR034835'>	O
Je	O
lui	O
ai	O
promis	O
d'	O
être	O
très	O
poli	O
pour	O
ma	B-Pers
cousine	I-Pers
Berthe	I-Pers
,	O
qui	O
a	O
dix	O
ans	O
et	O
est	O
très	O
gentille	O
pour	O
ses	B-Rolemisc
frères	I-Rolemisc
.	O
</p>	O
</sample>	O
<sample>	O
<p n='FR0348626'>	O
Juge	O
ce	O
que	O
nous	O
avons	O
répondu	O
.	O
</p>	O
<p n='FR0348627'>	O
"	O
Eh	O
bien	O
,	O
promettez	O
-moi	O
d'	O
être	O
dociles	O
même	O
en	O
ne	O
comprenant	O
pas	O
mes	O
ordres	O
.	O
"	O
Nous	O
avons	O
promis	O
de	O
l'	O
être	O
.	O
</p>	O
<p n='FR0348628'>	O
Et	O
maintenant	O
,	O
bonsoir	O
,	O
ma	B-Rolemisc
mère	I-Rolemisc
:	O
je	O
suis	O
de	O
l'	O
avis	O
de	O
Gaston	B-Pers
,	O
mon	B-Rolemisc
oncle	I-Rolemisc
va	O
faire	O
un	O
coup	O
d'	O
État	O
.	O
</p>	O
<p n='FR0348629'>	O
Nous	O
avons	O
monté	O
une	O
scie	O
à	O
Louis	B-Pers
qui	O
est	O
guéri	O
et	O
qui	O
nous	O
boude	O
depuis	O
Lorient	B-Place
.	O
À	O
table	O
,	O
sitôt	O
qu'	O
il	O
boit	O
,	O
nous	O
nous	O
inclinons	O
gravement	O
Souvent	O
même	O
Gaston	B-Pers
se	O
détourne	O
vers	O
moi	O
et	O
me	O
dit	O
à	O
demi-voix	O
:	O
</p>	O
<p n='FR0348630'>	O
"	O
Quel	O
homme	O
!	O
il	O
sait	O
boire	O
.	O
"	O
</p>	O
<p n='FR0348631'>	O
Ma	O
tante	B-Pers
Ludovic	I-Pers
,	O
qui	O
devine	O
nos	O
tiraillements	O
,	O
fait	O
sans	O
cesse	O
gronder	O
Gaston	B-Pers
.	O
</p>	O
<p n='FR0348632'>	O
Ma	O
tante	B-Pers
Alphonse	O
est	O
si	O
bonne	O
qu'	O
elle	O
voudrait	O
nous	O
voir	O
présenter	O
la	O
joue	O
gauche	O
quand	O
on	O
nous	O
frappe	O
sur	O
la	O
joue	O
droite	O
.	O
Toute	O
la	O
mauvaise	O
humeur	O
de	O
Louis	B-Pers
retombe	O
sur	O
la	O
pauvre	O
Marguerite	B-Pers
.	O
Si	O
tu	O
entendais	O
l'	O
impertinent	O
!	O
</p>	O
<p n='FR0348633'>	O
--	O
Viens	O
ici	O
.	O
--	O
Porte	O
-moi	O
mon	O
pliant	O
.	O
--	O
Va	O
me	O
chercher	O
à	O
boire	O
.	O
--	O
Que	O
tu	O
es	O
ridiculement	O
coiffée	O
!	O
--	O
Tu	O
as	O
l'	O
air	O
abruti	O
!	O
</p>	O
<p n='FR0348634'>	O
Enfin	O
c'	O
est	O
révoltant	O
.	O
</p>	O
<p n='FR0348635'>	O
"	O
Qui	O
nous	O
délivrera	O
de	O
ce	O
petit-crevé	O
?	O
a	O
crié	O
Gaston	B-Pers
en	O
levant	O
les	O
bras	O
par	O
un	O
geste	O
désespéré	O
.	O
</p>	O
<p n='FR0348636'>	O
--	O
Petit	O
quoi	O
?	O
a	O
reparti	O
Berthe	B-Pers
qui	O
mettait	O
un	O
chignon	O
à	O
Mignonnette	B-Pers
.	O
</p>	O
<p n='FR0348637'>	O
--	O
Petit	O
rien	O
,	O
a	O
dit	O
Gaston	B-Pers
,	O
rien	O
pour	O
toi	O
de	O
le	O
moins	O
.	O
</p>	O
<p n='FR0348638'>	O
--	O
Disons	O
le	O
petit	O
Cr	O
...	O
,	O
ai	O
-je	O
dit	O
en	O
riant	O
,	O
Berthe	B-Pers
la	O
curieuse	O
sera	O
prise	O
.	O
"	O
</p>	O
<p n='FR0348639'>	O
Le	O
reste	O
de	O
la	O
journée	O
nous	O
avons	O
appelé	O
Louis	B-Pers
le	O
petit	O
Cr	O
...	O
Qu'	O
il	O
nous	O
a	O
fait	O
enrager	O
!	O
</p>	O
<p n='FR0348640'>	O
Il	O
a	O
empêché	O
une	O
charmante	O
partie	O
de	O
pêche	O
et	O
il	O
nous	O
regardait	O
d'	O
un	O
air	O
si	O
narquois	O
que	O
,	O
sans	O
Marguerite	B-Pers
,	O
nous	O
l'	O
eussions	O
rudement	O
étrillé	O
.	O
</p>	O
<p n='FR0348641'>	O
Marguerite	B-Pers
se	O
place	O
toujours	O
comme	O
un	O
bouclier	O
entre	O
nos	O
poings	O
et	O
l'	O
illustre	O
dos	O
de	O
le	O
petit-crevé	O
,	O
et	O
celui-ci	O
abusant	O
lâchement	O
de	O
notre	O
délicatesse	O
,	O
nous	O
fait	O
endêver	O
sans	O
vergogne	O
.	O
</p>	O
<p n='FR0348642'>	O
Je	O
t'	O
annonce	O
une	O
drôle	O
de	O
nouvelle	O
,	O
nous	O
n'	O
avons	O
plus	O
que	O
quinze	O
jours	O
de	O
vacances	O
et	O
mon	B-Rolemisc
oncle	I-Rolemisc
nous	O
a	O
déclaré	O
ce	O
matin	O
,	O
très	O
sérieusement	O
,	O
qu'	O
il	O
allait	O
nous	O
faire	O
reprendre	O
nos	O
études	O
.	O
Quatre	O
heures	O
de	O
classe	O
par	O
jour	O
!	O
Excusez	O
de	O
le	O
peu	O
!	O
J'	O
ai	O
promis	O
à	O
mon	B-Rolemisc
oncle	I-Rolemisc
de	O
lui	O
obéir	O
,	O
je	O
le	O
ferai	O
;	O
mais	O
ceci	O
me	O
révolte	O
bien	O
à	O
le	O
dedans	O
.	O
</p>	O
<p n='FR0348643'>	O
Encore	O
une	O
bonne	O
farce	O
de	O
Berthe	B-Pers
qui	O
est	O
légèrement	O
curieuse	O
.	O
Aujourd'hui	O
elle	O
voulait	O
nous	O
faire	O
expliquer	O
qui	O
était	O
le	O
petit	O
Cr	O
...	O
,	O
ce	O
que	O
voulait	O
dire	O
le	O
petit	O
Cr	O
...	O
</p>	O
<p n='FR0348644'>	O
"	O
Cherche	O
"	O
,	O
lui	O
avons	O
-nous	O
répondu	O
.	O
</p>	O
<p n='FR0348645'>	O
Elle	O
a	O
cherché	O
et	O
s'	O
est	O
écriée	O
:	O
</p>	O
<p n='FR0348646'>	O
"	O
Le	O
petit	O
cancre	O
!	O
"	O
</p>	O
<p n='FR0348647'>	O
Nous	O
sommes	O
partis	O
en	O
riant	O
à	O
les	O
éclats	O
:	O
son	O
bon	O
mot	O
nous	O
vengeait	O
des	O
maussaderies	O
de	O
Louis	B-Pers
qui	O
devient	O
de	O
plus	O
en	O
plus	O
agacé	O
,	O
de	O
plus	O
en	O
plus	O
nerveux	O
.	O
</p>	O
</sample>	O
<sample>	O
<p n='FR0348515'>	O
--	O
Prétentieux	O
,	O
et	O
puis	O
cela	O
ne	O
fait	O
pas	O
image	O
.	O
</p>	O
<p n='FR0348516'>	O
--	O
Quoi	O
donc	O
?	O
"	O
</p>	O
<p n='FR0348517'>	O
J'	O
ai	O
cherché	O
ce	O
qui	O
ferait	O
image	O
et	O
je	O
ne	O
sais	O
comment	O
l'	O
obélisque	O
,	O
qui	O
me	O
frappait	O
tellement	O
par	O
sa	O
hauteur	O
lorsque	O
j'	O
étais	O
petit	O
,	O
m'	O
est	O
revenu	O
en	O
mémoire	O
.	O
</p>	O
<p n='FR0348518'>	O
"	O
Obéliscale	O
!	O
me	O
suis	O
-je	O
écrié	O
.	O
</p>	O
<p n='FR0348519'>	O
--	O
Oh	O
!	O
très	O
bien	O
,	O
m'	O
a	O
dit	O
Gaston	B-Pers
;	O
c'	O
est	O
nouveau	O
,	O
cela	O
,	O
nous	O
enverrons	O
ton	O
adjectif	O
à	O
ces	O
messieurs	O
les	O
immortels	O
.	O
"	O
</p>	O
<p n='FR0348520'>	O
Depuis	O
ce	O
temps	O
à	O
chaque	O
vantardise	O
de	O
notre	O
garçon	O
nous	O
murmurons	O
:	O
"	O
Obéliscale	O
!	O
"	O
</p>	O
<p n='FR0348521'>	O
Cela	O
s'	O
appelle	O
faire	O
contre	O
mauvaise	O
fortune	O
bon	O
cœur	O
.	O
</p>	O
<p n='FR0348522'>	O
Veux	O
-tu	O
un	O
petit	O
tableau	O
de	O
genre	O
,	O
chère	O
maman	B-Rolemisc
,	O
en	O
voici	O
un	O
.	O
Je	O
me	O
lève	O
et	O
passe	O
sur	O
mon	O
balcon	O
pour	O
voir	O
la	O
couleur	O
de	O
le	O
ciel	O
et	O
celle	O
de	O
la	O
mer	O
.	O
J'	O
aperçois	O
Piérik	B-Pers
debout	O
contre	O
le	O
petit	O
mur	O
sous	O
lequel	O
bat	O
le	O
flot	O
,	O
qui	O
est	O
très	O
grondeur	O
ce	O
matin	O
;	O
il	O
se	O
regarde	O
dans	O
un	O
petit	O
miroir	O
calé	O
entre	O
deux	O
pierres	O
qu'	O
on	O
prendrait	O
pour	O
un	O
fragment	O
de	O
vague	O
,	O
et	O
il	O
se	O
lisse	O
les	O
cheveux	O
avec	O
une	O
vieille	O
brosse	O
dont	O
ma	B-Role
bonne	I-Role
lui	O
a	O
fait	O
cadeau	O
hier	O
.	O
A	O
-t-il	O
choisi	O
un	O
assez	O
beau	O
cabinet	O
de	O
toilette	O
,	O
ce	O
Piérik	B-Pers
!	O
</p>	O
<p n='FR0348523'>	O
Notre	O
bourg	O
est	O
en	O
mouvement	O
,	O
c'	O
est	O
demain	O
une	O
des	O
fêtes	O
patronales	O
,	O
l'	O
église	O
est	O
tout	O
enguirlandée	O
à	O
l'	O
intérieur	O
,	O
et	O
voilà	O
que	O
sur	O
la	O
place	O
s'	O
élève	O
un	O
beau	O
mât	O
...	O
de	O
cocagne	O
.	O
Contre	O
le	O
mur	O
de	O
le	O
cimetière	O
,	O
entre	O
la	O
boîte	O
à	O
les	O
lettres	O
et	O
le	O
petit	O
cadre	O
de	O
bois	O
imprimé	O
à	O
le	O
fond	O
duquel	O
se	O
collent	O
les	O
affiches	O
importantes	O
,	O
nous	O
venons	O
de	O
voir	O
une	O
grande	O
affiche	O
que	O
Gaston	B-Pers
et	O
moi	O
nous	O
nous	O
empressons	O
d'	O
aller	O
lire	O
.	O
</p>	O
<p n='FR0348524'>	O
C'	O
est	O
tout	O
à	O
fait	O
officiel	O
:	O
régates	O
,	O
courses	O
à	O
la	O
voile	O
avec	O
ou	O
sans	O
dérive	O
;	O
embarcations	O
de	O
pilotage	O
,	O
de	O
bornage	O
ou	O
de	O
pêche	O
,	O
pontées	O
ou	O
non	O
pontées	O
;	O
forbans	O
et	O
sinagots	O
;	O
courses	O
à	O
l'	O
aviron	O
,	O
à	O
la	O
godille	O
,	O
par	O
des	O
mousses	O
;	O
mât	O
de	O
cocagne	O
,	O
course	O
de	O
canards	O
.	O
</p>	O
<p n='FR0348525'>	O
Pendant	O
que	O
nous	O
lisions	O
cette	O
superbe	O
affiche	O
,	O
Neptune	B-Pers
s'	O
est	O
approché	O
de	O
nous	O
.	O
</p>	O
<p n='FR0348526'>	O
"	O
La	O
coupe	O
de	O
le	O
goémon	O
est	O
-elle	O
affichée	O
là	O
?	O
"	O
nous	O
a	O
-t-il	O
demandé	O
.	O
</p>	O
<p n='FR0348527'>	O
Contre	O
l'	O
affiche	O
des	O
régates	O
il	O
y	O
avait	O
un	O
papier	O
sur	O
lequel	O
nous	O
avons	O
lu	O
tout	O
haut	O
:	O
</p>	O
<p n='FR0348528'>	O
"	O
La	O
seconde	O
coupe	O
de	O
goémon	O
de	O
rive	O
pour	O
le	O
chauffage	O
a	O
lieu	O
de	O
le	O
16	B-Temporal
août	I-Temporal
à	O
le	O
16	B-Temporal
octobre	I-Temporal
.	O
"	O
</p>	O
<p n='FR0348529'>	O
"	O
C'	O
est	O
bon	O
,	O
a	O
dit	O
Neptune	B-Pers
,	O
je	O
ne	O
m'	O
engagerai	O
pas	O
pour	O
la	O
semaine	O
prochaine	O
et	O
vous	O
tâcherez	O
,	O
messieurs	O
,	O
de	O
vous	O
passer	O
de	O
Piérik	B-Pers
.	O
"	O
</p>	O
<p n='FR0348530'>	O
Gaston	B-Pers
et	O
moi	O
avons	O
fait	O
la	O
grimace	O
:	O
nous	O
avions	O
justement	O
le	O
projet	O
d'	O
aller	O
déjeuner	O
sur	O
une	O
grève	O
éloignée	O
,	O
très	O
favorable	O
à	O
la	O
pêche	O
,	O
et	O
Piérik	B-Pers
devait	O
être	O
notre	O
maître	O
coq	O
.	O
Ma	B-Role
bonne	I-Role
l'	O
a	O
très	O
bien	O
dressé	O
à	O
ce	O
métier	O
:	O
il	O
met	O
parfaitement	O
le	O
couvert	O
,	O
il	O
chauffe	O
le	O
bouillon	O
,	O
cuit	O
les	O
crabes	O
et	O
fait	O
le	O
café	O
.	O
Nous	O
serons	O
obligés	O
de	O
remettre	O
à	O
plus	O
tard	O
notre	O
expédition	O
.	O
</p>	O
</sample>	O
<sample>	O
<p n='FR0348189'>	O
Je	O
viens	O
d'	O
annoncer	O
à	O
le	O
brave	O
matelot	B-Role
que	O
je	O
désirais	O
apprendre	O
à	O
nager	O
et	O
il	O
me	O
donnera	O
demain	O
ma	O
première	O
leçon	O
.	O
Je	O
suis	O
très	O
content	O
de	O
toucher	O
à	O
le	O
moment	O
d'	O
apprendre	O
;	O
mais	O
j'	O
ai	O
toujours	O
ma	O
petite	O
émotion	O
de	O
le	O
dedans	O
.	O
C'	O
est	O
qu'	O
il	O
ne	O
s'	O
agit	O
plus	O
des	O
baignoires	O
à	O
fond	O
de	O
bois	O
.	O
Je	O
me	O
confie	O
à	O
toi	O
,	O
mère	B-Rolemisc
;	O
n'	O
en	O
dis	O
rien	O
à	O
personne	O
,	O
car	O
enfin	O
je	O
m'	O
aguerrirai	O
.	O
Mon	B-Rolemisc
oncle	I-Rolemisc
et	O
Gaston	B-Pers
me	O
font	O
compliment	O
sur	O
mon	O
agilité	O
et	O
me	O
prédisent	O
que	O
je	O
nagerai	O
bien	O
.	O
Je	O
l'	O
espère	O
,	O
je	O
t'	O
arriverai	O
très	O
fort	O
,	O
très	O
vigoureux	O
,	O
très	O
brun	O
;	O
je	O
crois	O
que	O
j'	O
ai	O
déjà	O
bruni	O
.	O
</p>	O
<p n='FR0348190'>	O
Il	O
faut	O
te	O
l'	O
avouer	O
,	O
ma	B-Rolemisc
petite	I-Rolemisc
mère	I-Rolemisc
,	O
je	O
n'	O
ai	O
pas	O
été	O
des	O
plus	O
braves	O
.	O
</p>	O
<p n='FR0348191'>	O
Je	O
te	O
l'	O
ai	O
dit	O
,	O
j'	O
étais	O
très	O
heureux	O
de	O
prendre	O
ma	O
première	O
leçon	O
,	O
et	O
cependant	O
quand	O
Neptune	B-Pers
est	O
arrivé	O
et	O
m'	O
a	O
saisi	O
la	O
main	O
pour	O
m'	O
entraîner	O
vers	O
la	O
mer	O
,	O
j'	O
ai	O
senti	O
un	O
drôle	O
de	O
frisson	O
intérieur	O
et	O
il	O
a	O
fallu	O
me	O
mordre	O
les	O
lèvres	O
pour	O
ne	O
pas	O
crier	O
;	O
je	O
le	O
suivais	O
tout	O
tremblant	O
,	O
mes	O
dents	O
claquaient	O
.	O
Arrivé	O
à	O
le	O
bord	O
de	O
le	O
flot	O
,	O
j'	O
ai	O
fait	O
quelques	O
pas	O
,	O
puis	O
j'	O
ai	O
dit	O
à	O
Neptune	B-Pers
d'	O
un	O
air	O
suppliant	O
:	O
</p>	O
<p n='FR0348192'>	O
"	O
Je	O
vous	O
en	O
prie	O
,	O
commencez	O
par	O
Gaston	B-Pers
.	O
"	O
</p>	O
<p n='FR0348193'>	O
Il	O
a	O
hoché	O
la	O
tête	O
et	O
,	O
me	O
frappant	O
sur	O
l'	O
épaule	O
,	O
il	O
a	O
crié	O
de	O
sa	O
voix	O
de	O
stentor	O
:	O
</p>	O
<p n='FR0348194'>	O
"	O
Gaston	B-Pers
!	O
"	O
</p>	O
<p n='FR0348195'>	O
Gaston	O
est	O
accouru	O
,	O
et	O
j'	O
ai	O
filé	O
vers	O
les	O
rochers	O
.	O
J'	O
allais	O
,	O
j'	O
allais	O
,	O
j'	O
avais	O
beau	O
m'	O
entendre	O
appeler	O
,	O
je	O
ne	O
me	O
détournais	O
pas	O
.	O
Je	O
me	O
suis	O
mis	O
à	O
courir	O
après	O
les	O
crabes	O
et	O
j'	O
en	O
ai	O
beaucoup	O
pris	O
.	O
</p>	O
<p n='FR0348196'>	O
Je	O
ne	O
suis	O
revenu	O
que	O
quand	O
la	O
mer	O
s'	O
est	O
retirée	O
assez	O
loin	O
pour	O
ne	O
pas	O
me	O
faire	O
craindre	O
un	O
second	O
bain	O
.	O
J'	O
étais	O
bien	O
honteux	O
,	O
mère	O
,	O
et	O
pourtant	O
j'	O
essayais	O
de	O
prendre	O
un	O
air	O
dégagé	O
.	O
</p>	O
<p n='FR0348197'>	O
"	O
Pourquoi	O
n'	O
as	O
-tu	O
pas	O
voulu	O
prendre	O
ta	O
leçon	O
,	O
Robert	B-Pers
?	O
m'	O
a	O
dit	O
ma	B-Rolemisc
tante	I-Rolemisc
,	O
nous	O
t'	O
avons	O
appelé	O
sur	O
tous	O
les	O
tons	O
.	O
</p>	O
<p n='FR0348198'>	O
--	O
Robert	B-Pers
a	O
une	O
passion	O
pour	O
les	O
crabes	O
,	O
maman	B-Rolemisc
,	O
s'	O
est	O
écrié	O
Gaston	B-Pers
;	O
quand	O
il	O
en	O
voit	O
un	O
remuer	O
,	O
il	O
le	O
suivrait	O
jusqu'au	O
bout	O
de	O
le	O
monde	O
.	O
</p>	O
<p n='FR0348199'>	O
--	O
Ce	O
sera	O
pour	O
demain	O
"	O
,	O
a	O
repris	O
ma	B-Rolemisc
tante	I-Rolemisc
.	O
</p>	O
<p n='FR0348200'>	O
J'	O
ai	O
ajouté	O
en	O
toussant	O
:	O
"	O
Ce	O
sera	O
pour	O
demain	O
.	O
"	O
</p>	O
<p n='FR0348201'>	O
Je	O
me	O
suis	O
,	O
tu	O
le	O
vois	O
,	O
assez	O
bien	O
tiré	O
de	O
mon	O
aventure	O
.	O
Neptune	B-Pers
ne	O
parlant	O
jamais	O
,	O
on	O
croira	O
toujours	O
que	O
c'	O
est	O
en	O
courant	O
après	O
les	O
crabes	O
que	O
je	O
me	O
suis	O
éloigné	O
.	O
Je	O
suis	O
bien	O
aise	O
,	O
à	O
le	O
fond	O
,	O
qu'	O
on	O
croie	O
cela	O
;	O
mais	O
la	O
vérité	O
est	O
que	O
j'	O
ai	O
eu	O
peur	O
,	O
une	O
peur	O
bleue	O
.	O
</p>	O
<p n='FR0348202'>	O
Henri	B-Pers
IV	I-Pers
,	O
qui	O
était	O
si	O
brave	O
,	O
ne	O
pouvait	O
,	O
dit	O
-on	O
,	O
se	O
défendre	O
de	O
frissonner	O
sur	O
le	O
champ	O
de	O
bataille	O
,	O
ce	O
qui	O
ne	O
l'	O
empêchait	O
pas	O
de	O
se	O
jeter	O
à	O
le	O
plus	O
fort	O
de	O
la	O
mêlée	O
,	O
une	O
fois	O
le	O
frisson	O
passé	O
.	O
Je	O
ferai	O
comme	O
Henri	B-Pers
IV	I-Pers
,	O
et	O
quand	O
le	O
père	B-Pers
Neptune	I-Pers
se	O
représentera	O
demain	O
,	O
j'	O
espère	O
bien	O
le	O
suivre	O
,	O
tremblant	O
ou	O
non	O
.	O
</p>	O
</sample>	O
<sample>	O
<p n='FR0348406'>	O
Il	O
est	O
permis	O
de	O
rêver	O
devant	O
ces	O
phénomènes	O
.	O
Si	O
tu	O
voyais	O
cela	O
,	O
mère	B-Rolemisc
!	O
si	O
tu	O
voyais	O
cela	O
!	O
</p>	O
<p n='FR0348407'>	O
Après	O
une	O
demi-heure	O
de	O
galopade	O
sur	O
le	O
menhir	O
et	O
ses	O
fragments	O
,	O
nous	O
avons	O
sauté	O
dans	O
un	O
petit	O
chemin	O
,	O
puis	O
dans	O
un	O
champ	O
orné	O
d'	O
une	O
pierre	O
magnifique	O
.	O
Cette	O
pierre	O
,	O
énorme	O
et	O
polie	O
,	O
est	O
bien	O
régulièrement	O
placée	O
sur	O
des	O
piliers	O
dont	O
le	O
principal	O
est	O
pointu	O
,	O
ce	O
qui	O
n'	O
empêche	O
que	O
la	O
table	O
de	O
pierre	O
ne	O
paraisse	O
immuable	O
.	O
Elle	O
porte	O
le	O
nom	O
de	O
table	B-Fac
de	I-Fac
César	I-Fac
ou	O
table	B-Fac
des	I-Fac
Marchands	I-Fac
;	O
tu	O
conçois	O
que	O
j'	O
ai	O
tout	O
de	O
suite	O
préféré	O
le	O
premier	O
de	O
ces	O
noms	O
.	O
Les	O
piliers	O
qui	O
la	O
soutiennent	O
montrent	O
quelques	O
signes	O
qui	O
rappellent	O
ceux	O
de	O
la	O
grotte	B-Place
de	I-Place
Gavr'inis	I-Place
.	O
</p>	O
<p n='FR0348408'>	O
Berthe	B-Pers
a	O
désiré	O
que	O
nous	O
fissions	O
une	O
dînette	O
sur	O
cette	O
table	O
fameuse	O
,	O
et	O
le	O
goûter	O
y	O
a	O
été	O
déployé	O
.	O
Nous	O
nous	O
sommes	O
assis	O
en	O
rond	O
et	O
nous	O
avons	O
mangé	O
avec	O
un	O
appétit	O
aiguisé	O
par	O
deux	O
heures	O
de	O
bateau	O
et	O
une	O
heure	O
de	O
marche	O
.	O
</p>	O
<p n='FR0348409'>	O
XIV	O
--	O
Le	O
plancher	O
des	O
vaches	O
.	O
--	O
Les	O
pierres	B-Place
de	I-Place
Carnac	I-Place
.	O
--	O
Terrible	O
drame	O
.	O
</p>	O
<p n='FR0348410'>	O
Mère	B-Rolemisc
,	O
aujourd'hui	O
Neptune	B-Pers
a	O
sa	O
blouse	O
et	O
son	O
chapeau	O
de	O
voiturier	O
,	O
et	O
c'	O
est	O
Krack	B-Pers
,	O
le	O
bon	O
petit	O
Krack	B-Pers
,	O
qui	O
nous	O
conduit	O
à	O
Carnac	B-Place
.	O
Berthe	B-Pers
et	O
Mignonnette	B-Pers
sont	O
de	O
le	O
voyage	O
.	O
Les	O
pierres	O
druidiques	O
de	O
Carnac	B-Place
ont	O
toute	O
une	O
célébrité	O
,	O
et	O
les	O
petites	O
filles	O
ont	O
été	O
admises	O
.	O
</p>	O
<p n='FR0348411'>	O
Mon	B-Rolemisc
oncle	I-Rolemisc
et	O
ma	B-Rolemisc
tante	I-Rolemisc
paraissaient	O
contents	O
de	O
s'	O
éloigner	O
un	O
moment	O
des	O
grèves	O
;	O
je	O
ne	O
suis	O
pas	O
fâché	O
non	O
plus	O
de	O
voir	O
des	O
arbres	O
et	O
de	O
l'	O
herbe	O
;	O
Berthe	B-Pers
et	O
Mignonnette	B-Pers
sont	O
de	O
mon	O
avis	O
;	O
Gaston	B-Pers
et	O
Neptune	B-Pers
seuls	O
déclarent	O
qu'	O
ils	O
donneraient	O
tous	O
les	O
paysages	O
de	O
le	O
monde	O
pour	O
une	O
vue	O
sur	O
l'	O
Océan	B-Place
:	O
l'	O
Océan	B-Place
ne	O
les	O
lasse	O
jamais	O
.	O
</p>	O
<p n='FR0348412'>	O
Voilà	O
,	O
il	O
me	O
semble	O
,	O
un	O
trait	O
caractéristique	O
de	O
leur	O
vocation	O
maritime	O
.	O
Pour	O
moi	O
,	O
je	O
poussais	O
des	O
hourras	O
chaque	O
fois	O
qu'	O
un	O
pin	O
s'	O
élevait	O
d'	O
un	O
talus	O
,	O
et	O
je	O
saluais	O
les	O
landes	O
couvertes	O
de	O
bruyère	O
rose	O
.	O
</p>	O
<p n='FR0348413'>	O
Nous	O
faisons	O
une	O
halte	O
à	O
le	O
pays	O
natal	O
de	O
Krack	B-Pers
,	O
qui	O
garde	O
un	O
air	O
indifférent	O
entre	O
ses	O
brancards	O
,	O
et	O
nous	O
visitons	O
l'	O
église	O
,	O
qui	O
est	O
très	O
jolie	O
et	O
où	O
nous	O
rencontrons	O
un	O
saint	O
évêque	O
dont	O
le	O
nom	O
n'	O
est	O
peut-être	O
jamais	O
venu	O
à	O
ses	O
oreilles	O
:	O
saint	B-Pers
Thuriaf	I-Pers
.	I-Pers
</p>	O
<p n='FR0348414'>	O
Puis	O
nous	O
avons	O
roulé	O
vers	O
Auray	B-Place
,	O
Alré	B-Place
,	O
comme	O
dit	O
Neptune	B-Pers
,	O
qui	O
mêle	O
sans	O
cesse	O
son	O
breton	O
à	O
son	O
français	O
.	O
Berthe	B-Pers
a	O
tiré	O
Mignonnette	B-Pers
de	O
la	O
sacoche	O
à	O
le	O
moment	O
où	O
la	O
tour	O
carrée	O
de	O
l'	O
église	B-Fac
d'	I-Fac
Auray	I-Fac
nous	O
apparaissait	O
,	O
afin	O
de	O
lui	O
faire	O
voir	O
la	O
ville	O
.	O
</p>	O
<p n='FR0348415'>	O
Auray	B-Place
est	O
une	O
bien	O
jolie	O
ville	O
et	O
fort	O
intéressante	O
,	O
historiquement	O
parlant	O
.	O
Dans	O
une	O
vallée	O
dont	O
le	O
doigt	O
et	O
la	O
lorgnette	O
de	O
mon	O
oncle	O
nous	O
donnent	O
la	O
direction	O
,	O
se	O
livra	O
la	O
bataille	O
fameuse	O
où	O
fut	O
tué	O
Charles	B-Pers
de	I-Pers
Blois	I-Pers
,	O
ce	O
qui	O
termina	O
de	O
fait	O
cette	O
guerre	O
de	O
succession	O
entre	O
lui	O
et	O
Jean	B-Pers
de	I-Pers
Montfort	I-Pers
,	O
qui	O
ensanglantait	O
la	O
pauvre	O
Bretagne	B-Place
;	O
là-bas	O
,	O
nous	O
apercevons	O
la	O
statue	O
de	O
sainte	B-Pers
Anne	I-Pers
,	O
tout	O
près	O
de	O
le	O
lieu	O
célèbre	O
par	O
tant	O
de	O
pèlerinages	O
.	O
Un	O
peu	O
plus	O
loin	O
,	O
le	O
doigt	O
et	O
la	O
lorgnette	O
de	O
mon	B-Rolemisc
oncle	I-Rolemisc
se	O
posent	O
sur	O
une	O
masse	O
de	O
bâtiments	O
:	O
c'	O
est	O
la	O
chartreuse	B-Fac
voisine	I-Fac
de	I-Fac
le	I-Fac
Champ-des-Martyrs	I-Fac
;	O
les	O
prisonniers	O
de	O
Quiberon	B-Place
furent	O
passés	O
par	O
les	O
armes	O
sur	O
les	O
bords	O
de	O
le	O
Loch	B-Place
,	O
qui	O
est	O
la	O
rivière	O
d'	O
Auray	B-Place
.	O
</p>	O
</sample>	O
</samples>	O
