Word	Tag
<?xml version='1.0' encoding='UTF-8'?>	O
<samples n='FR0311'>	O
<sample>	O
<p n='FR03116117'>	O
Cette	O
commission	O
conférait	O
à	O
le	O
capitaine	B-Role
les	O
pouvoirs	O
les	O
plus	O
étendus	O
.	O
</p>	O
<p n='FR03116118'>	O
Le	O
jeune	O
homme	O
en	O
témoigna	O
chaleureusement	O
sa	O
reconnaissance	O
à	O
M.	B-Pers
de	I-Pers
Contrecœur	I-Pers
.	O
</p>	O
<p n='FR03116119'>	O
Un	O
paragraphe	O
surtout	O
le	O
toucha	O
vivement	O
;	O
il	O
était	O
ainsi	O
conçu	O
:	O
</p>	O
<p n='FR03116120'>	O
"	O
Luy	O
ordonnons	O
de	O
les	O
attaquer	O
,	O
s'	O
il	O
voit	O
jour	O
à	O
le	O
faire	O
,	O
et	O
de	O
détruire	O
(	O
les	O
Anglais	I-Demo
)	O
même	O
en	O
entier	O
,	O
s'	O
il	O
le	O
peut	O
,	O
pour	O
les	O
châtier	O
de	O
l'	O
assassin	O
(	O
sic	O
)	O
qu'	O
ils	O
nous	O
ont	O
fait	O
,	O
en	O
violant	O
les	O
droits	O
les	O
plus	O
sacrés	O
des	O
nations	O
policées	O
.	O
"	O
*	O
(	O
1	O
)	O
*	O
</p>	O
<p n='FR03116121'>	O
Cette	O
allusion	O
à	O
le	O
guet-apens	O
dont	O
son	O
frère	O
avait	O
été	O
victime	O
,	O
en	O
lui	O
rappelant	O
son	O
serment	O
de	O
vengeance	O
,	O
mit	O
le	O
comble	O
à	O
sa	O
joie	O
et	O
à	O
son	O
enthousiasme	O
.	O
</p>	O
<p n='FR03116122'>	O
--	O
Enfin	O
!	O
dit	O
-il	O
,	O
mon	O
malheureux	O
frère	O
sera	O
donc	O
vengé	O
!	O
Quand	O
tes	O
hommes	O
arriveront	O
-ils	O
,	O
Berger	B-Pers
?	O
</p>	O
<p n='FR03116123'>	O
--	O
Ils	O
seront	O
ici	O
dans	O
deux	O
heures	O
,	O
monsieur	B-Pers
Louis	I-Pers
.	O
</p>	O
<p n='FR03116124'>	O
--	O
Bon	O
!	O
et	O
les	O
vôtres	O
,	O
chef	O
?	O
</p>	O
<p n='FR03116125'>	O
--	O
Un	O
peu	O
avant	O
.	O
</p>	O
<p n='FR03116126'>	O
--	O
Très	O
bien	O
,	O
mes	O
amis	O
!	O
Nous	O
les	O
laisserons	O
se	O
reposer	O
pendant	O
le	O
reste	O
de	O
la	O
journée	O
et	O
faire	O
leurs	O
derniers	O
préparatifs	O
;	O
puis	O
,	O
ce	O
soir	O
,	O
nous	O
partirons	O
à	O
le	O
coucher	O
de	O
le	O
soleil	O
,	O
la	O
lune	O
éclairera	O
notre	O
marche	O
.	O
Est	O
-ce	O
convenu	O
ainsi	O
?	O
</p>	O
<p n='FR03116127'>	O
--	O
Parfaitement	O
!	O
répondirent	O
-ils	O
en	O
même	O
temps	O
.	O
</p>	O
<p n='FR03116128'>	O
--	O
Surtout	O
surveillez	O
vous-même	O
la	O
distribution	O
des	O
vivres	O
,	O
des	O
armes	O
et	O
des	O
munitions	O
.	O
Vos	O
guerriers	B-Role
ont	O
-ils	O
des	O
fusils	O
,	O
chef	B-Role
?	O
</p>	O
<p n='FR03116129'>	O
--	O
Tous	O
!	O
répondit	O
orgueilleusement	O
le	B-Role
sachem	I-Role
,	O
et	O
ils	O
montreront	O
à	O
mon	O
frère	O
comment	O
ils	O
savent	O
s'	O
en	O
servir	O
.	O
</p>	O
<p n='FR03116130'>	O
--	O
Voilà	O
qui	O
est	O
bien	O
!	O
Avant	O
le	O
départ	O
je	O
passerai	O
la	O
revue	O
de	O
la	O
troupe	O
,	O
afin	O
de	O
m'	O
assurer	O
que	O
tout	O
est	O
en	O
état	O
.	O
</p>	O
<p n='FR03116131'>	O
En	O
ce	O
moment	O
un	O
sergent	O
vint	O
parler	O
bas	O
à	O
le	O
commandant	B-Role
.	O
</p>	O
<p n='FR03116132'>	O
--	O
Faites	O
entrer	O
,	O
dit	O
-il	O
.	O
</p>	O
<p n='FR03116133'>	O
Et	O
s'	O
adressant	O
à	O
le	O
capitaine	B-Role
:	O
</p>	O
<p n='FR03116134'>	O
--	O
Voici	O
des	O
nouvelles	O
qui	O
nous	O
arrivent	O
,	O
ajouta	O
-t-il	O
.	O
</p>	O
<p n='FR03116135'>	O
Le	B-Pers
Proscrit	I-Pers
parut	O
.	O
</p>	O
<p n='FR03116136'>	O
Ses	O
vêtements	O
en	O
désordre	O
,	O
déchirés	O
et	O
maculés	O
de	O
taches	O
de	O
boue	O
,	O
montraient	O
qu'	O
il	O
avait	O
accompli	O
une	O
longue	O
traite	O
.	O
</p>	O
<p n='FR03116137'>	O
--	O
Eh	O
!	O
eh	O
!	O
dit	O
-il	O
,	O
il	O
me	O
semble	O
que	O
je	O
viens	O
à	O
le	O
bon	O
moment	O
,	O
monsieur	B-Pers
le	I-Pers
commandant	I-Pers
!	O
</p>	O
<p n='FR03116138'>	O
--	O
Vous	O
ne	O
pouviez	O
mieux	O
tomber	O
,	O
répondit	O
le	B-Role
commandant	O
avec	O
un	O
sourire	O
.	O
</p>	O
<p n='FR03116139'>	O
--	O
Vous	O
arrivez	O
de	O
le	O
fort	B-Fac
Nécessité	I-Fac
?	O
lui	O
demanda	O
le	B-Role
capitaine	I-Role
.	O
</p>	O
<p n='FR03116140'>	O
--	O
Il	O
y	O
a	O
deux	O
minutes	O
.	O
</p>	O
<p n='FR03116141'>	O
--	O
Et	O
vous	O
rapportez	O
des	O
nouvelles	O
?	O
</p>	O
<p n='FR03116142'>	O
--	O
Toutes	O
fraîches	O
.	O
</p>	O
<p n='FR03116143'>	O
--	O
Sont	O
-elles	O
bonnes	O
?	O
</p>	O
<p n='FR03116144'>	O
--	O
Comme	O
toutes	O
les	O
nouvelles	O
,	O
elles	O
renferment	O
de	O
le	O
bon	O
et	O
de	O
le	O
mauvais	O
.	O
</p>	O
<p n='FR03116145'>	O
--	O
Hum	O
!	O
fit	O
le	O
commandant	B-Role
.	O
</p>	O
<p n='FR03116146'>	O
--	O
Veuillez	O
nous	O
les	O
communiquer	O
;	O
mais	O
d'	O
abord	O
asseyez	O
-vous	O
,	O
vous	O
devez	O
avoir	O
besoin	O
de	O
vous	O
reposer	O
.	O
</p>	O
<p n='FR03116147'>	O
--	O
J'	O
avoue	O
que	O
je	O
suis	O
assez	O
fatigué	O
,	O
je	O
suis	O
venu	O
très	O
vite	O
,	O
par	O
des	O
chemins	O
épouvantables	O
.	O
</p>	O
<p n='FR03116148'>	O
Il	O
prit	O
un	O
siège	O
,	O
que	O
le	O
commandant	B-Role
lui-même	O
lui	O
avança	O
.	O
M.	B-Pers
de	I-Pers
Contrecœur	I-Pers
montrait	O
en	O
toutes	O
circonstances	O
les	O
plus	O
grands	O
égards	O
pour	O
cet	O
homme	O
,	O
qui	O
était	O
une	O
énigme	O
vivante	O
pour	O
tout	O
le	O
monde	O
sur	O
la	O
frontière	O
.	O
</p>	O
</sample>	O
<sample>	O
<p n='FR03113916'>	O
En	O
dedans	O
de	O
ce	O
cercle	O
,	O
ils	O
avaient	O
mis	O
un	O
autre	O
rang	O
de	O
piliers	O
plus	O
forts	O
et	O
plus	O
grands	O
,	O
d'	O
environ	O
douze	O
pieds	O
de	O
haut	O
,	O
entaillés	O
de	O
même	O
et	O
unis	O
par	O
des	O
traverses	O
.	O
Plus	O
intérieurement	O
encore	O
ils	O
avaient	O
placé	O
un	O
troisième	O
rang	O
de	O
piliers	O
plus	O
forts	O
que	O
les	O
précédents	O
mais	O
moins	O
nombreux	O
et	O
placés	O
à	O
de	O
plus	O
grands	O
intervalles	O
;	O
enfin	O
dans	O
le	O
centre	O
de	O
ces	O
cercles	O
concentriques	O
ils	O
avaient	O
planté	O
un	O
énorme	O
piller	O
formant	O
le	O
faîte	O
de	O
le	O
bâtiment	O
,	O
et	O
sur	O
lequel	O
ils	O
avaient	O
réuni	O
tous	O
les	O
chevrons	O
.	O
Ceux-ci	O
furent	O
renforcés	O
et	O
liés	O
entre	O
eux	O
par	O
des	O
pièces	O
transversales	O
et	O
des	O
lattes	O
destinées	O
à	O
soutenir	O
la	O
toiture	O
.	O
Cette	O
toiture	O
était	O
en	O
écorce	O
de	O
bouleau	O
enlevée	O
à	O
le	O
moyen	O
de	O
l'	O
eau	O
chaude	O
,	O
proprement	O
appliquée	O
et	O
assez	O
épaisse	O
pour	O
ne	O
pas	O
laisser	O
filtrer	O
la	O
pluie	O
.	O
</p>	O
<p n='FR03113917'>	O
Souvent	O
,	O
dans	O
ces	O
sortes	O
de	O
toitures	O
,	O
on	O
ajoute	O
une	O
couche	O
de	O
terre	O
,	O
mais	O
cette	O
fois	O
cette	O
précaution	O
avait	O
sans	O
doute	O
été	O
jugée	O
inutile	O
.	O
</p>	O
<p n='FR03113918'>	O
Il	O
n'	O
y	O
avait	O
qu'	O
une	O
seule	O
porte	O
à	O
ce	O
bâtiment	O
;	O
elle	O
était	O
très	O
large	O
et	O
très	O
haute	O
,	O
regardait	O
le	O
soleil	O
levant	O
et	O
servait	O
en	O
même	O
temps	O
à	O
introduire	O
la	O
lumière	O
et	O
à	O
laisser	O
sortir	O
la	O
fumée	O
,	O
lorsque	O
le	O
feu	O
de	O
le	O
conseil	O
était	O
allumé	O
.	O
Comme	O
en	O
général	O
on	O
n'	O
en	O
fait	O
guère	O
que	O
ce	O
qu'	O
il	O
faut	O
strictement	O
pour	O
entretenir	O
la	O
lumière	O
pendant	O
la	O
nuit	O
,	O
et	O
qu'	O
on	O
l'	O
alimente	O
avec	O
de	O
le	O
bois	O
sec	O
,	O
menu	O
,	O
et	O
dépouillé	O
de	O
son	O
écorce	O
,	O
ce	O
feu	O
donne	O
fort	O
peu	O
de	O
fumée	O
et	O
n'	O
incommode	O
pas	O
.	O
</p>	O
<p n='FR03113919'>	O
Le	O
mur	O
extérieur	O
avait	O
été	O
construit	O
d'	O
après	O
le	O
système	O
adopté	O
pour	O
les	O
autres	O
cases	O
de	O
le	O
village	O
,	O
c'	O
est-à-dire	O
en	O
troncs	O
d'	O
arbres	O
couchés	O
l'	O
un	O
sur	O
l'	O
autre	O
,	O
remplissant	O
les	O
intervalles	O
laissés	O
par	O
les	O
piliers	O
et	O
reliés	O
entre	O
eux	O
par	O
de	O
fortes	O
mortaises	O
.	O
</p>	O
<p n='FR03113920'>	O
Tout	O
autour	O
de	O
l'	O
intérieur	O
de	O
la	O
rotonde	O
,	O
entre	O
le	O
second	O
et	O
le	O
premier	O
rang	O
de	O
piliers	O
,	O
on	O
avait	O
placé	O
un	O
rang	O
de	O
sièges	O
,	O
composés	O
de	O
deux	O
ou	O
trois	O
gradins	O
en	O
amphithéâtre	O
,	O
sur	O
lesquels	O
les	O
chefs	B-Role
et	O
les	O
principaux	O
guerriers	B-Role
de	O
la	O
nation	O
s'	O
accroupissaient	O
ou	O
se	O
couchaient	O
à	O
leur	O
guise	O
,	O
lors	O
des	O
réunions	O
solennelles	O
.	O
Ces	O
gradins	O
étaient	O
recouverts	O
de	O
nattes	O
ou	O
de	O
tapis	O
faits	O
avec	O
beaucoup	O
de	O
soin	O
,	O
de	O
petites	O
éclisses	O
de	O
frêne	O
et	O
de	O
chêne	O
entrelacées	O
.	O
</p>	O
<p n='FR03113921'>	O
À	O
la	O
droite	O
de	O
le	O
grand	O
pilier	O
de	O
le	O
milieu	O
était	O
planté	O
le	B-Fac
Totem	I-Fac
ou	O
emblème	O
distinctif	O
de	O
la	O
nation	O
;	O
à	O
sa	O
gauche	O
,	O
sur	O
deux	O
piquets	O
terminés	O
en	O
forme	O
de	O
fourche	O
,	O
reposait	O
le	O
grand	O
calumet	O
sacré	O
,	O
qui	O
jamais	O
ne	O
doit	O
toucher	O
la	O
terre	O
.	O
</p>	O
<p n='FR03113922'>	O
C'	O
est	O
à	O
le	O
pied	O
de	O
ce	O
pilier	O
que	O
s'	O
allume	O
le	O
feu	O
qui	O
conserve	O
la	O
lumière	O
et	O
auprès	O
duquel	O
se	O
placent	O
les	O
musiciens	B-Role
.	O
</p>	O
</sample>	O
<sample>	O
<p n='FR031132'>	O
Ils	O
se	O
traînaient	O
plutôt	O
qu'	O
ils	O
ne	O
marchaient	O
,	O
et	O
ce	O
fut	O
avec	O
un	O
cri	O
de	O
joie	O
qu'	O
ils	O
émergèrent	O
des	O
fourrés	O
et	O
entrèrent	O
les	O
uns	O
après	O
les	O
autres	O
dans	O
la	O
clairière	O
.	O
</p>	O
<p n='FR031133'>	O
L'	O
officier	B-Role
,	O
jeune	O
homme	O
de	O
vingt-cinq	O
ans	O
,	O
à	O
les	O
traits	O
fins	O
et	O
distingués	O
,	O
portait	O
l'	O
uniforme	O
de	O
Royal-Marine	B-Org
.	O
</p>	O
<p n='FR031134'>	O
Jugeant	O
une	O
plus	O
longue	O
marche	O
impossible	O
et	O
quelques	O
heures	O
de	O
repos	O
indispensables	O
à	O
ses	O
hommes	O
,	O
il	O
donna	O
l'	O
ordre	O
d'	O
établir	O
le	O
campement	O
pour	O
la	O
nuit	O
.	O
</p>	O
<p n='FR031135'>	O
Cet	O
ordre	O
était	O
impatiemment	O
attendu	O
par	O
les	B-Demo
Canadiens	I-Demo
et	O
les	B-Demo
Peaux-Rouges	I-Demo
.	O
</p>	O
<p n='FR031136'>	O
En	O
un	O
instant	O
,	O
le	O
bivouac	O
fut	O
installé	O
.	O
</p>	O
<p n='FR031137'>	O
On	O
alluma	O
les	O
feux	O
de	O
veille	O
.	O
</p>	O
<p n='FR031138'>	O
Puis	O
,	O
chacun	O
fouillant	O
sa	O
gibecière	O
,	O
se	O
mit	O
en	O
devoir	O
de	O
préparer	O
le	O
repas	O
de	O
le	O
soir	O
.	O
</p>	O
<p n='FR031139'>	O
Le	B-Role
capitaine	I-Role
s'	O
était	O
assis	O
devant	O
un	O
des	O
feux	O
,	O
sur	O
le	O
tronc	O
d'	O
un	O
arbre	O
renversé	O
.	O
</p>	O
<p n='FR031140'>	O
Le	O
coude	O
sur	O
le	O
genou	O
,	O
la	O
tête	O
dans	O
la	O
main	O
,	O
il	O
suivait	O
d'	O
un	O
vague	O
regard	O
les	O
étincelles	O
brillantes	O
échappées	O
de	O
le	O
foyer	O
,	O
tout	O
en	O
se	O
laissant	O
aller	O
à	O
une	O
rêverie	O
qui	O
ne	O
tarda	O
pas	O
à	O
l'	O
absorber	O
complètement	O
.	O
</p>	O
<p n='FR031141'>	O
Profitons	O
de	O
ce	O
moment	O
de	O
répit	O
pour	O
expliquer	O
la	O
présence	O
de	O
ce	O
détachement	O
armé	O
dans	O
une	O
contrée	O
déserte	O
,	O
éloignée	O
de	O
plus	O
trente	O
lieues	O
de	O
toute	O
habitation	O
.	O
</p>	O
<p n='FR031142'>	O
Quelques	O
semaines	O
avant	O
le	O
commencement	O
de	O
notre	O
action	O
,	O
Dinwidie	B-Pers
,	O
gouverneur	O
de	O
la	B-Place
Virginie	I-Place
,	O
nommé	O
par	O
le	O
gouvernement	B-Org
britannique	I-Org
,	O
avait	O
expédié	O
une	O
colonne	O
de	O
miliciens	O
chargée	O
d'	O
occuper	O
les	O
terres	O
de	O
l'	B-Place
Ohio	I-Place
qui	O
nous	O
appartenaient	O
.	O
</p>	O
<p n='FR031143'>	O
Notons	O
,	O
en	O
passant	O
,	O
que	O
,	O
selon	O
l'	O
habitude	O
anglaise	O
,	O
cette	O
expédition	O
se	O
faisait	O
en	O
pleine	O
paix	O
,	O
contre	O
le	O
droit	O
de	O
toutes	O
les	O
nations	O
civilisées	O
.	O
</p>	O
<p n='FR031144'>	O
Le	B-Pers
major	I-Pers
Washington	I-Pers
commandait	O
en	O
chef	B-Role
cette	O
colonne	O
.	O
</p>	O
<p n='FR031145'>	O
Washington	B-Pers
,	O
le	O
même	O
qui	O
plus	O
tard	O
devint	O
un	O
grand	O
homme	O
et	O
délivra	O
sa	O
patrie	O
de	O
le	O
joug	O
de	O
l'	B-Place
Angleterre	I-Place
.	O
</p>	O
<p n='FR031146'>	O
Son	O
avant-garde	O
,	O
dirigée	O
par	O
l'	B-Pers
enseigne	I-Pers
Ward	I-Pers
,	O
entra	O
résolument	O
sur	O
notre	O
territoire	O
,	O
s'	O
y	O
installa	O
et	O
construisit	O
sur	O
les	O
bords	O
de	O
l'	B-Place
Ohio	I-Place
un	O
fort	O
qui	O
de	O
le	O
reste	O
fut	O
immédiatement	O
attaqué	O
et	O
enlevé	O
par	O
les	O
Français	B-Demo
.	O
</p>	O
<p n='FR031147'>	O
La	O
garnison	O
demeura	O
prisonnière	O
.	O
</p>	O
<p n='FR031148'>	O
Cependant	O
M.	B-Pers
de	I-Pers
Contrecœur	I-Pers
,	O
commandant	O
de	O
le	O
fort	B-Fac
Duquesne	I-Fac
,	O
fort	O
qui	O
est	O
aujourd'hui	O
la	O
ville	O
de	O
Pittsbourg	B-Place
,	O
l'	O
une	O
des	O
plus	O
riches	O
des	O
États-Unis	B-Place
,	O
M.	B-Pers
de	I-Pers
Contrecœur	I-Pers
,	O
voulant	O
non	O
seulement	O
mettre	O
le	O
droit	O
de	O
son	O
côté	O
,	O
mais	O
,	O
comme	O
si	O
cela	O
était	O
possible	O
,	O
éviter	O
la	O
guerre	O
,	O
prit	O
la	O
résolution	O
de	O
ne	O
pas	O
rendre	O
coup	O
pour	O
coup	O
,	O
attaque	O
pour	O
attaque	O
.	O
</p>	O
<p n='FR031149'>	O
Il	O
chargea	O
l'	O
un	O
de	O
ses	O
aides	O
de	O
camp	O
,	O
capitaine	B-Role
à	O
le	O
régiment	B-Org
de	I-Org
Royal-Marine	I-Org
,	O
de	O
se	O
rendre	O
auprès	O
de	O
le	O
chef	B-Role
anglais	I-Role
et	O
de	O
le	O
sommer	O
d'	O
avoir	O
à	O
se	O
retirer	O
sur-le-champ	O
,	O
attendu	O
qu'	O
il	O
se	O
trouvait	O
sans	O
raison	O
sur	O
le	O
territoire	O
français	O
.	O
</p>	O
<p n='FR031150'>	O
Cet	O
aide	O
de	O
camp	O
se	O
nommait	O
le	B-Pers
comte	I-Pers
de	I-Pers
Jumonville	I-Pers
.	O
</p>	O
</sample>	O
<sample>	O
<p n='FR03113109'>	O
"	O
--	O
Oh	O
!	O
m'	O
écriai	O
-je	O
avec	O
douleur	O
,	O
ô	O
Armand	B-Pers
!	O
comment	O
me	O
demandez	O
-vous	O
la	O
seule	O
chose	O
que	O
je	O
ne	O
peux	O
vous	O
accorder	O
?	O
Fuir	O
avec	O
vous	O
,	O
me	O
perdre	O
à	O
les	O
yeux	O
de	O
le	O
monde	O
!	O
Ah	O
!	O
cela	O
est	O
impossible	O
!	O
Après	O
un	O
tel	O
scandale	O
,	O
vous-même	O
refuseriez	O
de	O
m'	O
accepter	O
pour	O
votre	O
femme	O
.	O
</p>	O
<p n='FR03113110'>	O
"	O
--	O
Léona	B-Pers
,	O
à	O
le	O
nom	O
de	O
le	O
ciel	O
!	O
c'	O
est	O
le	O
sacrifice	O
de	O
votre	O
vie	O
entière	O
qu'	O
on	O
exige	O
de	O
vous	O
...	O
,	O
le	O
malheur	O
de	O
la	O
mienne	O
!	O
</p>	O
<p n='FR03113111'>	O
"	O
Il	O
y	O
eut	O
un	O
court	O
silence	O
,	O
enfin	O
Léona	B-Pers
continua	O
:	O
</p>	O
<p n='FR03113112'>	O
"	O
--	O
Tu	O
ne	O
saurais	O
t'	O
imaginer	O
,	O
chère	O
Camille	B-Pers
,	O
la	O
terreur	O
folle	O
qui	O
s'	O
empara	O
subitement	O
de	O
moi	O
,	O
à	O
la	O
vue	O
de	O
ces	O
hommes	O
surgissant	O
de	O
le	O
fond	O
de	O
l'	O
ombre	O
,	O
plus	O
terribles	O
que	O
des	O
spectres	O
.	O
</p>	O
<p n='FR03113113'>	O
"	O
Les	O
lueurs	O
rougeâtres	O
des	O
torches	O
reflétaient	O
sur	O
eux	O
une	O
teinte	O
sanglante	O
.	O
</p>	O
<p n='FR03113114'>	O
"	O
La	O
fureur	O
qui	O
agitait	O
leurs	O
visages	O
,	O
les	O
épées	O
qui	O
brillaient	O
à	O
le	O
bout	O
de	O
leurs	O
bras	O
menaçants	O
,	O
le	O
silence	O
sinistre	O
qui	O
se	O
fit	O
après	O
la	O
réponse	O
hautaine	O
de	O
le	O
baron	B-Pers
de	I-Pers
Grigny	I-Pers
,	O
tout	O
cela	O
tourbillonna	O
dans	O
mon	O
cerveau	O
,	O
devant	O
mes	O
yeux	O
,	O
bruissa	O
à	O
mes	O
oreilles	O
,	O
et	O
me	O
jeta	O
dans	O
une	O
épouvante	O
si	O
forte	O
,	O
que	O
je	O
m'	O
affaissai	O
à	O
demi-morte	O
à	O
le	O
pied	O
d'	O
un	O
arbre	O
.	O
</p>	O
<p n='FR03113115'>	O
"	O
Les	O
sanglots	O
m'	O
étouffaient	O
.	O
</p>	O
<p n='FR03113116'>	O
"	O
Dieu	B-Pers
prit	O
pitié	O
de	O
moi	O
.	O
</p>	O
<p n='FR03113117'>	O
"	O
Il	O
m'	O
envoya	O
des	O
larmes	O
.	O
</p>	O
<p n='FR03113118'>	O
"	O
Je	O
pleurai	O
.	O
</p>	O
<p n='FR03113119'>	O
"	O
Je	O
me	O
sentis	O
sauvée	O
.	O
</p>	O
<p n='FR03113120'>	O
"	O
Ma	O
position	O
était	O
horrible	O
.	O
</p>	O
<p n='FR03113121'>	O
"	O
à	O
le	O
milieu	O
de	O
le	O
danger	O
de	O
mort	O
qui	O
planait	O
sur	O
la	O
tête	O
de	O
ces	O
hommes	O
si	O
fiers	O
,	O
si	O
orgueilleux	O
,	O
je	O
sentais	O
le	O
mépris	O
universel	O
s'	O
appesantir	O
sur	O
ma	O
tête	O
.	O
</p>	O
<p n='FR03113122'>	O
"	O
J'	O
avais	O
eu	O
le	O
courage	O
et	O
la	O
vertu	O
de	O
refuser	O
la	O
proposition	O
d'	O
Armand	B-Pers
;	O
mais	O
n'	O
avais	O
-je	O
pas	O
eu	O
le	O
tort	O
d'	O
accepter	O
son	O
rendez	O
-vous	O
et	O
de	O
m'	O
y	O
rendre	O
?	O
</p>	O
<p n='FR03113123'>	O
"	O
Ils	O
ne	O
me	O
tenaient	O
pas	O
compte	O
de	O
le	O
sacrifice	O
.	O
</p>	O
<p n='FR03113124'>	O
"	O
Ni	O
mon	O
père	O
ni	O
mon	O
frère	O
ne	O
daignèrent	O
m'	O
accorder	O
un	O
regard	O
de	O
pitié	O
.	O
</p>	O
<p n='FR03113125'>	O
"	O
L'	O
acte	O
de	O
M.	B-Pers
de	I-Pers
Grigny	I-Pers
les	O
surprit	O
.	O
</p>	O
<p n='FR03113126'>	O
"	O
Mais	O
leur	O
surprise	O
ne	O
fut	O
pas	O
de	O
longue	O
durée	O
.	O
</p>	O
<p n='FR03113127'>	O
"	O
Après	O
s'	O
être	O
consultés	O
de	O
le	O
regard	O
,	O
le	O
père	O
et	O
le	O
fils	O
s'	O
avancèrent	O
lentement	O
de	O
le	O
côté	O
de	O
leur	O
adversaire	O
.	O
</p>	O
<p n='FR03113128'>	O
"	O
Celui-ci	O
,	O
la	O
tête	O
haute	O
,	O
l'	O
œil	O
en	O
feu	O
,	O
la	O
bouche	O
dédaigneuse	O
,	O
les	O
bras	O
croisés	O
,	O
les	O
voyait	O
venir	O
avec	O
une	O
indicible	O
expression	O
d'	O
ironie	O
.	O
</p>	O
<p n='FR03113129'>	O
"	O
Arrivés	O
assez	O
près	O
de	O
lui	O
pour	O
le	O
toucher	O
en	O
étendant	O
leurs	O
épées	O
,	O
le	B-Pers
duc	I-Pers
de	I-Pers
Beauregard	I-Pers
et	O
son	O
fils	O
s'	O
arrêtèrent	O
.	O
</p>	O
<p n='FR03113130'>	O
"	O
Il	O
y	O
eut	O
un	O
moment	O
de	O
silence	O
effrayant	O
.	O
</p>	O
<p n='FR03113131'>	O
"	O
Ce	O
fut	O
mon	O
père	O
qui	O
,	O
le	O
premier	O
,	O
prit	O
la	O
parole	O
.	O
</p>	O
<p n='FR03113132'>	O
"	O
--	O
Monsieur	O
,	O
lui	O
dit	O
-il	O
froidement	O
,	O
vous	O
vous	O
êtes	O
introduit	O
comme	O
un	O
larron	O
d'	O
honneur	O
dans	O
le	O
parc	O
de	O
le	O
château	O
.	O
Je	O
suis	O
haut	O
justicier	O
sur	O
toute	O
l'	O
étendue	O
de	O
mes	O
terres	O
;	O
rien	O
ne	O
me	O
serait	O
plus	O
facile	O
que	O
de	O
vous	O
châtier	O
comme	O
vous	O
le	O
méritez	O
.	O
</p>	O
</sample>	O
<sample>	O
<p n='FR031142'>	O
Quelques	O
semaines	O
avant	O
le	O
commencement	O
de	O
notre	O
action	O
,	O
Dinwidie	B-Pers
,	O
gouverneur	O
de	O
la	O
Virginie	B-Place
,	O
nommé	O
par	O
le	O
gouvernement	B-Org
britannique	I-Org
,	O
avait	O
expédié	O
une	O
colonne	O
de	O
miliciens	O
chargée	O
d'	O
occuper	O
les	O
terres	O
de	O
l'	O
Ohio	B-Place
qui	O
nous	O
appartenaient	O
.	O
</p>	O
<p n='FR031143'>	O
Notons	O
,	O
en	O
passant	O
,	O
que	O
,	O
selon	O
l'	O
habitude	O
anglaise	O
,	O
cette	O
expédition	O
se	O
faisait	O
en	O
pleine	O
paix	O
,	O
contre	O
le	O
droit	O
de	O
toutes	O
les	O
nations	O
civilisées	O
.	O
</p>	O
<p n='FR031144'>	O
Le	O
major	B-Pers
Washington	I-Pers
commandait	O
en	O
chef	O
cette	O
colonne	O
.	O
</p>	O
<p n='FR031145'>	O
Washington	B-Pers
,	O
le	O
même	O
qui	O
plus	O
tard	O
devint	O
un	O
grand	O
homme	O
et	O
délivra	O
sa	O
patrie	O
de	O
le	O
joug	O
de	O
l'	O
Angleterre	B-Place
.	O
</p>	O
<p n='FR031146'>	O
Son	O
avant-garde	O
,	O
dirigée	O
par	O
l'	O
enseigne	O
Ward	O
,	O
entra	O
résolument	O
sur	O
notre	O
territoire	O
,	O
s'	O
y	O
installa	O
et	O
construisit	O
sur	O
les	O
bords	O
de	O
l'	O
Ohio	B-Place
un	O
fort	O
qui	O
de	O
le	O
reste	O
fut	O
immédiatement	O
attaqué	O
et	O
enlevé	O
par	O
les	O
Français	B-Demo
.	O
</p>	O
<p n='FR031147'>	O
La	O
garnison	O
demeura	O
prisonnière	O
.	O
</p>	O
<p n='FR031148'>	O
Cependant	O
M.	B-Pers
de	I-Pers
Contrecœur	I-Pers
,	O
commandant	O
de	O
le	O
fort	B-Place
Duquesne	I-Place
,	O
fort	O
qui	O
est	O
aujourd'hui	O
la	O
ville	O
de	O
Pittsbourg	B-Place
,	O
l'	O
une	O
des	O
plus	O
riches	O
des	O
États-Unis	B-Place
,	O
M.	B-Pers
de	I-Pers
Contrecœur	I-Pers
,	O
voulant	O
non	O
seulement	O
mettre	O
le	O
droit	O
de	O
son	O
côté	O
,	O
mais	O
,	O
comme	O
si	O
cela	O
était	O
possible	O
,	O
éviter	O
la	O
guerre	O
,	O
prit	O
la	O
résolution	O
de	O
ne	O
pas	O
rendre	O
coup	O
pour	O
coup	O
,	O
attaque	O
pour	O
attaque	O
.	O
</p>	O
<p n='FR031149'>	O
Il	O
chargea	O
l'	O
un	O
de	O
ses	O
aides	O
de	O
camp	O
,	O
capitaine	B-Role
à	O
le	O
régiment	O
de	O
Royal-Marine	O
,	O
de	O
se	O
rendre	O
auprès	O
de	O
le	O
chef	B-Role
anglais	I-Role
et	O
de	O
le	O
sommer	O
d'	O
avoir	O
à	O
se	O
retirer	O
sur-le-champ	O
,	O
attendu	O
qu'	O
il	O
se	O
trouvait	O
sans	O
raison	O
sur	O
le	O
territoire	O
français	O
.	O
</p>	O
<p n='FR031150'>	O
Cet	O
aide	O
de	O
camp	O
se	O
nommait	O
le	O
comte	B-Pers
de	I-Pers
Jumonville	I-Pers
.	O
</p>	O
<p n='FR031151'>	O
M.	B-Pers
de	I-Pers
Jumonville	I-Pers
fit	O
immédiatement	O
ses	O
préparatifs	O
de	O
départ	O
.	O
</p>	O
<p n='FR031152'>	O
Seulement	O
,	O
comme	O
il	O
lui	O
fallait	O
traverser	O
des	O
régions	O
hantées	O
par	O
des	O
tribus	O
hostiles	O
à	O
les	O
Français	B-Demo
,	O
sur	O
la	O
recommandation	O
expresse	O
de	O
M.	B-Pers
de	I-Pers
Contrecœur	I-Pers
,	O
il	O
prit	O
une	O
escorte	O
de	O
trente-quatre	O
hommes	O
dévoués	O
et	O
aguerris	O
.	O
</p>	O
<p n='FR031153'>	O
C'	O
est	O
ce	O
détachement	O
que	O
nous	O
avons	O
laissé	O
campé	O
dans	O
une	O
clairière	O
après	O
une	O
marche	O
forcée	O
de	O
cinq	O
jours	O
.	O
</p>	O
<p n='FR031154'>	O
Le	B-Pers
comte	I-Pers
de	I-Pers
Jumonville	I-Pers
tenait	O
tellement	O
à	O
accomplir	O
sa	O
mission	O
sans	O
retard	O
,	O
qu'	O
il	O
n'	O
avait	O
encore	O
laissé	O
reposer	O
ses	O
hommes	O
ni	O
jour	O
ni	O
nuit	O
.	O
</p>	O
<p n='FR031155'>	O
Il	O
espérait	O
de	O
le	O
reste	O
,	O
grâce	O
à	O
cette	O
miraculeuse	O
célérité	O
,	O
se	O
trouver	O
le	O
lendemain	O
même	O
vers	O
midi	O
en	O
vue	O
des	O
premiers	O
avant-postes	O
anglais	O
.	O
</p>	O
<p n='FR031156'>	O
Le	O
jeune	O
homme	O
était	O
depuis	O
quelques	O
instants	O
plongé	O
dans	O
ses	O
réflexions	O
,	O
lorsqu'un	O
des	O
Canadiens	B-Demo
s'	O
approcha	O
de	O
lui	O
.	O
</p>	O
<p n='FR031157'>	O
Le	O
bruit	O
de	O
ses	O
pas	O
ne	O
suffit	O
pas	O
pour	O
le	O
tirer	O
de	O
sa	O
rêverie	O
.	O
</p>	O
<p n='FR031158'>	O
Le	B-Demo
Canadien	I-Demo
attendit	O
.	O
</p>	O
<p n='FR031159'>	O
Enfin	O
,	O
voyant	O
que	O
l'	O
officier	O
ne	O
faisait	O
aucune	O
attention	O
à	O
lui	O
,	O
il	O
se	O
décida	O
à	O
parler	O
.	O
</p>	O
<p n='FR031160'>	O
--	O
Capitaine	B-Role
!	O
fit	O
-il	O
après	O
avoir	O
salué	O
respectueusement	O
.	O
</p>	O
<p n='FR031161'>	O
M.	B-Pers
de	I-Pers
Jumonville	I-Pers
releva	O
brusquement	O
la	O
tête	O
,	O
réprimant	O
avec	O
peine	O
un	O
premier	O
mouvement	O
de	O
mauvaise	O
humeur	O
.	O
</p>	O
<p n='FR031162'>	O
Mais	O
le	B-Demo
Canadien	I-Demo
,	O
immobile	O
,	O
à	O
le	O
port	O
d'	O
armes	O
,	O
attendait	O
imperturbablement	O
que	O
son	O
chef	O
l'	O
interrogeât	O
.	O
</p>	O
</sample>	O
</samples>	O
