Word	Tag
<?xml version='1.0' encoding='UTF-8'?>	O
<samples n='FR0370'>	O
<sample>	O
<p n='FR0370424'>	O
Le	O
temps	O
,	O
quoique	O
rigoureux	O
,	O
était	O
cependant	O
favorable	O
pour	O
faire	O
connaître	O
Paris	B-Place
à	O
Hélène	B-Pers
;	O
car	O
ce	O
n'	O
est	O
pas	O
connaître	O
Paris	B-Place
que	O
d'	O
avoir	O
habité	O
la	O
rue	B-Fac
Saint-Jacques	I-Fac
pendant	O
son	O
enfance	O
.	O
Les	O
parcs	O
,	O
les	O
musées	O
,	O
tout	O
ce	O
que	O
ne	O
connaissent	O
pas	O
les	O
Parisiens	B-Demo
fut	O
visité	O
par	O
la	O
fiancée	O
.	O
Mme	B-Pers
Liébert	I-Pers
convint	O
avec	O
elle-même	O
qu'	O
Hélène	B-Pers
était	O
née	O
pour	O
être	O
élégante	O
.	O
Elle	O
était	O
vraiment	O
à	O
sa	O
place	O
dans	O
ce	O
beau	O
landau	O
,	O
et	O
la	O
fortune	O
ne	O
se	O
trompait	O
pas	O
en	O
lui	O
apportant	O
ses	O
faveurs	O
.	O
</p>	O
<p n='FR0370425'>	O
Le	O
théâtre	O
fit	O
une	O
vive	O
impression	O
sur	O
elle	O
.	O
Mme	B-Pers
de	I-Pers
Saint-Alban	I-Pers
oubliait	O
les	O
beautés	O
d'	O
Othello	B-Work
et	O
de	O
la	O
Gazza	B-Work
ladra	I-Work
pour	O
suivre	O
ce	O
qui	O
se	O
passait	O
dans	O
l'	O
esprit	O
de	O
la	O
jolie	O
fiancée	O
.	O
M.	B-Pers
de	I-Pers
Vrières	I-Pers
n'	O
était	O
à	O
le	O
contraire	O
jamais	O
plus	O
sérieux	O
qu'	O
à	O
le	O
théâtre	O
.	O
Le	O
lendemain	O
d'	O
une	O
représentation	O
à	O
le	O
grand	B-Fac
Opéra	I-Fac
,	O
il	O
parla	O
de	O
l'	O
impatience	O
que	O
lui	O
témoignait	O
sa	B-Rolemisc
mère	I-Rolemisc
et	O
de	O
son	O
désir	O
de	O
faire	O
connaissance	O
avec	O
celle	O
dont	O
la	O
présence	O
ferait	O
le	O
charme	O
de	O
sa	O
vieillesse	O
.	O
Il	O
fallut	O
rompre	O
avec	O
les	O
enchantements	O
que	O
la	O
femme	O
de	O
le	O
ministre	B-Role
se	O
plaisait	O
à	O
multiplier	O
:	O
on	O
revint	O
à	O
Clermont	B-Place
,	O
Hélène	B-Pers
revit	O
avec	O
émotion	O
non	O
seulement	O
son	B-Rolemisc
père	I-Rolemisc
et	O
ses	B-Rolemisc
sœurs	I-Rolemisc
,	O
mais	O
tout	O
ce	O
qu'	O
elle	O
allait	O
quitter	O
,	O
sa	O
petite	O
chambre	O
,	O
ses	O
trésors	O
d'	O
enfants	O
,	O
sa	B-Role
bonne	I-Role
Janique	B-Pers
.	O
Des	O
sentiments	O
nouveaux	O
remplissaient	O
son	O
cœur	O
,	O
il	O
lui	O
semblait	O
qu'	O
elle	O
n'	O
avait	O
pas	O
assez	O
aimé	O
ces	B-Rolemisc
généreux	I-Rolemisc
parents	I-Rolemisc
qui	O
consentaient	O
à	O
la	O
perdre	O
parce	O
qu'	O
ils	O
croyaient	O
assurer	O
son	O
bonheur	O
.	O
</p>	O
<p n='FR0370426'>	O
Les	O
amies	O
vinrent	O
admirer	O
la	O
corbeille	O
.	O
Hélène	B-Pers
témoignait	O
plus	O
d'	O
embarras	O
que	O
de	O
vanité	O
.	O
Elvire	B-Pers
estima	O
à	O
le	O
plus	O
juste	O
le	O
prix	O
de	O
la	O
corbeille	O
et	O
en	O
conclut	O
avec	O
une	O
certaine	O
pointe	O
d'	O
ironie	O
que	O
M.	B-Pers
de	I-Pers
Vrières	I-Pers
était	O
le	O
roi	O
des	O
charbonniers	O
.	O
</p>	O
<p n='FR0370427'>	O
De	O
magnifiques	O
présents	O
furent	O
offerts	O
à	O
les	O
belles-sœurs	B-Rolemisc
.	O
Anne	B-Pers
,	O
ravie	O
d'	O
être	O
en	O
possession	O
d'	O
une	O
petite	O
montre	O
avec	O
sa	O
chaîne	O
d'	O
or	O
,	O
dit	O
à	O
M.	B-Pers
de	I-Pers
Vrières	I-Pers
en	O
l'	O
embrassant	O
qu'	O
elle	O
l'	O
aimait	O
beaucoup	O
,	O
mais	O
que	O
ce	O
n'	O
était	O
pas	O
gentil	O
d'	O
emmener	O
Hélène	B-Pers
.	O
</p>	O
<p n='FR0370428'>	O
Le	O
mariage	O
fut	O
célébré	O
à	O
la	O
cathédrale	O
avec	O
la	O
plus	O
grande	O
pompe	O
.	O
Les	O
amis	O
étaient	O
nombreux	O
et	O
les	O
curieux	O
aussi	O
.	O
Mme	B-Pers
de	I-Pers
Saint-Alban	I-Pers
elle-même	O
fit	O
exprès	O
le	O
voyage	O
.	O
</p>	O
<p n='FR0370429'>	O
Quelques	O
jours	O
plus	O
tard	O
,	O
la	O
jeune	O
femme	O
quittait	O
sa	O
famille	O
pour	O
se	O
rendre	O
auprès	O
d'	O
une	O
belle-mère	B-Rolemisc
impatiente	O
de	O
la	O
connaître	O
.	O
Hélène	B-Pers
cessa	O
de	O
penser	O
à	O
ceux	O
qu'	O
elle	O
venait	O
de	O
quitter	O
pour	O
songer	O
à	O
la	O
nouvelle	O
connaissance	O
qu'	O
elle	O
allait	O
faire	O
.	O
M.	B-Pers
de	I-Pers
Vrières	I-Pers
respectait	O
le	O
silence	O
de	O
sa	O
jeune	O
femme	O
;	O
il	O
n'	O
était	O
pas	O
non	O
plus	O
,	O
lui	O
,	O
sans	O
préoccupations	O
.	O
</p>	O
<p n='FR0370430'>	O
À	O
Clermont	B-Place
,	O
les	O
voyageurs	O
étaient	O
l'	O
unique	O
sujet	O
de	O
la	O
conversation	O
;	O
on	O
les	O
suivait	O
par	O
la	O
pensée	O
,	O
on	O
s'	O
efforçait	O
de	O
combler	O
le	O
vide	O
que	O
laissait	O
cette	O
enfant	O
chérie	O
.	O
</p>	O
</sample>	O
<sample>	O
<p n='FR0370732'>	O
Le	O
temps	O
marche	O
,	O
l'	O
illusion	O
est	O
impossible	O
.	O
Hélène	B-Pers
et	O
son	B-Rolemisc
mari	I-Rolemisc
se	O
hâtent	O
d'	O
arriver	O
.	O
Le	O
père	B-Rolemisc
témoigne	O
de	O
la	O
joie	O
en	O
se	O
voyant	O
entouré	O
de	O
ses	B-Rolemisc
enfants	I-Rolemisc
.	O
Il	O
essaie	O
de	O
les	O
rassurer	O
,	O
mais	O
ses	O
paroles	O
manquent	O
de	O
conviction	O
,	O
et	O
ses	B-Rolemisc
enfants	I-Rolemisc
lui	O
répondent	O
par	O
des	O
larmes	O
.	O
</p>	O
<p n='FR0370733'>	O
Seul	O
avec	O
Adrien	B-Pers
et	O
sa	B-Pers
fille	I-Pers
Marie	I-Pers
,	O
il	O
leur	O
parla	O
de	O
le	O
devoir	O
qu'	O
ils	O
auraient	O
bientôt	O
à	O
remplir	O
:	O
"	O
Mon	O
cher	O
Adrien	B-Pers
,	O
je	O
ne	O
serai	O
plus	O
là	O
pour	O
te	O
suivre	O
dans	O
ta	O
carrière	O
...	O
que	O
la	O
volonté	O
de	O
Dieu	B-Pers
soit	O
faite	O
...	O
Tu	O
vas	O
devenir	O
le	O
protecteur	O
de	O
ta	B-Rolemisc
mère	I-Rolemisc
et	O
de	O
tes	B-Rolemisc
sœurs	I-Rolemisc
;	O
ménage	O
leur	O
faiblesse	O
,	O
entoure	O
-les	O
de	O
tes	O
soins	O
;	O
souviens	O
-toi	O
que	O
la	O
femme	O
la	O
plus	O
courageuse	O
a	O
besoin	O
d'	O
être	O
protégée	O
,	O
d'	O
avoir	O
près	O
d'	O
elle	O
un	O
cœur	O
compatissant	O
.	O
Et	O
toi	O
,	O
ma	O
chère	O
Marie	B-Pers
,	O
que	O
ton	O
dévouement	O
soit	O
béni	O
,	O
que	O
ta	O
piété	O
filiale	O
soit	O
la	O
consolation	O
de	O
ta	O
bonne	B-Rolemisc
mère	I-Rolemisc
!	O
Aimez	O
-vous	O
,	O
chers	O
enfants	B-Rolemisc
,	O
soyez	O
indulgents	O
les	O
uns	O
envers	O
les	O
autres	O
,	O
ayez	O
confiance	O
en	O
Dieu	B-Pers
.	O
"	O
</p>	O
<p n='FR0370734'>	O
Adrien	B-Pers
promettait	O
,	O
s'	O
engageait	O
à	O
se	O
dévouer	O
à	O
des	O
êtres	O
si	O
chers	O
,	O
mais	O
il	O
savait	O
bien	O
déjà	O
que	O
la	O
place	O
d'	O
un	O
père	B-Rolemisc
reste	O
toujours	O
vide	O
.	O
</p>	O
<p n='FR0370735'>	O
Il	O
y	O
a	O
des	O
moments	O
où	O
l'	O
égoïsme	O
s'	O
efface	O
:	O
on	O
pleure	O
avec	O
ceux	O
qui	O
pleurent	O
.	O
C'	O
était	O
le	O
sentiment	O
qu'	O
inspirait	O
Mme	B-Pers
Liébert	I-Pers
.	O
Elle	O
était	O
l'	O
objet	O
de	O
la	O
plus	O
tendre	O
sollicitude	O
.	O
</p>	O
<p n='FR0370736'>	O
Mlle	B-Pers
Bravard	I-Pers
,	O
qui	O
était	O
accourue	O
à	O
la	O
première	O
nouvelle	O
de	O
le	O
danger	O
,	O
ne	O
quitte	O
plus	O
la	O
maison	O
de	O
ses	O
amis	O
,	O
et	O
leur	O
apparaît	O
sous	O
un	O
aspect	O
nouveau	O
.	O
Sa	O
démarche	O
est	O
calme	O
:	O
elle	O
parle	O
à	O
voix	O
basse	O
,	O
le	O
malade	O
reçoit	O
volontiers	O
ses	O
soins	O
.	O
Ferdinande	B-Pers
exige	O
que	O
ses	O
amies	O
prennent	O
un	O
peu	O
de	O
repos	O
;	O
pour	O
elle	O
,	O
elle	O
n'	O
en	O
a	O
jamais	O
besoin	O
.	O
On	O
dirait	O
que	O
cette	O
généreuse	O
femme	O
ne	O
distingue	O
pas	O
le	O
jour	O
de	O
la	O
nuit	O
.	O
</p>	O
<p n='FR0370737'>	O
La	O
dernière	O
heure	O
approche	O
.	O
La	O
physionomie	O
de	O
M.	B-Pers
Liébert	I-Pers
a	O
cependant	O
encore	O
toute	O
sa	O
sérénité	O
.	O
Il	O
bénit	O
sa	B-Rolemisc
femme	I-Rolemisc
,	O
ses	B-Pers
enfants	I-Pers
et	O
tous	O
ceux	O
qui	O
l'	O
entourent	O
.	O
</p>	O
<p n='FR0370738'>	O
Sur	O
un	O
signe	O
,	O
Ferdinande	B-Pers
s'	O
approche	O
de	O
le	O
mourant	O
.	O
Il	O
lui	O
dit	O
avec	O
effort	O
:	O
</p>	O
<p n='FR0370739'>	O
"	O
Chère	O
amie	O
,	O
vous	O
aurez	O
bien	O
soin	O
d'	O
elles	O
,	O
n'	O
est	O
-ce	O
pas	O
?	O
Je	O
vous	O
recommande	O
ma	O
petite	O
Anne	B-Pers
.	O
"	O
</p>	O
<p n='FR0370740'>	O
Un	O
drap	O
mortuaire	O
indique	O
à	O
les	O
passants	O
qu'	O
on	O
pleure	O
dans	O
cette	O
petite	O
maison	O
.	O
</p>	O
<p n='FR0370741'>	O
Malgré	O
l'	O
émotion	O
qu'	O
éprouve	O
l'	O
amie	O
dévouée	O
elle	O
pense	O
à	O
tout	O
.	O
Elle	O
épargne	O
à	O
l'	O
épouse	B-Rolemisc
et	O
à	O
les	O
enfants	B-Rolemisc
tout	O
ce	O
que	O
les	O
derniers	O
moments	O
ont	O
de	O
trop	O
dur	O
.	O
</p>	O
<p n='FR0370742'>	O
Ferdinande	B-Pers
avait	O
reconquis	O
devant	O
ce	O
lit	O
de	O
mort	O
toutes	O
les	O
délicatesses	O
de	O
la	O
femme	O
;	O
et	O
quoique	O
plongées	O
dans	O
la	O
douleur	O
,	O
celles	O
qui	O
étaient	O
l'	O
objet	O
de	O
tous	O
ses	O
soins	O
s'	O
étonnaient	O
de	O
la	O
trouver	O
si	O
semblable	O
à	O
elles-mêmes	O
.	O
</p>	O
</sample>	O
<sample>	O
<p n='FR0370635'>	O
--	O
Eh	O
bien	O
!	O
de	O
même	O
que	O
l'	O
oiseau	O
se	O
méfie	O
de	O
le	O
chien	O
de	O
chasse	O
,	O
les	O
poissons	O
se	O
méfient	O
de	O
la	O
ligne	O
de	O
le	O
pêcheur	B-Role
...	O
qui	O
sait	O
si	O
les	O
habitants	O
de	O
la	O
rivière	O
n'	O
ont	O
pas	O
entendu	O
parler	O
de	O
tes	O
exploits	O
!	O
</p>	O
<p n='FR0370636'>	O
--	O
Anne	B-Pers
,	O
Anne	B-Pers
,	O
une	O
bonne	O
ménagère	O
doit	O
mieux	O
traiter	O
l'	O
honnête	O
et	O
patient	O
pêcheur	B-Role
.	O
Carpes	O
et	O
carpillons	O
auront	O
beau	O
faire	O
,	O
ils	O
seront	O
bientôt	O
pris	O
et	O
frits	O
.	O
"	O
</p>	O
<p n='FR0370637'>	O
Il	O
va	O
sans	O
dire	O
que	O
les	O
nouveaux	O
propriétaires	O
de	O
Petit-Château	B-Fac
reçurent	O
beaucoup	O
de	O
visites	O
:	O
visites	O
d'	O
amis	O
et	O
de	O
curieux	O
.	O
</p>	O
<p n='FR0370638'>	O
Pour	O
la	O
première	O
fois	O
de	O
sa	O
vie	O
,	O
Mme	B-Pers
Liébert	I-Pers
pouvait	O
inviter	O
une	O
ou	O
deux	O
personnes	O
à	O
dîner	O
sans	O
y	O
être	O
préparée	O
à	O
l'	O
avance	O
.	O
La	O
simplicité	O
de	O
l'	O
ordinaire	O
était	O
relevée	O
par	O
l'	O
abondance	O
des	O
fruits	O
,	O
sans	O
compter	O
qu'	O
une	O
basse-cour	O
,	O
indépendante	O
de	O
celle	O
de	O
la	O
ferme	O
,	O
favorisait	O
les	O
impromptus	O
.	O
</p>	O
<p n='FR0370639'>	O
Anne	B-Pers
aimait	O
beaucoup	O
les	O
visites	O
;	O
un	O
peu	O
plus	O
de	O
solitude	O
n'	O
eût	O
cependant	O
pas	O
déplu	O
à	O
sa	O
mère	O
et	O
à	O
sa	O
sœur	O
,	O
car	O
l'	O
une	O
et	O
l'	O
autre	O
avaient	O
beaucoup	O
à	O
faire	O
.	O
</p>	O
<p n='FR0370640'>	O
Mais	O
des	O
hôtes	O
bien	O
chers	O
étaient	O
attendus	O
avec	O
impatience	O
.	O
Ce	O
ne	O
fut	O
toutefois	O
qu'	O
à	O
le	O
mois	O
de	O
septembre	O
qu'	O
Hélène	B-Pers
et	O
son	B-Rolemisc
mari	I-Rolemisc
vinrent	O
en	O
Auvergne	B-Place
.	O
Mme	B-Pers
de	I-Pers
Vrières	I-Pers
ne	O
savait	O
plus	O
se	O
passer	O
de	O
sa	O
charmante	O
belle-fille	B-Rolemisc
,	O
et	O
il	O
faut	O
lui	O
savoir	O
gré	O
de	O
s'	O
être	O
rendue	O
à	O
les	O
instances	O
de	O
le	O
mari	B-Rolemisc
pour	O
lui	O
donner	O
la	O
permission	O
d'	O
emmener	O
sa	B-Rolemisc
femme	I-Rolemisc
.	O
</p>	O
<p n='FR0370641'>	O
Le	O
cœur	O
d'	O
Hélène	B-Pers
débordait	O
de	O
joie	O
.	O
Retrouver	O
son	B-Rolemisc
père	I-Rolemisc
et	O
sa	B-Rolemisc
mère	I-Rolemisc
dans	O
un	O
joli	O
manoir	O
était	O
un	O
bonheur	O
encore	O
plus	O
grand	O
que	O
de	O
les	O
recevoir	O
chez	O
elle	O
.	O
Jamais	O
l'	O
Auvergne	B-Place
ne	O
lui	O
avait	O
paru	O
si	O
riche	O
en	O
beautés	O
.	O
À	O
l'	O
en	O
croire	O
,	O
tous	O
les	O
châteaux	O
de	O
la	O
Belgique	B-Place
ne	O
valaient	O
pas	O
celui	O
de	O
la	O
vallée	B-Place
de	I-Place
Chanonat	I-Place
.	O
La	O
chambre	O
qu'	O
on	O
lui	O
avait	O
préparée	O
dépassait	O
la	O
sienne	O
en	O
agrément	O
,	O
et	O
ses	B-Rolemisc
sœurs	I-Rolemisc
étaient	O
des	O
dames	O
d'	O
atours	O
incomparables	O
.	O
</p>	O
<p n='FR0370642'>	O
Le	O
poupon	O
Édouard	B-Pers
fut	O
accueilli	O
comme	O
un	O
aîné	O
de	O
race	O
royale	O
.	O
La	O
grand-mère	B-Rolemisc
et	O
les	O
tantes	B-Rolemisc
déclaraient	O
n'	O
avoir	O
jamais	O
vu	O
d'	O
aussi	O
bel	O
enfant	O
.	O
Anne	B-Pers
se	O
mettait	O
à	O
genoux	O
devant	O
lui	O
pour	O
obtenir	O
des	O
sourires	O
qui	O
la	O
ravissaient	O
.	O
En	O
dépit	O
des	O
réclamations	O
de	O
Janique	B-Pers
,	O
la	O
petite	B-Rolemisc
tante	I-Rolemisc
faisait	O
la	O
bouillie	O
et	O
ne	O
respectait	O
pas	O
toujours	O
les	O
droits	O
de	O
la	O
grosse	O
bonne	B-Role
flamande	O
.	O
</p>	O
<p n='FR0370643'>	O
Anne	B-Pers
n'	O
avait	O
certes	O
pas	O
la	O
prétention	O
de	O
rivaliser	O
de	O
confort	O
avec	O
les	O
de	B-Pers
Vrières	I-Pers
,	O
mais	O
la	O
jeune	O
fille	O
déployait	O
sur	O
son	O
modeste	O
théâtre	O
toutes	O
les	O
ressources	O
d'	O
un	O
savoir-faire	O
qui	O
ne	O
laissait	O
rien	O
à	O
désirer	O
à	O
ses	O
hôtes	O
.	O
</p>	O
<p n='FR0370644'>	O
Cependant	O
la	O
Belgique	B-Place
n'	O
est	O
pas	O
uniquement	O
une	O
houillère	O
,	O
comme	O
le	O
prétendait	O
jadis	O
Hélène	B-Pers
dans	O
sa	O
mauvaise	O
humeur	O
.	O
Une	O
belle	O
glace	O
destinée	O
à	O
le	O
salon	O
,	O
des	O
cristaux	O
pour	O
la	O
table	O
,	O
de	O
jolies	O
étoffes	O
et	O
mille	O
riens	O
apportés	O
pour	O
sa	B-Rolemisc
mère	I-Rolemisc
et	O
ses	B-Rolemisc
sœurs	I-Rolemisc
en	O
faisaient	O
foi	O
.	O
</p>	O
</sample>	O
<sample>	O
<p n='FR0370235'>	O
Madame	B-Pers
de	I-Pers
Saint-Alban	I-Pers
ne	O
rencontra	O
pas	O
d'	O
autres	O
objections	O
de	O
la	O
part	O
de	O
madame	B-Pers
Liébert	I-Pers
que	O
ces	O
phrases	O
de	O
politesse	O
que	O
l'	O
ont	O
débite	O
par	O
habitude	O
,	O
sans	O
y	O
attacher	O
d'	O
importance	O
.	O
</p>	O
<p n='FR0370236'>	O
Par	O
un	O
sentiment	O
de	O
délicatesse	O
,	O
les	O
parents	B-Rolemisc
laissèrent	O
à	O
l'	O
aimable	O
femme	O
le	O
plaisir	O
d'	O
annoncer	O
la	O
grande	O
nouvelle	O
à	O
Marie	B-Pers
et	O
à	O
Hélène	B-Pers
.	O
C'	O
est	O
à	O
le	O
déjeuner	O
que	O
madame	B-Pers
de	I-Pers
Saint-Alban	I-Pers
fit	O
son	O
invitation	O
;	O
les	O
jeunes	O
filles	O
cherchaient	O
à	O
lire	O
dans	O
les	O
yeux	O
de	O
leur	O
mère	I-Rolemisc
si	O
ses	O
paroles	O
étaient	O
sérieuses	O
.	O
</p>	O
<p n='FR0370237'>	O
M.	B-Pers
Liébert	I-Pers
les	O
confirma	O
;	O
alors	O
les	O
deux	O
sœurs	B-Rolemisc
témoignèrent	O
une	O
joie	O
qui	O
enchanta	O
l'	O
aimable	O
Geneviève	B-Pers
.	O
Anne	B-Pers
,	O
ayant	O
reçu	O
l'	O
assurance	O
qu'	O
elle	O
ferait	O
aussi	O
le	O
voyage	O
,	O
se	O
leva	O
,	O
battit	O
des	O
mains	O
et	O
voulut	O
embrasser	O
la	O
bonne	O
amie	O
de	O
sa	B-Rolemisc
maman	I-Rolemisc
.	O
</p>	O
<p n='FR0370238'>	O
La	O
joie	O
d'	O
une	O
enfant	O
qui	O
ne	O
verrait	O
rien	O
de	O
ce	O
qu'	O
admireraient	O
les	O
autres	O
émut	O
tout	O
le	O
monde	O
;	O
madame	B-Pers
de	I-Pers
Saint-Alban	I-Pers
effaça	O
cette	O
impression	O
douloureuse	O
en	O
annonçant	O
qu'	O
elle	O
avait	O
fixé	O
le	O
départ	O
pour	O
le	O
surlendemain	O
.	O
"	O
Ainsi	O
,	O
mesdemoiselles	O
,	O
hâtez	O
-vous	O
de	O
faire	O
vos	O
caisses	O
.	O
Que	O
la	O
chaleur	O
présente	O
ne	O
vous	O
fasse	O
pas	O
oublier	O
les	O
vêtements	O
chauds	O
.	O
Les	O
robes	O
légères	O
sont	O
aussi	O
de	O
rigueur	O
.	O
Nous	O
irons	O
à	O
le	O
salon	O
,	O
vous	O
danserez	O
peut-être	O
.	O
"	O
</p>	O
<p n='FR0370239'>	O
Il	O
est	O
aisé	O
de	O
se	O
figurer	O
comment	O
ces	O
paroles	O
furent	O
accueillies	O
.	O
Cependant	O
Marie	B-Pers
ne	O
quittait	O
pas	O
son	B-Rolemisc
père	I-Rolemisc
sans	O
appréhension	O
.	O
La	O
santé	O
de	O
M.	B-Pers
Liébert	I-Pers
exigeait	O
des	O
soins	O
que	O
la	O
bonne	O
fille	O
se	O
croyait	O
seule	O
capable	O
de	O
diriger	O
.	O
Toutefois	O
l'	O
espérance	O
de	O
le	O
voir	O
arriver	O
quelques	O
jours	O
plus	O
tard	O
avec	O
Adrien	B-Pers
lui	O
enleva	O
tout	O
scrupule	O
;	O
elle	O
fit	O
les	O
préparatifs	O
de	O
voyage	O
avec	O
un	O
entrain	O
qui	O
enchantait	O
madame	O
de	O
Saint-Alban	O
.	O
</p>	O
<p n='FR0370240'>	O
Une	O
atmosphère	O
nouvelle	O
régnait	O
dans	O
la	O
maison	O
;	O
tous	O
les	O
visages	O
étaient	O
joyeux	O
.	O
</p>	O
<p n='FR0370241'>	O
"	O
Tu	O
es	O
contente	O
,	O
Aline	B-Pers
,	O
dit	O
à	O
son	O
amie	O
madame	B-Pers
de	I-Pers
Saint-Alban	I-Pers
,	O
mais	O
pas	O
autant	O
que	O
moi	O
.	O
Ne	O
t'	O
imagine	O
pas	O
que	O
ce	O
soit	O
uniquement	O
parce	O
que	O
je	O
suis	O
l'	O
occasion	O
d'	O
un	O
plaisir	O
pour	O
tes	O
filles	O
;	O
ce	O
voyage	O
en	O
tête-à-tête	O
avec	O
mademoiselle	B-Pers
Prudence	I-Pers
,	O
brave	O
fille	O
d'	O
ailleurs	O
,	O
n'	O
était	O
pas	O
une	O
perspective	O
bien	O
gaie	O
.	O
Votre	O
société	O
me	O
sera	O
d'	O
un	O
agrément	O
infini	O
.	O
Les	O
amies	O
d'	O
enfance	O
ignorent	O
la	O
froideur	O
qu'	O
apportent	O
quelques	O
années	O
de	O
séparation	O
dans	O
l'	O
affection	O
.	O
Elles	O
se	O
retrouvent	O
telles	O
qu'	O
elles	O
étaient	O
dans	O
leur	O
jeunesse	O
.	O
"	O
</p>	O
<p n='FR0370242'>	O
Madame	B-Pers
Liébert	I-Pers
se	O
laissa	O
persuader	O
qu'	O
elle	O
rendait	O
un	O
service	O
à	O
son	O
amie	O
en	O
l'	O
accompagnant	O
à	O
les	O
eaux	O
.	O
</p>	O
<p n='FR0370243'>	O
Ceux	O
qui	O
connaissent	O
le	O
plaisir	O
des	O
voyages	O
peuvent	O
aisément	O
comprendre	O
la	O
joie	O
des	O
deux	B-Rolemisc
sœurs	I-Rolemisc
.	O
Aller	O
à	O
le	O
mont	B-Place
Dore	I-Place
!	O
par	O
un	O
temps	O
magnifique	O
!	O
et	O
en	O
compagnie	O
d'	O
une	O
personne	O
qui	O
avait	O
à	O
leurs	O
yeux	O
les	O
allures	O
d'	O
une	O
fée	O
!	O
</p>	O
<p n='FR0370244'>	O
Le	O
jour	O
de	O
le	O
départ	O
est	O
arrivé	O
;	O
l'	O
heure	O
en	O
est	O
fixée	O
à	O
sept	O
heures	O
,	O
et	O
nos	O
jeunes	O
filles	O
sont	O
prêtes	O
depuis	O
longtemps	O
.	O
Une	O
large	O
voiture	O
s'	O
arrête	O
devant	O
la	O
porte	O
.	O
Les	O
curieux	O
sont	O
à	O
les	O
fenêtres	O
.	O
En	O
moins	O
de	O
dix	O
minutes	O
,	O
la	O
voiture	O
est	O
chargée	O
;	O
le	O
nombre	O
des	O
voyageurs	O
et	O
des	O
colis	O
nécessite	O
un	O
attelage	O
de	O
quatre	O
chevaux	O
.	O
</p>	O
</sample>	O
<sample>	O
<p n='FR0370875'>	O
--	O
Un	O
pressentiment	O
douloureux	O
a	O
tenu	O
ma	B-Rolemisc
mère	I-Rolemisc
éveillée	O
toute	O
la	O
nuit	O
,	O
mais	O
nous	O
ignorons	O
la	O
vérité	O
.	O
</p>	O
<p n='FR0370876'>	O
--	O
Prenez	O
la	O
lettre	O
qui	O
est	O
sur	O
mon	O
bureau	O
et	O
lisez	O
.	O
"	O
</p>	O
<p n='FR0370877'>	O
Adrien	B-Pers
essaye	O
de	O
lire	O
;	O
mais	O
les	O
yeux	O
de	O
le	O
pauvre	O
garçon	O
étaient	O
voilés	O
par	O
des	O
larmes	O
:	O
"	O
Dites	O
-moi	O
ce	O
que	O
vous	O
savez	O
,	O
monsieur	O
.	O
</p>	O
<p n='FR0370878'>	O
--	O
Mon	O
cher	O
enfant	O
,	O
la	O
chute	O
d'	O
un	O
mineur	B-Role
dont	O
la	O
lampe	O
s'	O
est	O
brisée	O
a	O
causé	O
une	O
explosion	O
terrible	O
.	O
L'	O
éboulement	O
a	O
comblé	O
le	O
puits	O
d'	O
extraction	O
;	O
il	O
n'	O
a	O
pas	O
été	O
possible	O
d'	O
éteindre	O
le	O
feu	O
;	O
la	O
mine	O
fume	O
encore	O
;	O
quatre	O
hommes	O
ont	O
péri	O
.	O
Votre	B-Rolemisc
frère	I-Rolemisc
a	O
payé	O
de	O
sa	O
personne	O
au-delà	O
de	O
ses	O
forces	O
;	O
huit	O
individus	O
ont	O
été	O
sauvés	O
grâce	O
à	O
son	O
dévouement	O
;	O
il	O
a	O
plusieurs	O
brûlures	O
peu	O
graves	O
,	O
dit	O
-on	O
,	O
mais	O
madame	B-Rolemisc
votre	I-Rolemisc
sœur	I-Rolemisc
est	O
dans	O
un	O
état	O
d'	O
exaltation	O
que	O
rien	O
ne	O
peut	O
calmer	O
.	O
</p>	O
<p n='FR0370879'>	O
"	O
Il	O
n'	O
y	O
a	O
pas	O
de	O
temps	O
à	O
perdre	O
,	O
mon	O
cher	O
ami	O
;	O
partez	O
,	O
votre	O
présence	O
sera	O
un	O
adoucissement	O
à	O
tant	O
de	O
maux	O
.	O
Amenez	O
votre	B-Rolemisc
sœur	I-Rolemisc
et	O
ses	B-Pers
enfants	I-Pers
.	O
Nous	O
sommes	O
navrés	O
de	O
douleur	O
,	O
Mme	B-Pers
de	I-Pers
Sarlières	I-Pers
et	O
moi	O
.	O
Bon	O
courage	O
,	O
mon	O
cher	O
enfant	O
!	O
"	O
</p>	O
<p n='FR0370880'>	O
Le	O
retour	O
à	O
la	O
maison	O
fut	O
bien	O
autrement	O
pénible	O
que	O
n'	O
avait	O
été	O
le	O
départ	O
.	O
Adrien	B-Pers
ne	O
se	O
pressait	O
pas	O
de	O
rentrer	O
.	O
</p>	O
<p n='FR0370881'>	O
Sa	B-Rolemisc
mère	I-Rolemisc
comptait	O
les	O
instants	O
;	O
quoique	O
troublée	O
,	O
elle	O
conservait	O
le	O
secret	O
espoir	O
que	O
le	O
bonheur	O
de	O
sa	B-Rolemisc
fille	I-Rolemisc
n'	O
était	O
pas	O
compromis	O
.	O
</p>	O
<p n='FR0370882'>	O
En	O
dépit	O
de	O
toutes	O
ses	O
lenteurs	O
,	O
Adrien	B-Pers
finit	O
par	O
se	O
trouver	O
à	O
la	O
porte	O
de	O
le	O
Petit-Château	B-Fac
.	O
Avant	O
qu'	O
il	O
fût	O
entré	O
dans	O
la	O
cour	O
,	O
Anne	B-Pers
l'	O
abordait	O
et	O
cherchait	O
à	O
lire	O
dans	O
ses	O
yeux	O
la	O
nouvelle	O
qu'	O
il	O
apportait	O
.	O
</p>	O
<p n='FR0370883'>	O
"	O
Personne	O
n'	O
est	O
mort	O
,	O
ma	B-Rolemisc
chère	I-Rolemisc
sœur	I-Rolemisc
,	O
rassure	O
-toi	O
.	O
"	O
Mais	O
,	O
s'	O
il	O
avait	O
donné	O
la	O
nouvelle	O
de	O
le	O
contraire	O
,	O
sa	O
physionomie	O
n'	O
eût	O
pas	O
eu	O
une	O
autre	O
expression	O
.	O
</p>	O
<p n='FR0370884'>	O
Mme	B-Pers
Liébert	I-Pers
attendait	O
Adrien	B-Pers
,	O
n'	O
osant	O
pas	O
hâter	O
le	O
moment	O
d'	O
apprendre	O
une	O
nouvelle	O
qui	O
devait	O
briser	O
son	O
cœur	O
.	O
</p>	O
<p n='FR0370885'>	O
En	O
voyant	O
entrer	O
son	B-Rolemisc
fils	I-Rolemisc
,	O
elle	O
s'	O
écria	O
:	O
"	O
Je	O
ne	O
m'	O
étais	O
donc	O
pas	O
trompée	O
!	O
Parle	O
,	O
dis	O
-nous	O
la	O
vérité	O
,	O
elle	O
sera	O
moins	O
pénible	O
que	O
l'	O
incertitude	O
.	O
"	O
</p>	O
<p n='FR0370886'>	O
Alors	O
le	O
jeune	O
homme	O
raconta	O
ce	O
qu'	O
il	O
venait	O
d'	O
apprendre	O
.	O
Son	O
émotion	O
était	O
vive	O
,	O
car	O
il	O
avait	O
eu	O
le	O
temps	O
d'	O
apprécier	O
les	O
tristes	O
conséquences	O
d'	O
une	O
semblable	O
catastrophe	O
.	O
</p>	O
<p n='FR0370887'>	O
À	O
la	O
nouvelle	O
de	O
ce	O
désastre	O
,	O
Mme	B-Pers
Liébert	I-Pers
éclata	O
en	O
sanglots	O
;	O
sa	O
douleur	O
surprit	O
ses	O
enfants	O
qui	O
ne	O
cessaient	O
de	O
lui	O
répéter	O
:	O
"	O
Mais	O
ils	O
sont	O
tous	O
sains	O
et	O
saufs	O
;	O
rendons	O
grâce	O
à	O
Dieu	B-Pers
!	O
"	O
</p>	O
<p n='FR0370888'>	O
Ces	O
paroles	O
ne	O
pouvaient	O
être	O
comprises	O
en	O
ce	O
moment	O
.	O
La	O
femme	O
dont	O
la	O
vie	O
avait	O
été	O
si	O
modeste	O
s'	O
était	O
attachée	O
à	O
la	O
fortune	O
de	O
sa	B-Rolemisc
fille	I-Rolemisc
.	O
Elle	O
aimait	O
le	O
luxe	O
à	O
le	O
milieu	O
duquel	O
vivait	O
Hélène	B-Pers
,	O
et	O
ne	O
pouvait	O
supporter	O
la	O
pensée	O
de	O
la	O
savoir	O
ruinée	O
.	O
</p>	O
</sample>	O
</samples>	O
