Word	Tag
<?xml version='1.0' encoding='UTF-8'?>	O
<samples n='FR0302'>	O
<sample>	O
<p n='FR03022032'>	O
Cette	O
danse	O
continua	O
assez	O
longtemps	O
avec	O
des	O
hurlements	O
atroces	O
capables	O
de	O
rendre	O
folle	O
de	O
terreur	O
la	O
malheureuse	O
à	O
laquelle	O
ils	O
présageaient	O
les	O
épouvantables	O
tortures	O
qui	O
l'	O
attendaient	O
.	O
</p>	O
<p n='FR03022033'>	O
Enfin	O
la	B-Pers
Tête-	I-Pers
d'	I-Pers
Aigle	I-Pers
toucha	O
légèrement	O
la	O
condamnée	O
de	O
son	O
bâton	O
,	O
à	O
ce	O
signal	O
le	O
tumulte	O
cessa	O
comme	O
par	O
enchantement	O
,	O
les	O
rangs	O
se	O
rompirent	O
,	O
chacun	O
saisit	O
ses	O
armes	O
.	O
</p>	O
<p n='FR03022034'>	O
Le	O
supplice	O
allait	O
commencer	O
!	O
</p>	O
<p n='FR03022035'>	O
Dès	O
que	O
la	O
danse	O
de	O
le	O
scalp	O
fut	O
terminée	O
,	O
les	O
principaux	O
guerriers	O
de	O
la	O
tribu	O
se	O
rangèrent	O
devant	O
le	O
poteau	O
leurs	O
armes	O
à	O
la	O
main	O
,	O
tandis	O
que	O
les	O
femmes	O
,	O
surtout	O
les	O
plus	O
âgées	O
,	O
se	O
ruaient	O
sur	O
la	O
condamnée	O
en	O
l'	O
invectivant	O
,	O
la	O
poussant	O
,	O
lui	O
tirant	O
les	O
cheveux	O
et	O
la	O
battant	O
sans	O
que	O
non	O
seulement	O
elle	O
opposât	O
la	O
moindre	O
résistance	O
,	O
mais	O
encore	O
elle	O
cherchât	O
à	O
se	O
soustraire	O
à	O
les	O
mauvais	O
traitements	O
dont	O
on	O
l'	O
accablait	O
.	O
</p>	O
<p n='FR03022036'>	O
La	O
malheureuse	O
femme	O
n'	O
aspirait	O
qu'	O
à	O
une	O
chose	O
,	O
voir	O
commencer	O
son	O
supplice	O
.	O
</p>	O
<p n='FR03022037'>	O
Elle	O
avait	O
suivi	O
avec	O
une	O
impatience	O
fébrile	O
les	O
péripéties	O
de	O
la	O
danse	O
de	O
le	O
scalp	O
,	O
tant	O
elle	O
craignait	O
de	O
voir	O
son	O
fils	O
bien-aimé	O
paraître	O
et	O
s'	O
interposer	O
entre	O
elle	O
et	O
ses	O
bourreaux	O
.	O
</p>	O
<p n='FR03022038'>	O
Telle	O
que	O
les	O
anciens	O
martyrs	O
,	O
elle	O
accusait	O
à	O
le	O
fond	O
de	O
le	O
cœur	O
les	O
Indiens	B-Demo
de	O
perdre	O
un	O
temps	O
précieux	O
en	O
cérémonies	O
inutiles	O
;	O
si	O
elle	O
en	O
avait	O
eu	O
la	O
force	O
,	O
elle	O
les	O
aurait	O
réprimandés	O
et	O
les	O
aurait	O
raillés	O
sur	O
leur	O
lenteur	O
et	O
l'	O
hésitation	O
qu'	O
ils	O
semblaient	O
mettre	O
à	O
la	O
sacrifier	O
.	O
</p>	O
<p n='FR03022039'>	O
La	O
vérité	O
était	O
que	O
,	O
malgré	O
eux	O
,	O
et	O
bien	O
que	O
cette	O
exécution	O
leur	O
parût	O
juste	O
,	O
les	B-Pers
Comanches	I-Pers
répugnaient	O
à	O
torturer	O
une	O
femme	O
sans	O
défense	O
,	O
déjà	O
âgée	O
et	O
qui	O
jamais	O
ne	O
leur	O
avait	O
nui	O
,	O
ni	O
directement	O
,	O
ni	O
indirectement	O
.	O
</p>	O
<p n='FR03022040'>	O
La	B-Pers
Tête-	I-Pers
d'	I-Pers
Aigle	I-Pers
lui-même	O
,	O
malgré	O
sa	O
haine	O
,	O
éprouvait	O
quelque	O
chose	O
comme	O
un	O
remords	O
secret	O
de	O
le	O
crime	O
qu'	O
il	O
commettait	O
;	O
loin	O
de	O
hâter	O
les	O
derniers	O
préparatifs	O
,	O
il	O
ne	O
les	O
faisait	O
qu'	O
avec	O
une	O
mollesse	O
et	O
un	O
dégoût	O
qu'	O
il	O
ne	O
pouvait	O
parvenir	O
à	O
surmonter	O
.	O
</p>	O
<p n='FR03022041'>	O
Pour	O
des	O
hommes	O
intrépides	O
,	O
accoutumés	O
à	O
braver	O
les	O
plus	O
grands	O
périls	O
,	O
c'	O
est	O
toujours	O
une	O
action	O
déshonorante	O
que	O
celle	O
de	O
torturer	O
une	O
créature	O
faible	O
,	O
une	O
femme	O
qui	O
n'	O
a	O
d'	O
autre	O
défense	O
que	O
ses	O
larmes	O
.	O
Si	O
c'	O
eût	O
été	O
un	O
homme	O
,	O
l'	O
accord	O
eût	O
été	O
unanime	O
dans	O
la	O
tribu	O
pour	O
l'	O
attacher	O
à	O
le	O
poteau	O
.	O
</p>	O
<p n='FR03022042'>	O
Les	O
prisonniers	B-Role
indiens	B-Demo
se	O
rient	O
des	O
supplices	O
,	O
ils	O
insultent	O
leurs	O
bourreaux	B-Role
,	O
et	O
dans	O
leurs	O
chants	O
de	O
mort	O
ils	O
reprochent	O
à	O
leurs	O
vainqueurs	O
leur	O
lâcheté	O
,	O
leur	O
inexpérience	O
à	O
faire	O
souffrir	O
leurs	O
victimes	O
,	O
ils	O
énumèrent	O
leurs	O
hauts	O
faits	O
,	O
ils	O
comptent	O
les	O
ennemis	O
dont	O
ils	O
ont	O
enlevé	O
la	O
chevelure	O
avant	O
de	O
succomber	O
eux-mêmes	O
,	O
enfin	O
par	O
leurs	O
sarcasmes	O
et	O
leur	O
attitude	O
méprisante	O
,	O
ils	O
excitent	O
la	O
colère	O
de	O
leurs	O
bourreaux	B-Role
,	O
raniment	O
leur	O
haine	O
et	O
justifient	O
jusqu'à	O
un	O
certain	O
point	O
leur	O
férocité	O
.	O
</p>	O
</sample>	O
<sample>	O
<p n='FR03023284'>	O
Pas	O
un	O
des	O
pirates	B-Role
n'	O
avait	O
redoublé	O
,	O
tous	O
s'	O
étaient	O
tués	O
de	O
le	O
premier	O
coup	O
!	O
</p>	O
<p n='FR03023285'>	O
--	O
À	O
moi	O
ce	O
poignard	O
,	O
dit	O
la	B-Pers
Tête-	I-Pers
d'	I-Pers
Aigle	I-Pers
en	O
le	O
retirant	O
tout	O
fumant	O
de	O
le	O
corps	O
palpitant	O
de	O
le	O
dernier	O
bandit	O
,	O
c'	O
est	O
une	O
bonne	O
arme	O
pour	O
un	O
guerrier	O
,	O
et	O
il	O
le	O
passa	O
froidement	O
à	O
sa	O
ceinture	O
,	O
après	O
l'	O
avoir	O
essuyé	O
dans	O
l'	O
herbe	O
.	O
</p>	O
<p n='FR03023286'>	O
Les	O
corps	O
des	O
pirates	O
furent	O
scalpés	O
et	O
portés	O
hors	O
de	O
le	O
camp	O
.	O
</p>	O
<p n='FR03023287'>	O
On	O
les	O
abandonna	O
à	O
les	O
vautours	O
et	O
à	O
les	O
urubus	O
auxquels	O
ils	O
devaient	O
fournir	O
une	O
ample	O
pâture	O
,	O
et	O
qui	O
,	O
attirés	O
par	O
l'	O
odeur	O
de	O
le	O
sang	O
,	O
tournaient	O
déjà	O
au-dessus	O
d'	O
eux	O
,	O
en	O
poussant	O
de	O
lugubres	O
cris	O
de	O
joie	O
.	O
</p>	O
<p n='FR03023288'>	O
La	O
troupe	O
redoutable	O
de	O
le	O
capitaine	B-Pers
Ouaktehno	I-Pers
était	O
anéantie	O
.	O
</p>	O
<p n='FR03023289'>	O
Malheureusement	O
,	O
il	O
y	O
en	O
avait	O
d'	O
autres	O
dans	O
les	O
prairies	O
.	O
</p>	O
<p n='FR03023290'>	O
Après	O
l'	O
exécution	O
,	O
les	B-Demo
Indiens	I-Demo
rentrèrent	O
insoucieusement	O
dans	O
leurs	O
huttes	O
;	O
pour	O
eux	O
ce	O
n'	O
avait	O
été	O
qu'	O
un	O
de	O
ces	O
spectacles	O
auxquels	O
depuis	O
longtemps	O
ils	O
sont	O
habitués	O
,	O
et	O
qui	O
n'	O
ont	O
plus	O
le	O
pouvoir	O
d'	O
attendrir	O
leurs	O
nerfs	O
.	O
</p>	O
<p n='FR03023291'>	O
à	O
le	O
lieu	O
que	O
les	O
trappeurs	O
,	O
malgré	O
la	O
rude	O
vie	O
qu'	O
ils	O
mènent	O
et	O
l'	O
habitude	O
qu'	O
ils	O
ont	O
de	O
voir	O
verser	O
le	O
sang	O
ou	O
de	O
le	O
verser	O
eux-mêmes	O
,	O
se	O
dispersèrent	O
,	O
la	O
poitrine	O
oppressée	O
et	O
le	O
cœur	O
serré	O
par	O
cette	O
affreuse	O
boucherie	O
.	O
</p>	O
<p n='FR03023292'>	O
Le	B-Pers
Cœur-Loyal	I-Pers
et	O
le	O
général	O
se	O
dirigèrent	O
vers	O
la	O
grotte	O
.	O
</p>	O
<p n='FR03023293'>	O
Les	O
dames	O
renfermées	O
dans	O
l'	O
intérieur	O
de	O
le	O
souterrain	O
ignoraient	O
la	O
terrible	O
scène	O
qui	O
venait	O
de	O
se	O
jouer	O
et	O
la	O
sanglante	O
expiation	O
qui	O
l'	O
avait	O
terminée	O
.	O
</p>	O
<p n='FR03023294'>	O
L'	O
entrevue	O
de	O
le	O
général	B-Role
et	O
de	O
sa	O
nièce	O
fut	O
des	O
plus	O
touchantes	O
.	O
</p>	O
<p n='FR03023295'>	O
Le	O
vieux	O
soldat	B-Role
si	O
rudement	O
éprouvé	O
depuis	O
quelque	O
temps	O
,	O
fut	O
heureux	O
de	O
presser	O
dans	O
ses	O
bras	O
cette	O
naïve	O
enfant	O
qui	O
formait	O
toute	O
sa	O
famille	O
et	O
qui	O
par	O
miracle	O
avait	O
échappé	O
à	O
les	O
malheurs	O
qui	O
l'	O
avaient	O
assaillie	O
.	O
</p>	O
<p n='FR03023296'>	O
Longtemps	O
ils	O
s'	O
oublièrent	O
tous	O
deux	O
dans	O
une	O
douce	O
causerie	O
;	O
le	O
général	B-Role
s'	O
informait	O
avec	O
intérêt	O
de	O
la	O
façon	O
dont	O
elle	O
avait	O
vécu	O
pendant	O
qu'	O
il	O
était	O
prisonnier	B-Role
,	O
la	O
jeune	O
fille	O
le	O
questionnait	O
sur	O
les	O
périls	O
qu'	O
il	O
avait	O
courus	O
et	O
les	O
mauvais	O
traitements	O
qu'	O
il	O
avait	O
soufferts	O
.	O
</p>	O
<p n='FR03023297'>	O
--	O
Maintenant	O
,	O
mon	O
oncle	O
,	O
lui	O
demanda	O
-t-elle	O
en	O
terminant	O
,	O
quelle	O
est	O
votre	O
intention	O
?	O
</p>	O
<p n='FR03023298'>	O
--	O
Hélas	O
!	O
mon	O
enfant	O
,	O
répondit	O
-il	O
avec	O
tristesse	O
en	O
étouffant	O
un	O
soupir	O
,	O
il	O
nous	O
faut	O
sans	O
retard	O
quitter	O
ces	O
épouvantables	O
contrées	O
et	O
regagner	O
le	O
Mexique	B-Place
.	O
</p>	O
<p n='FR03023299'>	O
Le	O
cœur	O
de	O
la	O
jeune	O
fille	O
se	O
serra	O
,	O
bien	O
qu'	O
elle	O
reconnût	O
intérieurement	O
la	O
nécessité	O
d'	O
un	O
prompt	O
retour	O
.	O
Partir	O
,	O
c'	O
était	O
quitter	O
celui	O
qu'	O
elle	O
aimait	O
,	O
se	O
séparer	O
sans	O
espoir	O
de	O
réunion	O
possible	O
,	O
de	O
l'	O
homme	O
dont	O
chaque	O
minute	O
passée	O
dans	O
une	O
douce	O
intimité	O
lui	O
avait	O
fait	O
apprécier	O
de	O
plus	O
en	O
plus	O
l'	O
admirable	O
caractère	O
,	O
et	O
qui	O
était	O
devenu	O
à	O
présent	O
indispensable	O
à	O
sa	O
vie	O
et	O
à	O
son	O
bonheur	O
.	O
</p>	O
</sample>	O
<sample>	O
<p n='FR03021968'>	O
--	O
Oui	O
.	O
</p>	O
<p n='FR03021969'>	O
--	O
Il	O
est	O
encore	O
temps	O
,	O
alors	O
?	O
</p>	O
<p n='FR03021970'>	O
--	O
Hélas	O
!	O
c'	O
est	O
à	O
le	O
lever	O
de	O
le	O
soleil	O
,	O
et	O
voyez	O
,	O
fit	O
-il	O
avec	O
un	O
geste	O
navrant	O
en	O
désignant	O
le	O
ciel	O
.	O
</p>	O
<p n='FR03021971'>	O
--	O
Oh	O
!	O
s'	O
écria	O
le	B-Pers
Cœur-Loyal	I-Pers
,	O
avec	O
une	O
expression	O
impossible	O
à	O
rendre	O
,	O
je	O
sauverai	O
ma	O
mère	O
!	O
</p>	O
<p n='FR03021972'>	O
Et	O
se	O
penchant	O
sur	O
le	O
cou	O
de	O
son	O
cheval	O
il	O
partit	O
avec	O
une	O
rapidité	O
vertigineuse	O
.	O
</p>	O
<p n='FR03021973'>	O
Les	O
autres	O
le	O
suivirent	O
.	O
</p>	O
<p n='FR03021974'>	O
Il	O
se	O
retourna	O
vers	O
Belhumeur	B-Pers
:	O
</p>	O
<p n='FR03021975'>	O
--	O
Où	O
vas	O
-tu	O
?	O
lui	O
demanda	O
-t-il	O
d'	O
une	O
voix	O
brève	O
et	O
saccadée	O
.	O
</p>	O
<p n='FR03021976'>	O
--	O
T'	O
aider	O
à	O
sauver	O
ta	O
mère	O
ou	O
mourir	O
avec	O
toi	O
!	O
</p>	O
<p n='FR03021977'>	O
--	O
Viens	O
!	O
répondit	O
le	B-Pers
Cœur-Loyal	I-Pers
en	O
enfonçant	O
les	O
éperons	O
dans	O
les	O
flancs	O
sanglants	O
de	O
sa	O
monture	O
.	O
</p>	O
<p n='FR03021978'>	O
Il	O
y	O
avait	O
quelque	O
chose	O
d'	O
effrayant	O
et	O
de	O
terrible	O
dans	O
la	O
course	O
affolée	O
de	O
ces	O
trois	O
hommes	O
qui	O
,	O
tous	O
trois	O
sur	O
la	O
même	O
ligne	O
,	O
le	O
front	O
pâle	O
,	O
les	O
lèvres	O
serrées	O
et	O
le	O
regard	O
fulgurant	O
,	O
franchissaient	O
torrents	O
et	O
ravins	O
,	O
surmontant	O
tous	O
les	O
obstacles	O
,	O
pressant	O
incessamment	O
leurs	O
chevaux	O
qui	O
dévoraient	O
l'	O
espace	O
,	O
poussaient	O
de	O
sourds	O
râlements	O
de	O
douleur	O
et	O
bondissaient	O
frénétiquement	O
dégouttants	O
de	O
sang	O
et	O
de	O
sueur	O
.	O
Par	O
intervalles	O
,	O
le	B-Pers
Cœur-Loyal	I-Pers
jetait	O
un	O
de	O
ces	O
cris	O
particuliers	O
à	O
les	O
Ginetes	B-Demo
mexicains	I-Demo
,	O
et	O
les	O
chevaux	O
ranimés	O
redoublaient	O
encore	O
d'	O
ardeur	O
.	O
</p>	O
<p n='FR03021979'>	O
--	O
Mon	O
Dieu	O
!	O
mon	O
Dieu	O
!	O
répétait	O
le	O
chasseur	O
d'	O
une	O
voix	O
sourde	O
,	O
sauvez	O
!	O
sauvez	O
ma	O
mère	O
!	O
</p>	O
<p n='FR03021980'>	O
Cependant	O
malgré	O
la	O
conversation	O
orageuse	O
qu'	O
il	O
avait	O
eue	O
avec	O
nô	O
Eusébio	B-Pers
,	O
la	B-Pers
Tête-	I-Pers
d'	I-Pers
Aigle	I-Pers
avait	O
continué	O
à	O
traiter	O
ses	O
prisonniers	B-Role
avec	O
la	O
plus	O
grande	O
douceur	O
,	O
et	O
cette	O
délicatesse	O
inouïe	O
de	O
procédés	O
qui	O
sont	O
innés	O
dans	O
la	O
race	O
rouge	O
et	O
que	O
l'	O
on	O
serait	O
loin	O
d'	O
attendre	O
de	O
la	O
part	O
d'	O
hommes	O
que	O
,	O
sans	O
aucune	O
raison	O
plausible	O
,	O
à	O
notre	O
avis	O
,	O
l'	O
on	O
flétrit	O
de	O
le	O
nom	O
de	O
sauvages	O
.	O
</p>	O
<p n='FR03021981'>	O
Il	O
est	O
un	O
fait	O
qui	O
mérite	O
d'	O
être	O
consigné	O
et	O
sur	O
lequel	O
on	O
ne	O
saurait	O
trop	O
s'	O
appesantir	O
,	O
c'	O
est	O
la	O
façon	O
dont	O
les	O
Indiens	B-Demo
généralement	O
traitent	O
leurs	O
prisonniers	O
;	O
loin	O
de	O
leur	O
infliger	O
d'	O
inutiles	O
tortures	O
et	O
de	O
les	O
tourmenter	O
sans	O
cause	O
,	O
comme	O
on	O
l'	O
a	O
trop	O
souvent	O
répété	O
,	O
ils	O
ont	O
pour	O
eux	O
les	O
plus	O
grands	O
égards	O
et	O
paraissent	O
en	O
quelque	O
sorte	O
compatir	O
à	O
leur	O
malheur	O
.	O
</p>	O
<p n='FR03021982'>	O
Dans	O
la	O
circonstance	O
dont	O
nous	O
parlons	O
,	O
la	O
détermination	O
sanguinaire	O
de	O
la	B-Pers
Tête-	I-Pers
d'	I-Pers
Aigle	I-Pers
à	O
l'	O
égard	O
de	O
la	O
mère	O
de	O
le	O
Cœur-Loyal	B-Pers
n'	O
était	O
qu'	O
une	O
exception	O
dont	O
la	O
raison	O
se	O
trouvait	O
naturellement	O
dans	O
la	O
haine	O
vouée	O
par	O
le	O
chef	B-Demo
indien	I-Demo
à	O
le	O
chasseur	O
.	O
</p>	O
<p n='FR03021983'>	O
La	O
séparation	O
des	O
deux	O
prisonniers	O
fut	O
des	O
plus	O
pénibles	O
et	O
des	O
plus	O
déchirantes	O
;	O
le	O
vieux	O
serviteur	O
partit	O
le	O
désespoir	O
dans	O
l'	O
âme	O
à	O
la	O
recherche	O
de	O
le	O
chasseur	B-Role
,	O
tandis	O
que	O
la	O
pauvre	O
mère	O
suivait	O
,	O
le	O
cœur	O
brisé	O
,	O
les	O
guerriers	O
comanches	O
.	O
</p>	O
<p n='FR03021984'>	O
Le	O
surlendemain	O
la	B-Pers
Tête-	I-Pers
d'	I-Pers
Aigle	I-Pers
arriva	O
à	O
le	O
rendez	O
-vous	O
assigné	O
par	O
les	O
grands	O
chefs	O
de	O
la	O
nation	O
,	O
toute	O
la	O
tribu	O
se	O
trouva	O
réunie	O
.	O
</p>	O
</sample>	O
<sample>	O
<p n='FR03023282'>	O
Il	O
tomba	O
raide	O
mort	O
.	O
</p>	O
<p n='FR03023283'>	O
Cet	O
effroyable	O
abattage	O
n'	O
avait	O
pas	O
duré	O
un	O
quart	O
d'	O
heure	O
*	O
(	O
1	O
)	O
*	O
!	O
</p>	O
<p n='FR03023284'>	O
Pas	O
un	O
des	O
pirates	B-Role
n'	O
avait	O
redoublé	O
,	O
tous	O
s'	O
étaient	O
tués	O
de	O
le	O
premier	O
coup	O
!	O
</p>	O
<p n='FR03023285'>	O
--	O
À	O
moi	O
ce	O
poignard	O
,	O
dit	O
la	O
Tête-	O
d'	O
Aigle	O
en	O
le	O
retirant	O
tout	O
fumant	O
de	O
le	O
corps	O
palpitant	O
de	O
le	O
dernier	O
bandit	O
,	O
c'	O
est	O
une	O
bonne	O
arme	O
pour	O
un	O
guerrier	B-Role
,	O
et	O
il	O
le	O
passa	O
froidement	O
à	O
sa	O
ceinture	O
,	O
après	O
l'	O
avoir	O
essuyé	O
dans	O
l'	O
herbe	O
.	O
</p>	O
<p n='FR03023286'>	O
Les	O
corps	O
des	O
pirates	B-Role
furent	O
scalpés	O
et	O
portés	O
hors	O
de	O
le	O
camp	O
.	O
</p>	O
<p n='FR03023287'>	O
On	O
les	O
abandonna	O
à	O
les	O
vautours	O
et	O
à	O
les	O
urubus	O
auxquels	O
ils	O
devaient	O
fournir	O
une	O
ample	O
pâture	O
,	O
et	O
qui	O
,	O
attirés	O
par	O
l'	O
odeur	O
de	O
le	O
sang	O
,	O
tournaient	O
déjà	O
au-dessus	O
d'	O
eux	O
,	O
en	O
poussant	O
de	O
lugubres	O
cris	O
de	O
joie	O
.	O
</p>	O
<p n='FR03023288'>	O
La	O
troupe	O
redoutable	O
de	O
le	O
capitaine	B-Pers
Ouaktehno	I-Pers
était	O
anéantie	O
.	O
</p>	O
<p n='FR03023289'>	O
Malheureusement	O
,	O
il	O
y	O
en	O
avait	O
d'	O
autres	O
dans	O
les	O
prairies	O
.	O
</p>	O
<p n='FR03023290'>	O
Après	O
l'	O
exécution	O
,	O
les	O
Indiens	B-Demo
rentrèrent	O
insoucieusement	O
dans	O
leurs	O
huttes	O
;	O
pour	O
eux	O
ce	O
n'	O
avait	O
été	O
qu'	O
un	O
de	O
ces	O
spectacles	O
auxquels	O
depuis	O
longtemps	O
ils	O
sont	O
habitués	O
,	O
et	O
qui	O
n'	O
ont	O
plus	O
le	O
pouvoir	O
d'	O
attendrir	O
leurs	O
nerfs	O
.	O
</p>	O
<p n='FR03023291'>	O
à	O
le	O
lieu	O
que	O
les	O
trappeurs	O
,	O
malgré	O
la	O
rude	O
vie	O
qu'	O
ils	O
mènent	O
et	O
l'	O
habitude	O
qu'	O
ils	O
ont	O
de	O
voir	O
verser	O
le	O
sang	O
ou	O
de	O
le	O
verser	O
eux-mêmes	O
,	O
se	O
dispersèrent	O
,	O
la	O
poitrine	O
oppressée	O
et	O
le	O
cœur	O
serré	O
par	O
cette	O
affreuse	O
boucherie	O
.	O
</p>	O
<p n='FR03023292'>	O
Le	O
Cœur-Loyal	B-Pers
et	O
le	O
général	O
se	O
dirigèrent	O
vers	O
la	O
grotte	O
.	O
</p>	O
<p n='FR03023293'>	O
Les	O
dames	O
renfermées	O
dans	O
l'	O
intérieur	O
de	O
le	O
souterrain	O
ignoraient	O
la	O
terrible	O
scène	O
qui	O
venait	O
de	O
se	O
jouer	O
et	O
la	O
sanglante	O
expiation	O
qui	O
l'	O
avait	O
terminée	O
.	O
</p>	O
<p n='FR03023294'>	O
L'	O
entrevue	O
de	O
le	O
général	B-Role
et	O
de	O
sa	O
nièce	O
fut	O
des	O
plus	O
touchantes	O
.	O
</p>	O
<p n='FR03023295'>	O
Le	O
vieux	O
soldat	B-Role
si	O
rudement	O
éprouvé	O
depuis	O
quelque	O
temps	O
,	O
fut	O
heureux	O
de	O
presser	O
dans	O
ses	O
bras	O
cette	O
naïve	O
enfant	O
qui	O
formait	O
toute	O
sa	O
famille	O
et	O
qui	O
par	O
miracle	O
avait	O
échappé	O
à	O
les	O
malheurs	O
qui	O
l'	O
avaient	O
assaillie	O
.	O
</p>	O
<p n='FR03023296'>	O
Longtemps	O
ils	O
s'	O
oublièrent	O
tous	O
deux	O
dans	O
une	O
douce	O
causerie	O
;	O
le	O
général	B-Role
s'	O
informait	O
avec	O
intérêt	O
de	O
la	O
façon	O
dont	O
elle	O
avait	O
vécu	O
pendant	O
qu'	O
il	O
était	O
prisonnier	B-Role
,	O
la	O
jeune	O
fille	O
le	O
questionnait	O
sur	O
les	O
périls	O
qu'	O
il	O
avait	O
courus	O
et	O
les	O
mauvais	O
traitements	O
qu'	O
il	O
avait	O
soufferts	O
.	O
</p>	O
<p n='FR03023297'>	O
--	O
Maintenant	O
,	O
mon	O
oncle	O
,	O
lui	O
demanda	O
-t-elle	O
en	O
terminant	O
,	O
quelle	O
est	O
votre	O
intention	O
?	O
</p>	O
<p n='FR03023298'>	O
--	O
Hélas	O
!	O
mon	O
enfant	O
,	O
répondit	O
-il	O
avec	O
tristesse	O
en	O
étouffant	O
un	O
soupir	O
,	O
il	O
nous	O
faut	O
sans	O
retard	O
quitter	O
ces	O
épouvantables	O
contrées	O
et	O
regagner	O
le	O
Mexique	B-Place
.	O
</p>	O
<p n='FR03023299'>	O
Le	O
cœur	O
de	O
la	O
jeune	O
fille	O
se	O
serra	O
,	O
bien	O
qu'	O
elle	O
reconnût	O
intérieurement	O
la	O
nécessité	O
d'	O
un	O
prompt	O
retour	O
.	O
Partir	O
,	O
c'	O
était	O
quitter	O
celui	O
qu'	O
elle	O
aimait	O
,	O
se	O
séparer	O
sans	O
espoir	O
de	O
réunion	O
possible	O
,	O
de	O
l'	O
homme	O
dont	O
chaque	O
minute	O
passée	O
dans	O
une	O
douce	O
intimité	O
lui	O
avait	O
fait	O
apprécier	O
de	O
plus	O
en	O
plus	O
l'	O
admirable	O
caractère	O
,	O
et	O
qui	O
était	O
devenu	O
à	O
présent	O
indispensable	O
à	O
sa	O
vie	O
et	O
à	O
son	O
bonheur	O
.	O
</p>	O
</sample>	O
<sample>	O
<p n='FR03022896'>	O
--	O
Pourquoi	O
cette	O
question	O
?	O
lui	O
dit	O
-il	O
d'	O
une	O
voix	O
tremblante	O
.	O
</p>	O
<p n='FR03022897'>	O
--	O
Répondez	O
-moi	O
,	O
reprit	O
-elle	O
sans	O
hésiter	O
,	O
comme	O
je	O
vous	O
interroge	O
,	O
l'	O
heure	O
est	O
solennelle	O
,	O
j'	O
ai	O
une	O
grâce	O
à	O
vous	O
demander	O
.	O
</p>	O
<p n='FR03022898'>	O
--	O
Oh	O
!	O
parlez	O
,	O
madame	O
,	O
vous	O
savez	O
que	O
je	O
n'	O
ai	O
rien	O
à	O
vous	O
refuser	O
!	O
</p>	O
<p n='FR03022899'>	O
--	O
Répondez	O
-moi	O
,	O
reprit	O
-elle	O
toute	O
frémissante	O
,	O
m'	O
aimez	O
-vous	O
?	O
</p>	O
<p n='FR03022900'>	O
--	O
Si	O
c'	O
est	O
vous	O
aimer	O
,	O
madame	O
,	O
que	O
de	O
désirer	O
sacrifier	O
sa	O
vie	O
pour	O
vous	O
,	O
si	O
c'	O
est	O
vous	O
aimer	O
que	O
de	O
souffrir	O
le	O
martyre	O
en	O
voyant	O
couler	O
une	O
de	O
vos	O
larmes	O
que	O
je	O
voudrais	O
racheter	O
de	O
tout	O
mon	O
sang	O
,	O
si	O
c'	O
est	O
vous	O
aimer	O
que	O
d'	O
avoir	O
le	O
courage	O
de	O
vous	O
laisser	O
accomplir	O
le	O
sacrifice	O
que	O
l'	O
on	O
exigera	O
demain	O
pour	O
sauver	O
votre	O
oncle	O
,	O
oh	O
!	O
oui	O
,	O
madame	O
,	O
je	O
vous	O
aime	O
de	O
toute	O
mon	O
âme	O
!	O
Ainsi	O
,	O
parlez	O
sans	O
crainte	O
;	O
quoi	O
que	O
vous	O
me	O
demandiez	O
,	O
je	O
le	O
ferai	O
avec	O
joie	O
!	O
</p>	O
<p n='FR03022901'>	O
--	O
Bien	O
,	O
mon	O
ami	O
,	O
dit	O
-elle	O
,	O
je	O
compte	O
sur	O
votre	O
parole	O
,	O
demain	O
je	O
vous	O
la	O
rappellerai	O
quand	O
cet	O
homme	O
se	O
présentera	O
;	O
mais	O
d'	O
abord	O
il	O
faut	O
que	O
mon	O
oncle	O
soit	O
sauvé	O
,	O
dussé	O
-je	O
sacrifier	O
ma	O
vie	O
.	O
Hélas	O
!	O
il	O
m'	O
a	O
servi	O
de	O
père	O
,	O
il	O
m'	O
aime	O
comme	O
sa	O
fille	O
,	O
c'	O
est	O
à	O
cause	O
de	O
moi	O
qu'	O
il	O
est	O
tombé	O
entre	O
les	O
mains	O
des	O
bandits	B-Role
.	O
Oh	O
!	O
jurez	O
-moi	O
,	O
Cœur-Loyal	B-Pers
,	O
que	O
vous	O
le	O
délivrerez	O
,	O
ajouta	O
-t-elle	O
avec	O
une	O
expression	O
d'	O
angoisse	O
impossible	O
à	O
rendre	O
.	O
</p>	O
<p n='FR03022902'>	O
Le	B-Pers
Cœur-Loyal	I-Pers
allait	O
répondre	O
lorsque	O
Belhumeur	B-Pers
et	O
l'	B-Pers
Élan-Noir	I-Pers
entrèrent	O
dans	O
la	O
grotte	O
.	O
</p>	O
<p n='FR03022903'>	O
--	O
Enfin	O
!	O
s'	O
écria	O
-t-il	O
en	O
s'	O
élançant	O
vers	O
eux	O
.	O
</p>	O
<p n='FR03022904'>	O
Les	O
trois	O
hommes	O
causèrent	O
quelques	O
instants	O
à	O
voix	O
basse	O
,	O
puis	O
le	O
chasseur	O
revint	O
en	O
toute	O
hâte	O
vers	O
les	O
deux	O
femmes	O
.	O
</p>	O
<p n='FR03022905'>	O
Son	O
visage	O
rayonnait	O
.	O
</p>	O
<p n='FR03022906'>	O
--	O
Vous	O
avez	O
raison	O
,	O
ma	O
mère	O
,	O
s'	O
écria	O
-t-il	O
d'	O
une	O
voix	O
vibrante	O
,	O
Dieu	B-Pers
est	O
bon	O
,	O
il	O
n'	O
abandonne	O
pas	O
ceux	O
qui	O
placent	O
leur	O
confiance	O
en	O
lui	O
.	O
Maintenant	O
c'	O
est	O
moi	O
qui	O
vous	O
dis	O
:	O
espérez	O
,	O
doña	B-Pers
Luz	I-Pers
,	O
bientôt	O
je	O
vous	O
rendrai	O
votre	O
oncle	O
!	O
</p>	O
<p n='FR03022907'>	O
--	O
Oh	O
!	O
fit	O
-elle	O
avec	O
joie	O
,	O
serait	O
-il	O
possible	O
?	O
</p>	O
<p n='FR03022908'>	O
--	O
Espérez	O
,	O
vous	O
dis	O
-je	O
!	O
Adieu	O
,	O
ma	O
mère	O
!	O
priez	O
Dieu	B-Pers
pour	O
qu'	O
il	O
me	O
seconde	O
,	O
je	O
vais	O
avoir	O
plus	O
que	O
jamais	O
besoin	O
de	O
son	O
secours	O
!	O
</p>	O
<p n='FR03022909'>	O
Sans	O
en	O
dire	O
davantage	O
,	O
le	O
jeune	O
homme	O
se	O
précipita	O
au-dehors	O
de	O
la	O
grotte	O
,	O
suivi	O
de	O
la	O
plus	O
grande	O
partie	O
de	O
ses	O
compagnons	O
.	O
</p>	O
<p n='FR03022910'>	O
--	O
Qu'	O
a	O
-t-il	O
donc	O
voulu	O
dire	O
?	O
murmura	O
doña	B-Pers
Luz	I-Pers
avec	O
anxiété	O
.	O
</p>	O
<p n='FR03022911'>	O
--	O
Venez	O
,	O
ma	O
fille	O
,	O
répondit	O
la	O
vieille	O
dame	O
avec	O
tristesse	O
,	O
allons	O
prier	O
pour	O
lui	O
!	O
</p>	O
<p n='FR03022912'>	O
Elle	O
l'	O
entraîna	O
doucement	O
vers	O
le	O
réduit	O
qu'	O
elles	O
habitaient	O
.	O
</p>	O
<p n='FR03022913'>	O
Il	O
ne	O
restait	O
dans	O
la	O
grotte	O
qu'	O
une	O
dizaine	O
d'	O
hommes	O
chargés	O
de	O
la	O
défense	O
des	O
deux	O
femmes	O
.	O
</p>	O
<p n='FR03022914'>	O
Lorsque	O
les	B-Demo
Peaux-Rouges	I-Demo
et	O
les	O
chasseurs	B-Role
avaient	O
envahi	O
le	O
camp	O
des	O
Mexicains	B-Demo
,	O
les	O
pirates	B-Role
,	O
d'	O
après	O
les	O
ordres	O
de	O
leur	O
chef	B-Role
,	O
s'	O
étaient	O
disséminés	O
dans	O
toutes	O
les	O
directions	O
,	O
afin	O
d'	O
échapper	O
plus	O
facilement	O
à	O
les	O
recherches	O
de	O
leurs	O
ennemis	O
.	O
</p>	O
</sample>	O
</samples>	O
