Word	Tag
<?xml version='1.0' encoding='UTF-8'?>	O
<samples n='FR0347'>	O
<sample>	O
<p n='FR0347149'>	O
--	O
Qu'	O
importe	O
!	O
j'	O
ai	O
dit	O
la	O
semaine	O
dernière	O
qu'	O
il	O
était	O
malade	O
;	O
mais	O
aujourd'hui	O
il	O
est	O
nécessaire	O
qu'	O
il	O
y	O
aille	O
,	O
que	O
cela	O
lui	O
plaise	O
ou	O
non	O
.	O
"	O
</p>	O
<p n='FR0347150'>	O
Ce	O
disant	O
,	O
Mme	B-Pers
Massereau	I-Pers
se	O
leva	O
et	O
descendit	O
suivie	O
de	O
Marie-Céline	B-Pers
,	O
qui	O
riait	O
et	O
qui	O
disait	O
:	O
</p>	O
<p n='FR0347151'>	O
"	O
Il	O
va	O
geindre	O
,	O
faudra	O
voir	O
!	O
"	O
</p>	O
<p n='FR0347152'>	O
Lorsqu'elle	O
franchit	O
le	O
seuil	O
de	O
sa	O
cuisine	O
,	O
son	O
sourire	O
s'	O
effaça	O
et	O
,	O
bondissant	O
vers	O
le	O
fourneau	O
allumé	O
:	O
</p>	O
<p n='FR0347153'>	O
"	O
Bon	O
Dieu	B-Pers
!	O
dit	O
-elle	O
,	O
quelle	O
imagination	O
il	O
lui	O
a	O
pris	O
!	O
Voyez	O
,	O
madame	O
,	O
tout	O
mon	O
beurre	O
est	O
fondu	O
,	O
il	O
en	O
a	O
jusqu'au	O
bout	O
de	O
le	O
nez	O
.	O
"	O
</p>	O
<p n='FR0347154'>	O
Léopold	B-Pers
,	O
assis	O
les	O
jambes	O
pendantes	O
sur	O
un	O
des	O
angles	O
de	O
le	O
fourneau	O
,	O
le	O
nez	O
et	O
le	O
menton	O
tout	O
reluisants	O
de	O
graisse	O
,	O
creusait	O
délicatement	O
une	O
pomme	O
de	O
terre	O
fumante	O
et	O
,	O
sans	O
s'	O
effrayer	O
de	O
l'	O
exclamation	O
furibonde	O
de	O
Marie-Céline	B-Pers
,	O
glissa	O
dans	O
le	O
trou	O
de	O
le	O
beurre	O
emprunté	O
à	O
une	O
assiette	O
posée	O
près	O
de	O
lui	O
.	O
Mais	O
il	O
n'	O
avait	O
pas	O
remarqué	O
que	O
la	O
chaleur	O
de	O
le	O
fourneau	O
allumé	O
atteignait	O
l'	O
extrémité	O
de	O
le	O
plat	O
,	O
et	O
que	O
d'	O
un	O
côté	O
le	O
morceau	O
de	O
beurre	O
s'	O
écoulait	O
en	O
huile	O
.	O
</p>	O
<p n='FR0347155'>	O
Prendre	O
son	O
plat	O
d'	O
une	O
main	O
,	O
le	O
petit	O
gourmand	O
de	O
l'	O
autre	O
,	O
fut	O
l'	O
affaire	O
d'	O
une	O
minute	O
pour	O
la	O
vigoureuse	O
cuisinière	O
.	O
</p>	O
<p n='FR0347156'>	O
"	O
C'	O
est	O
la	O
dernière	O
,	O
ricana	O
le	O
petit	O
garçon	O
en	O
léchant	O
sa	O
pomme	O
de	O
terre	O
,	O
je	O
me	O
moque	O
bien	O
que	O
tu	O
serres	O
le	O
beurre	O
!	O
"	O
</p>	O
<p n='FR0347157'>	O
Mme	B-Pers
Massereau	I-Pers
s'	O
avança	O
vivement	O
entre	O
eux	O
,	O
et	O
,	O
regardant	O
Marie-Céline	B-Pers
d'	O
un	O
air	O
d'	O
intelligence	O
,	O
lui	O
faisant	O
de	O
la	O
main	O
un	O
signe	O
éloquent	O
,	O
elle	O
dit	O
:	O
</p>	O
<p n='FR0347158'>	O
"	O
Allons	O
,	O
il	O
ne	O
le	O
fera	O
plus	O
,	O
il	O
ne	O
le	O
fera	O
plus	O
.	O
"	O
</p>	O
<p n='FR0347159'>	O
Et	O
,	O
se	O
détournant	O
vivement	O
,	O
elle	O
entraîna	O
Léopold	B-Pers
qui	O
faisait	O
de	O
triomphantes	O
grimaces	O
à	O
Marie-Céline	B-Pers
et	O
lui	O
tirait	O
vilainement	O
la	O
langue	O
.	O
Ils	O
arrivèrent	O
l'	O
un	O
traînant	O
l'	O
autre	O
dans	O
la	O
chambre	O
de	O
le	O
premier	O
,	O
qui	O
était	O
évidemment	O
celle	O
de	O
l'	O
enfant	O
.	O
Là	O
,	O
Mme	B-Pers
Massereau	I-Pers
lui	O
fit	O
passer	O
un	O
rapide	O
examen	O
et	O
finalement	O
prit	O
une	O
éponge	O
mouillée	O
.	O
</p>	O
<p n='FR0347160'>	O
"	O
Viens	O
que	O
je	O
te	O
débarbouille	O
,	O
commanda	O
-t-elle	O
.	O
</p>	O
<p n='FR0347161'>	O
--	O
Pourquoi	O
?	O
je	O
ne	O
veux	O
pas	O
me	O
laver	O
.	O
</p>	O
<p n='FR0347162'>	O
--	O
Tu	O
as	O
de	O
le	O
beurre	O
sur	O
le	O
nez	O
,	O
sur	O
les	O
joues	O
,	O
partout	O
.	O
"	O
</p>	O
<p n='FR0347163'>	O
Léopold	B-Pers
se	O
plaça	O
devant	O
une	O
glace	O
et	O
,	O
devant	O
ce	O
qu'	O
il	O
vit	O
,	O
ne	O
résista	O
plus	O
;	O
mais	O
pendant	O
l'	O
opération	O
il	O
demeura	O
devant	O
la	O
glace	O
,	O
louchant	O
,	O
tirant	O
la	O
langue	O
et	O
se	O
faisant	O
le	O
plus	O
laid	O
possible	O
.	O
</p>	O
<p n='FR0347164'>	O
"	O
Maintenant	O
un	O
coup	O
de	O
peigne	O
,	O
dit	O
Mme	B-Pers
Massereau	I-Pers
de	O
sa	O
voix	O
la	O
plus	O
suave	O
,	O
et	O
te	O
voici	O
tout	O
à	O
fait	O
gentil	O
pour	O
aller	O
à	O
l'	O
école	O
.	O
</p>	O
<p n='FR0347165'>	O
--	O
À	O
l'	O
école	O
?	O
cria	O
l'	O
enfant	O
,	O
je	O
ne	O
veux	O
pas	O
aller	O
à	O
l'	O
école	O
.	O
</p>	O
<p n='FR0347166'>	O
--	O
Voyons	O
,	O
mon	O
Léo	B-Pers
,	O
ne	O
te	O
mets	O
pas	O
en	O
colère	O
,	O
ton	O
congé	O
est	O
fini	O
,	O
tu	O
n'	O
es	O
plus	O
malade	O
.	O
</p>	O
<p n='FR0347167'>	O
--	O
Je	O
veux	O
être	O
malade	O
!	O
</p>	O
<p n='FR0347168'>	O
--	O
Ne	O
fais	O
pas	O
le	O
méchant	O
comme	O
cela	O
.	O
Où	O
sont	O
tes	O
livres	O
?	O
</p>	O
</sample>	O
<sample>	O
<p n='FR0347142'>	O
--	O
Mon	O
mari	O
est	O
une	O
bonne	O
fourchette	O
assurément	O
,	O
et	O
je	O
pense	O
que	O
nulle	O
part	O
il	O
ne	O
trouverait	O
une	O
cuisine	O
meilleure	O
que	O
la	O
sienne	O
.	O
Ah	O
!	O
je	O
lui	O
passe	O
bien	O
cette	O
manie-là	O
:	O
qu'	O
il	O
me	O
laisse	O
Léopold	B-Pers
.	O
S'	O
il	O
t'	O
en	O
parle	O
,	O
Marie-Céline	B-Pers
,	O
dis	O
-lui	O
bien	O
que	O
nous	O
ne	O
sommes	O
pas	O
disposées	O
à	O
le	O
laisser	O
faire	O
.	O
Ne	O
t'	O
en	O
va	O
pas	O
abonder	O
dans	O
son	O
sens	O
comme	O
tu	O
le	O
fais	O
quelquefois	O
.	O
Il	O
a	O
envie	O
de	O
le	O
lâcher	O
,	O
nous	O
ne	O
serons	O
pas	O
trop	O
de	O
deux	O
à	O
le	O
retenir	O
.	O
J'	O
ai	O
aussi	O
à	O
te	O
recommander	O
de	O
ne	O
rien	O
dire	O
des	O
espiègleries	O
de	O
l'	O
enfant	O
,	O
pendant	O
que	O
le	O
colonel	B-Role
est	O
ici	O
.	O
</p>	O
<p n='FR0347143'>	O
--	O
Pourtant	O
,	O
madame	O
,	O
s'	O
il	O
fait	O
de	O
grosses	O
bêtises	O
comme	O
c'	O
est	O
son	O
habitude	O
?	O
</p>	O
<p n='FR0347144'>	O
--	O
Nous	O
l'	O
en	O
punirons	O
après	O
;	O
mais	O
dans	O
le	O
moment	O
,	O
taisons	O
-nous	O
.	O
Ces	O
Dauvellec	B-Pers
ne	O
se	O
connaissent	O
pas	O
en	O
enfants	O
,	O
ils	O
ont	O
leur	O
genre	O
d'	O
élever	O
les	O
leurs	O
,	O
qui	O
sont	O
gentils	O
,	O
je	O
ne	O
dis	O
pas	O
non	O
,	O
mais	O
dont	O
je	O
n'	O
aime	O
pas	O
les	O
manières	O
.	O
Léopold	B-Pers
serait	O
très	O
malheureux	O
chez	O
ces	O
gens-là	O
.	O
</p>	O
<p n='FR0347145'>	O
--	O
Ils	O
peuvent	O
donc	O
le	O
prendre	O
tout	O
de	O
bon	O
?	O
Je	O
croyais	O
que	O
c'	O
était	O
pour	O
faire	O
peur	O
à	O
Léopold	B-Pers
que	O
Monsieur	O
lui	O
dit	O
sans	O
cesse	O
quand	O
il	O
est	O
méchant	O
:	O
</p>	O
<p n='FR0347146'>	O
"	O
--	O
Attends	O
,	O
attends	O
,	O
Monsieur	B-Pers
Je-veux	I-Pers
,	O
quand	O
ton	O
tuteur	O
va	O
te	O
reprendre	O
,	O
tu	O
en	O
verras	O
de	O
belles	O
!	O
"	O
</p>	O
<p n='FR0347147'>	O
--	O
Eh	O
!	O
s'	O
il	O
n'	O
avait	O
aucun	O
droit	O
sur	O
lui	O
,	O
je	O
ne	O
m'	O
embarrasserais	O
pas	O
de	O
sa	O
visite	O
.	O
Cependant	O
,	O
nous	O
verrons	O
bien	O
.	O
Tu	O
n'	O
as	O
rien	O
de	O
pressé	O
à	O
faire	O
à	O
la	O
cuisine	O
,	O
maintenant	O
.	O
Va	O
conduire	O
Léopold	B-Pers
à	O
l'	O
école	O
.	O
</p>	O
<p n='FR0347148'>	O
--	O
L'	O
heure	O
est	O
passée	O
,	O
madame	O
.	O
</p>	O
<p n='FR0347149'>	O
--	O
Qu'	O
importe	O
!	O
j'	O
ai	O
dit	O
la	O
semaine	O
dernière	O
qu'	O
il	O
était	O
malade	O
;	O
mais	O
aujourd'hui	O
il	O
est	O
nécessaire	O
qu'	O
il	O
y	O
aille	O
,	O
que	O
cela	O
lui	O
plaise	O
ou	O
non	O
.	O
"	O
</p>	O
<p n='FR0347150'>	O
Ce	O
disant	O
,	O
Mme	B-Pers
Massereau	I-Pers
se	O
leva	O
et	O
descendit	O
suivie	O
de	O
Marie-Céline	B-Pers
,	O
qui	O
riait	O
et	O
qui	O
disait	O
:	O
</p>	O
<p n='FR0347151'>	O
"	O
Il	O
va	O
geindre	O
,	O
faudra	O
voir	O
!	O
"	O
</p>	O
<p n='FR0347152'>	O
Lorsqu'elle	O
franchit	O
le	O
seuil	O
de	O
sa	O
cuisine	O
,	O
son	O
sourire	O
s'	O
effaça	O
et	O
,	O
bondissant	O
vers	O
le	O
fourneau	O
allumé	O
:	O
</p>	O
<p n='FR0347153'>	O
"	O
Bon	O
Dieu	B-Pers
!	O
dit	O
-elle	O
,	O
quelle	O
imagination	O
il	O
lui	O
a	O
pris	O
!	O
Voyez	O
,	O
madame	O
,	O
tout	O
mon	O
beurre	O
est	O
fondu	O
,	O
il	O
en	O
a	O
jusqu'au	O
bout	O
de	O
le	O
nez	O
.	O
"	O
</p>	O
<p n='FR0347154'>	O
Léopold	B-Pers
,	O
assis	O
les	O
jambes	O
pendantes	O
sur	O
un	O
des	O
angles	O
de	O
le	O
fourneau	O
,	O
le	O
nez	O
et	O
le	O
menton	O
tout	O
reluisants	O
de	O
graisse	O
,	O
creusait	O
délicatement	O
une	O
pomme	O
de	O
terre	O
fumante	O
et	O
,	O
sans	O
s'	O
effrayer	O
de	O
l'	O
exclamation	O
furibonde	O
de	O
Marie-Céline	B-Pers
,	O
glissa	O
dans	O
le	O
trou	O
de	O
le	O
beurre	O
emprunté	O
à	O
une	O
assiette	O
posée	O
près	O
de	O
lui	O
.	O
Mais	O
il	O
n'	O
avait	O
pas	O
remarqué	O
que	O
la	O
chaleur	O
de	O
le	O
fourneau	O
allumé	O
atteignait	O
l'	O
extrémité	O
de	O
le	O
plat	O
,	O
et	O
que	O
d'	O
un	O
côté	O
le	O
morceau	O
de	O
beurre	O
s'	O
écoulait	O
en	O
huile	O
.	O
</p>	O
<p n='FR0347155'>	O
Prendre	O
son	O
plat	O
d'	O
une	O
main	O
,	O
le	O
petit	O
gourmand	O
de	O
l'	O
autre	O
,	O
fut	O
l'	O
affaire	O
d'	O
une	O
minute	O
pour	O
la	O
vigoureuse	O
cuisinière	O
.	O
</p>	O
</sample>	O
<sample>	O
<p n='FR0347845'>	O
"	O
Vous	O
embarquez	O
,	O
père	B-Pers
La	I-Pers
Plie	I-Pers
?	O
crièrent	O
-ils	O
.	O
</p>	O
<p n='FR0347846'>	O
--	O
Dans	O
une	O
demi-heure	O
;	O
le	O
flot	O
monte	O
.	O
</p>	O
<p n='FR0347847'>	O
--	O
C'	O
est	O
bon	O
,	O
attendez	O
-nous	O
.	O
"	O
</p>	O
<p n='FR0347848'>	O
Édouard	B-Pers
et	O
Gustave	B-Pers
se	O
précipitèrent	O
dans	O
la	O
salle	O
à	O
manger	O
.	O
</p>	O
<p n='FR0347849'>	O
"	O
Bonne-maman	B-Pers
,	O
je	O
vous	O
en	O
prie	O
,	O
faites	O
-nous	O
préparer	O
à	O
déjeuner	O
bien	O
vite	O
,	O
nous	O
allons	O
à	O
la	O
pêche	O
.	O
</p>	O
<p n='FR0347850'>	O
--	O
Votre	O
mère	O
l'	O
a	O
-t-elle	O
permis	O
,	O
enfants	O
?	O
</p>	O
<p n='FR0347851'>	O
--	O
Nous	O
allons	O
lui	O
demander	O
notre	O
exeat	O
.	O
Où	O
est	O
-elle	O
,	O
s'	O
il	O
vous	O
plaît	O
?	O
</p>	O
<p n='FR0347852'>	O
--	O
À	O
l'	O
église	O
,	O
je	O
crois	O
.	O
Allez	O
la	O
trouver	O
;	O
Choucroute	B-Pers
,	O
pendant	O
ce	O
temps	O
,	O
préparera	O
votre	O
déjeuner	O
.	O
</p>	O
<p n='FR0347853'>	O
--	O
Moi	O
aussi	O
,	O
je	O
vais	O
chez	O
le	O
bon	O
Dieu	B-Pers
chercher	O
maman	O
"	O
,	O
cria	O
une	O
petite	O
voix	O
.	O
</p>	O
<p n='FR0347854'>	O
Et	O
Fédik	B-Pers
entra	O
en	O
bondissant	O
dans	O
la	O
salle	O
à	O
manger	O
.	O
</p>	O
<p n='FR0347855'>	O
"	O
Et	O
toi	O
,	O
Léopold	B-Pers
,	O
viens	O
-tu	O
?	O
demanda	O
Édouard	B-Pers
en	O
faisant	O
un	O
pas	O
vers	O
la	O
porte	O
de	O
la	O
chambre	O
.	O
</p>	O
<p n='FR0347856'>	O
--	O
Moi	O
,	O
non	O
,	O
ça	O
m'	O
ennuie	O
"	O
,	O
répondit	O
Léopold	B-Pers
qui	O
préférait	O
toujours	O
ses	O
petits	O
plaisirs	O
égoïstes	O
à	O
les	O
sorties	O
générales	O
.	O
</p>	O
<p n='FR0347857'>	O
Édouard	B-Pers
et	O
Gustave	B-Pers
n'	O
insistèrent	O
pas	O
;	O
ils	O
coiffèrent	O
Fédik	B-Pers
de	O
son	O
petit	O
chapeau	O
de	O
paille	O
et	O
l'	O
entraînèrent	O
à	O
le	O
pas	O
de	O
charge	O
vers	O
la	O
vieille	O
église	O
enfouie	O
dans	O
un	O
véritable	O
nid	O
de	O
verdure	O
.	O
Le	O
riant	O
enclos	O
des	O
morts	O
qui	O
la	O
précédait	O
formait	O
un	O
contraste	O
harmonieux	O
avec	O
l'	O
aridité	O
des	O
grèves	O
voisines	O
.	O
Les	O
poumons	O
irrités	O
par	O
la	O
brise	O
âpre	O
qui	O
soufflait	O
de	O
la	B-Place
Manche	I-Place
,	O
éprouvaient	O
une	O
sensation	O
délicieuse	O
à	O
respirer	O
un	O
air	O
plus	O
doux	O
,	O
et	O
le	O
regard	O
surtout	O
se	O
reposait	O
avec	O
délices	O
sur	O
l'	O
herbe	O
verte	O
qui	O
croissait	O
drue	O
sur	O
les	O
tombeaux	O
rustiques	O
.	O
</p>	O
<p n='FR0347858'>	O
Les	O
jeunes	O
garçons	O
entrèrent	O
en	O
se	O
signant	O
et	O
se	O
mirent	O
un	O
instant	O
à	O
genoux	O
sur	O
les	O
dalles	O
pendant	O
que	O
Fédik	B-Pers
courait	O
vers	O
sa	O
mère	O
et	O
sa	O
sœur	O
agenouillées	O
dans	O
un	O
banc	O
.	O
L'	O
entrée	O
de	O
ses	O
fils	O
avait	O
annoncé	O
à	O
l'	O
avance	O
à	O
Mme	B-Pers
Eugénie	I-Pers
que	O
sa	O
présence	O
était	O
nécessaire	O
.	O
</p>	O
<p n='FR0347859'>	O
Le	O
colonel	B-Role
ayant	O
été	O
rappelé	O
à	O
Coutances	B-Place
,	O
elle	O
portait	O
seule	O
le	O
poids	O
très	O
lourd	O
de	O
l'	O
autorité	O
absolue	O
et	O
responsable	O
;	O
aussi	O
ne	O
s'	O
appartenait	O
-elle	O
guère	O
pendant	O
cette	O
régence	O
provisoire	O
.	O
</p>	O
<p n='FR0347860'>	O
Elle	O
termina	O
sa	O
prière	O
et	O
sortit	O
de	O
l'	O
église	O
avec	O
les	O
enfants	O
.	O
Édouard	B-Pers
,	O
qui	O
lui	O
avait	O
offert	O
le	O
bras	O
,	O
la	O
mit	O
à	O
le	O
courant	O
de	O
leurs	O
projets	O
.	O
</p>	O
<p n='FR0347861'>	O
"	O
Le	O
temps	O
me	O
semble	O
incertain	O
,	O
dit	O
-elle	O
;	O
allons	O
jusqu'à	O
la	O
jetée	O
.	O
"	O
</p>	O
<p n='FR0347862'>	O
Ils	O
marchèrent	O
jusqu'à	O
la	O
petite	O
anse	O
où	O
s'	O
abritaient	O
les	O
barques	O
de	O
pêche	O
.	O
Le	O
père	B-Pers
La	I-Pers
Plie	I-Pers
,	O
assis	O
dans	O
la	O
sienne	O
,	O
débrouillait	O
ses	O
filets	O
.	O
</p>	O
<p n='FR0347863'>	O
"	O
Ohé	O
!	O
matelot	O
,	O
cria	O
Édouard	B-Pers
de	O
sa	O
voix	O
vibrante	O
,	O
venez	O
parler	O
à	O
ma	O
mère	O
,	O
s'	O
il	O
vous	O
plaît	O
.	O
"	O
</p>	O
<p n='FR0347864'>	O
Le	O
vieux	O
pêcheur	B-Role
jeta	O
son	O
filet	O
,	O
saisit	O
une	O
gaffe	O
,	O
rapprocha	O
son	O
bateau	O
des	O
bateaux	O
voisins	O
et	O
,	O
sautant	O
d'	O
un	O
bord	O
sur	O
l'	O
autre	O
,	O
arriva	O
à	O
l'	O
extrémité	O
de	O
la	O
jetée	O
.	O
</p>	O
<p n='FR0347865'>	O
"	O
Qu'	O
y	O
a	O
-t-il	O
pour	O
votre	O
service	O
,	O
madame	O
?	O
demanda	O
-t-il	O
en	O
poussant	O
sa	O
chique	O
dans	O
sa	O
joue	O
gauche	O
.	O
</p>	O
</sample>	O
<sample>	O
<p n='FR0347219'>	O
--	O
Aujourd'hui	O
il	O
n'	O
était	O
pas	O
indisposé	O
,	O
répondit	O
sèchement	O
Mme	B-Pers
Massereau	I-Pers
.	O
Pourquoi	O
veux	O
-tu	O
qu'	O
il	O
ait	O
manqué	O
la	O
classe	O
?	O
"	O
</p>	O
<p n='FR0347220'>	O
M.	B-Pers
Massereau	I-Pers
allait	O
riposter	O
,	O
mais	O
en	O
ce	O
moment	O
entra	O
une	O
femme	B-Role
de	I-Role
service	I-Role
portant	O
un	O
hors-	O
d'	O
œuvre	O
sucré	O
qui	O
se	O
couronnait	O
d'	O
un	O
petit	O
nuage	O
de	O
vapeur	O
odorante	O
.	O
Il	O
sourit	O
,	O
aspira	O
la	O
bouffée	O
qui	O
l'	O
atteignit	O
à	O
le	O
passage	O
,	O
et	O
,	O
clignant	O
tendrement	O
de	O
l'	O
œil	O
:	O
</p>	O
<p n='FR0347221'>	O
"	O
Voilà	O
un	O
soufflé	O
à	O
le	O
riz	O
où	O
tu	O
as	O
mis	O
la	O
main	O
,	O
Caroline	B-Pers
,	O
dit	O
-il	O
d'	O
un	O
petit	O
ton	O
prophétique	O
.	O
</p>	O
<p n='FR0347222'>	O
--	O
Sans	O
doute	O
:	O
ne	O
sais	O
-je	O
pas	O
combien	O
tu	O
es	O
difficile	O
pour	O
les	O
soufflés	O
?	O
</p>	O
<p n='FR0347223'>	O
--	O
Et	O
aussi	O
combien	O
je	O
les	O
aime	O
!	O
Un	O
soufflé	O
bien	O
fait	O
,	O
colonel	B-Role
,	O
est	O
le	O
meilleur	O
des	O
entremets	O
.	O
N'	O
est	O
-ce	O
point	O
votre	O
avis	O
?	O
</p>	O
<p n='FR0347224'>	O
--	O
C'	O
est	O
de	O
le	O
moins	O
l'	O
avis	O
de	O
ma	O
femme	O
,	O
je	O
crois	O
,	O
répondit	O
le	O
colonel	B-Role
en	O
souriant	O
,	O
car	O
j'	O
en	O
vois	O
souvent	O
paraître	O
sur	O
ma	O
table	O
.	O
</p>	O
<p n='FR0347225'>	O
--	O
Oh	O
!	O
vous	O
avez	O
aussi	O
une	O
femme	O
précieuse	O
,	O
mon	O
cher	O
.	O
Même	O
à	O
le	O
temps	O
où	O
l'	O
on	O
parlait	O
avec	O
enthousiasme	O
de	O
son	O
talent	O
sur	O
le	O
piano	O
,	O
j'	O
admirais	O
,	O
moi	O
qui	O
ne	O
suis	O
pas	O
artiste	O
,	O
la	O
bonne	O
tenue	O
de	O
sa	O
maison	O
et	O
sa	O
façon	O
de	O
recevoir	O
.	O
</p>	O
<p n='FR0347226'>	O
--	O
Elle	O
a	O
en	O
effet	O
le	O
talent	O
suprême	O
de	O
n'	O
ignorer	O
et	O
de	O
ne	O
négliger	O
aucun	O
de	O
ses	O
devoirs	O
,	O
répondit	O
sérieusement	O
M.	B-Pers
Dauvellec	I-Pers
.	O
</p>	O
<p n='FR0347227'>	O
--	O
Caroline	B-Pers
,	O
nous	O
mettons	O
-nous	O
à	O
table	O
?	O
demanda	O
M.	B-Pers
Massereau	I-Pers
.	O
</p>	O
<p n='FR0347228'>	O
--	O
Si	O
vous	O
voulez	O
,	O
répondit	O
Mme	B-Pers
Massereau	I-Pers
;	O
j'	O
attends	O
Léopold	B-Pers
.	O
"	O
</p>	O
<p n='FR0347229'>	O
Elle	O
se	O
dirigea	O
vers	O
la	O
porte	O
qui	O
s'	O
ouvrit	O
devant	O
le	O
petit	O
garçon	O
.	O
Toute	O
fière	O
de	O
le	O
voir	O
apparaître	O
en	O
écolier	O
,	O
son	O
sac	O
de	O
cuir	O
en	O
bandoulière	O
,	O
la	O
figure	O
et	O
les	O
mains	O
tachetées	O
d'	O
encre	O
,	O
elle	O
le	O
conduisit	O
à	O
le	O
colonel	B-Role
,	O
puis	O
l'	O
emmena	O
en	O
disant	O
:	O
</p>	O
<p n='FR0347230'>	O
"	O
Messieurs	O
,	O
le	O
dîner	O
va	O
être	O
servi	O
,	O
je	O
ne	O
vous	O
demande	O
qu'	O
une	O
minute	O
pour	O
débarrasser	O
Léopold	B-Pers
de	O
tout	O
cet	O
attirail	O
.	O
"	O
</p>	O
<p n='FR0347231'>	O
Cela	O
dit	O
,	O
elle	O
l'	O
emmena	O
dans	O
la	O
chambre	O
de	O
le	O
premier	O
,	O
procéda	O
à	O
son	O
débarbouillement	O
,	O
puis	O
lui	O
prenant	O
les	O
deux	O
mains	O
:	O
</p>	O
<p n='FR0347232'>	O
"	O
Léopold	B-Pers
,	O
dit	O
-elle	O
rapidement	O
,	O
tu	O
vas	O
être	O
sage	O
à	O
table	O
.	O
</p>	O
<p n='FR0347233'>	O
--	O
Oui	O
,	O
répondit	O
-il	O
en	O
pleurnichant	O
,	O
je	O
m'	O
ennuie	O
à	O
l'	O
école	O
.	O
</p>	O
<p n='FR0347234'>	O
--	O
Tu	O
ne	O
demanderas	O
rien	O
,	O
tu	O
ne	O
sentiras	O
rien	O
,	O
tu	O
ne	O
diras	O
rien	O
.	O
</p>	O
<p n='FR0347235'>	O
--	O
Ah	O
!	O
bien	O
,	O
marraine	O
,	O
ce	O
sera	O
amusant	O
!	O
Et	O
qu'	O
est	O
-ce	O
que	O
tu	O
me	O
donneras	O
pour	O
cela	O
?	O
</p>	O
<p n='FR0347236'>	O
--	O
Un	O
congé	O
de	O
trois	O
jours	O
quand	O
ton	O
oncle	O
sera	O
parti	O
.	O
</p>	O
<p n='FR0347237'>	O
--	O
Et	O
après	O
?	O
</p>	O
<p n='FR0347238'>	O
--	O
Une	O
boîte	O
de	O
pastilles	O
de	O
chocolat	O
.	O
</p>	O
<p n='FR0347239'>	O
--	O
Et	O
après	O
?	O
</p>	O
<p n='FR0347240'>	O
--	O
Comment	O
,	O
ce	O
n'	O
est	O
pas	O
assez	O
!	O
</p>	O
<p n='FR0347241'>	O
--	O
Non	O
,	O
il	O
faut	O
que	O
tu	O
me	O
promettes	O
de	O
m'	O
acheter	O
le	O
petit	O
chariot	O
qui	O
est	O
à	O
la	O
montre	O
de	O
le	O
marchand	O
de	O
joujoux	O
.	O
</p>	O
<p n='FR0347242'>	O
--	O
Je	O
l'	O
achèterai	O
.	O
</p>	O
<p n='FR0347243'>	O
--	O
Et	O
j'	O
irai	O
dîner	O
à	O
la	O
cuisine	O
,	O
si	O
j'	O
ai	O
faim	O
,	O
et	O
manger	O
de	O
tout	O
?	O
</p>	O
<p n='FR0347244'>	O
--	O
Oui	O
.	O
</p>	O
<p n='FR0347245'>	O
--	O
Tu	O
diras	O
cela	O
à	O
Marie-Céline	B-Pers
.	O
</p>	O
<p n='FR0347246'>	O
--	O
Mais	O
certainement	O
.	O
Viens	O
.	O
"	O
</p>	O
<p n='FR0347247'>	O
Elle	O
l'	O
emmena	O
dans	O
la	O
salle	O
à	O
manger	O
et	O
le	O
dîner	O
commença	O
.	O
Léopold	B-Pers
,	O
raide	O
comme	O
un	O
petit	O
piquet	O
,	O
tint	O
parole	O
et	O
n'	O
adressa	O
à	O
sa	O
tante	O
aucune	O
réclamation	O
saugrenue	O
.	O
Celle-ci	O
d'	O
ailleurs	O
ne	O
le	O
perdait	O
pas	O
de	O
vue	O
et	O
à	O
le	O
moindre	O
geste	O
indiscret	O
,	O
elle	O
lui	O
lançait	O
un	O
coup	O
d'	O
œil	O
plein	O
d'	O
intelligence	O
,	O
d'	O
autant	O
mieux	O
compris	O
que	O
le	O
colonel	B-Role
intimidait	O
beaucoup	O
l'	O
enfant	O
,	O
qui	O
ne	O
demandait	O
qu'	O
une	O
chose	O
,	O
c'	O
était	O
que	O
ce	O
repas	O
ennuyeux	O
finît	O
.	O
</p>	O
</sample>	O
<sample>	O
<p n='FR0347538'>	O
"	O
C'	O
est	O
fort	O
précis	O
,	O
dit	O
-il	O
;	O
c'	O
est	O
bref	O
et	O
concis	O
comme	O
une	O
consigne	O
.	O
"	O
</p>	O
<p n='FR0347539'>	O
Avisant	O
un	O
garçon	O
qui	O
passait	O
,	O
il	O
ajouta	O
:	O
</p>	O
<p n='FR0347540'>	O
"	O
Dites	O
-moi	O
,	O
quel	O
temps	O
nous	O
reste	O
-t-il	O
jusqu'au	O
départ	O
de	O
le	O
premier	O
train	O
pour	O
la	B-Place
Normandie	I-Place
?	O
</p>	O
<p n='FR0347541'>	O
--	O
Quarante	O
minutes	O
,	O
monsieur	O
.	O
"	O
</p>	O
<p n='FR0347542'>	O
M.	B-Pers
Massereau	I-Pers
appela	O
sa	O
femme	O
de	O
le	O
geste	O
.	O
</p>	O
<p n='FR0347543'>	O
"	O
Caroline	B-Pers
,	O
tu	O
as	O
grandement	O
le	O
temps	O
de	O
faire	O
déjeuner	O
Léopold	B-Pers
,	O
dit	O
-il	O
en	O
souriant	O
d'	O
un	O
air	O
aimable	O
.	O
</p>	O
<p n='FR0347544'>	O
--	O
Voudriez	O
-vous	O
maintenant	O
qu'	O
il	O
ne	O
déjeunât	O
pas	O
?	O
répondit	O
-elle	O
aigrement	O
.	O
</p>	O
<p n='FR0347545'>	O
--	O
Dieu	B-Pers
m'	O
en	O
garde	O
!	O
je	O
n'	O
ai	O
jamais	O
voulu	O
affamer	O
personne	O
,	O
et	O
Léopold	B-Pers
a	O
devant	O
lui	O
une	O
traite	O
qui	O
demande	O
des	O
forces	O
.	O
Donc	O
,	O
tu	O
feras	O
bien	O
de	O
commander	O
le	O
déjeuner	O
;	O
quarante	O
minutes	O
sont	O
bientôt	O
passées	O
.	O
"	O
</p>	O
<p n='FR0347546'>	O
Et	O
,	O
se	O
tournant	O
vers	O
Choucroute	B-Pers
,	O
il	O
ajouta	O
:	O
</p>	O
<p n='FR0347547'>	O
"	O
Êtes	O
-vous	O
lesté	O
,	O
mon	O
brave	O
?	O
"	O
</p>	O
<p n='FR0347548'>	O
Choucroute	B-Pers
inclina	O
la	O
tête	O
affirmativement	O
.	O
</p>	O
<p n='FR0347549'>	O
"	O
Allons	O
,	O
allons	O
,	O
dit	O
M.	B-Pers
Massereau	I-Pers
en	O
se	O
dirigeant	O
pesamment	O
vers	O
une	O
petite	O
table	O
à	O
quatre	O
couverts	O
,	O
fais	O
ton	O
menu	O
,	O
Léopold	B-Pers
;	O
une	O
dernière	O
fois	O
,	O
commande	O
ton	O
déjeuner	O
,	O
mon	O
garçon	O
.	O
"	O
</p>	O
<p n='FR0347550'>	O
Léopold	B-Pers
retourna	O
avec	O
sa	O
tante	O
près	O
de	O
la	O
table	O
de	O
le	O
centre	O
;	O
puis	O
il	O
fit	O
une	O
halte	O
devant	O
le	O
long	O
comptoir	O
de	O
marbre	O
qui	O
supportait	O
les	O
éléments	O
de	O
le	O
dessert	O
,	O
et	O
,	O
le	O
choix	O
étant	O
fait	O
,	O
le	O
déjeuner	O
commença	O
.	O
</p>	O
<p n='FR0347551'>	O
M.	B-Pers
Massereau	I-Pers
et	O
Léopold	B-Pers
mangèrent	O
avec	O
un	O
grand	O
appétit	O
.	O
Pour	O
Mme	B-Pers
Massereau	I-Pers
,	O
elle	O
ne	O
s'	O
occupa	O
que	O
de	O
Léopold	B-Pers
.	O
</p>	O
<p n='FR0347552'>	O
"	O
C'	O
est	O
ça	O
,	O
coupe	O
-lui	O
sa	O
viande	O
,	O
à	O
ce	O
cher	O
poupon	O
,	O
disait	O
M.	B-Pers
Massereau	I-Pers
non	O
sans	O
une	O
pointe	O
d'	O
ironie	O
;	O
cherche	O
-lui	O
le	O
meilleur	O
morceau	O
,	O
donne	O
-lui	O
toute	O
la	O
sauce	O
.	O
Parfait	O
,	O
parfait	O
!	O
qu'	O
il	O
jouisse	O
bien	O
de	O
son	O
reste	O
.	O
</p>	O
<p n='FR0347553'>	O
--	O
S'	O
il	O
est	O
trop	O
malheureux	O
chez	O
son	O
tuteur	B-Role
,	O
il	O
me	O
l'	O
écrira	O
et	O
j'	O
irai	O
le	O
chercher	O
,	O
dit	O
Mme	B-Pers
Massereau	I-Pers
qui	O
paraissait	O
encore	O
plus	O
irritée	O
que	O
désolée	O
.	O
</p>	O
<p n='FR0347554'>	O
--	O
Diable	O
!	O
alors	O
vous	O
plaiderez	O
,	O
car	O
il	O
a	O
bel	O
et	O
bien	O
le	O
droit	O
et	O
le	O
devoir	O
de	O
le	O
garder	O
et	O
de	O
s'	O
en	O
occuper	O
uniquement	O
.	O
</p>	O
<p n='FR0347555'>	O
--	O
Les	O
hommes	O
ont	O
fait	O
la	O
loi	O
pour	O
eux	O
,	O
pour	O
eux	O
seuls	O
;	O
c'	O
est	O
absurde	O
!	O
"	O
</p>	O
<p n='FR0347556'>	O
M.	B-Pers
Massereau	I-Pers
,	O
qui	O
grignotait	O
une	O
côtelette	O
,	O
sourit	O
dans	O
sa	O
barbe	O
.	O
C'	O
était	O
à	O
cette	O
bienheureuse	O
loi	O
qu'	O
il	O
était	O
redevable	O
d'	O
être	O
délivré	O
de	O
l'	O
enfant	O
gâté	O
qui	O
était	O
venu	O
troubler	O
sa	O
vie	O
tranquille	O
,	O
et	O
il	O
l'	O
admirait	O
de	O
tout	O
son	O
cœur	O
.	O
</p>	O
<p n='FR0347557'>	O
"	O
Quand	O
part	O
notre	O
train	O
à	O
nous	O
?	O
demanda	O
-t-il	O
,	O
espérant	O
opérer	O
une	O
transition	O
.	O
</p>	O
<p n='FR0347558'>	O
--	O
Je	O
reste	O
ce	O
soir	O
à	O
Rennes	B-Place
,	O
dit	O
impérieusement	O
Mme	B-Pers
Massereau	I-Pers
.	O
</p>	O
<p n='FR0347559'>	O
--	O
Bah	O
!	O
</p>	O
<p n='FR0347560'>	O
--	O
Eh	O
oui	O
!	O
je	O
ne	O
me	O
serai	O
pas	O
dérangée	O
pour	O
rien	O
.	O
J'	O
ai	O
écrit	O
à	O
ma	O
cousine	O
que	O
nous	O
serions	O
ce	O
soir	O
chez	O
elle	O
.	O
</p>	O
<p n='FR0347561'>	O
--	O
Moi	O
aussi	O
?	O
</p>	O
<p n='FR0347562'>	O
--	O
Comme	O
tu	O
voudras	O
.	O
Tu	O
peux	O
retourner	O
dans	O
notre	O
vieille	O
maison	O
de	O
Châtel	B-Place
si	O
bon	O
te	O
semble	O
.	O
Moi	O
,	O
j'	O
ai	O
besoin	O
de	O
distraction	O
,	O
je	O
reste	O
à	O
Rennes	B-Place
passer	O
quelques	O
jours	O
.	O
</p>	O
</sample>	O
</samples>	O
