Word	Tag
<?xml version='1.0' encoding='UTF-8'?>	O
<samples n='FR0474'>	O
<sample>	O
<p n='FR04741188'>	O
--	O
De	O
mon	O
temps	O
,	O
ma	B-Rolemisc
chère	I-Rolemisc
enfant	I-Rolemisc
,	O
dit	O
le	O
comte	O
,	O
il	O
y	O
avait	O
certaines	O
marquises	B-Role
qui	O
prenaient	O
leurs	O
laquais	B-Role
pour	O
amants	O
.	O
En	O
général	O
,	O
c'	O
étaient	O
des	O
femmes	O
moins	O
jeunes	O
,	O
moins	O
belles	O
et	O
moins	O
recherchées	O
que	O
vous	O
dans	O
le	O
monde	O
;	O
ce	O
qui	O
rendait	O
peut-être	O
cette	O
fantaisie	O
un	O
peu	O
plus	O
explicable	O
de	O
leur	O
part	O
.	O
</p>	O
<p n='FR04741189'>	O
--	O
Assez	O
,	O
mon	B-Rolemisc
oncle	I-Rolemisc
,	O
à	O
le	O
nom	O
de	O
le	O
ciel	O
!	O
dit	O
Joséphine	B-Pers
en	O
joignant	O
les	O
mains	O
.	O
Je	O
comprends	O
bien	O
!	O
</p>	O
<p n='FR04741190'>	O
--	O
Loin	O
de	O
moi	O
,	O
dit	O
le	O
comte	B-Role
,	O
la	O
pensée	O
de	O
vous	O
humilier	O
et	O
de	O
vous	O
blesser	O
,	O
ma	O
chère	O
Joséphine	B-Pers
.	O
Je	O
voulais	O
seulement	O
vous	O
dire	O
(	O
ayez	O
un	O
peu	O
de	O
courage	O
,	O
je	O
serai	O
bref	O
)	O
que	O
les	O
mœurs	O
de	O
Louis	B-Pers
XV	I-Pers
,	O
excusables	O
peut-être	O
dans	O
leur	O
temps	O
,	O
ne	O
sont	O
plus	O
praticables	O
aujourd'hui	O
.	O
Une	O
femme	O
de	O
le	O
monde	O
ne	O
pourrait	O
plus	O
dire	O
,	O
à	O
le	O
point	O
de	O
le	O
jour	O
,	O
à	O
un	O
amant	O
:	O
"	O
Va-	O
t'	O
en	O
,	O
je	O
n'	O
ai	O
plus	O
besoin	O
de	O
toi	O
!	O
"	O
car	O
il	O
n'	O
y	O
a	O
plus	O
de	O
manants	O
.	O
Un	O
palefrenier	B-Role
est	O
un	O
homme	O
;	O
un	O
artisan	B-Role
est	O
un	O
artiste	O
;	O
un	O
paysan	B-Role
est	O
un	O
propriétaire	O
,	O
un	O
citoyen	O
;	O
et	O
aucune	O
femme	O
,	O
fût	O
-elle	O
reine	B-Role
,	O
n'	O
a	O
le	O
pouvoir	O
de	O
persuader	O
à	O
un	O
homme	O
qu'	O
il	O
redevient	O
son	O
inférieur	O
en	O
sortant	O
de	O
ses	O
bras	O
.	O
Vous	O
n'	O
avez	O
donc	O
pas	O
dérogé	O
,	O
ma	B-Rolemisc
chère	I-Rolemisc
nièce	I-Rolemisc
,	O
en	O
choisissant	O
pour	O
votre	O
amant	O
un	O
jeune	O
homme	O
intelligent	O
,	O
né	O
dans	O
les	O
rangs	O
de	O
le	O
peuple	O
.	O
Si	O
vous	O
étiez	O
libre	O
de	O
joindre	O
le	O
don	O
de	O
votre	O
main	O
à	O
celui	O
de	O
votre	O
cœur	O
,	O
je	O
vous	O
dirais	O
de	O
le	O
faire	O
,	O
si	O
cela	O
vous	O
convient	O
;	O
et	O
,	O
à	O
le	O
lieu	O
d'	O
être	O
la	O
marquise	B-Pers
des	I-Pers
Frenays	I-Pers
,	O
vous	O
seriez	O
la	O
Corinthienne	B-Pers
,	O
sans	O
que	O
j'	O
en	O
fusse	O
humilié	O
ou	O
scandalisé	O
le	O
moins	O
de	O
le	O
monde	O
.	O
Mais	O
vous	O
êtes	O
mariée	O
,	O
mon	O
enfant	O
,	O
et	O
votre	B-Rolemisc
mari	I-Rolemisc
est	O
trop	O
malade	O
(	O
je	O
viens	O
encore	O
de	O
recevoir	O
une	O
lettre	O
de	O
son	O
médecin	B-Role
qui	O
ne	O
lui	O
en	O
donne	O
pas	O
pour	O
six	O
mois	O
)	O
,	O
vous	O
touchez	O
de	O
trop	O
près	O
à	O
votre	O
liberté	O
pour	O
qu'	O
il	O
vous	O
soit	O
pardonné	O
de	O
n'	O
avoir	O
pas	O
su	O
attendre	O
.	O
Il	O
est	O
des	O
malheurs	O
de	O
toute	O
la	O
vie	O
où	O
l'	O
erreur	O
de	O
quelques	O
instants	O
est	O
presque	O
inévitable	O
et	O
trouve	O
grâce	O
devant	O
le	O
monde	O
.	O
Dans	O
votre	O
position	O
,	O
vous	O
ne	O
trouveriez	O
aucune	O
indulgence	O
.	O
Voilà	O
pourquoi	O
je	O
vous	O
engage	O
à	O
éloigner	O
de	O
vous	O
le	O
Corinthien	B-Pers
,	O
sauf	O
à	O
le	O
rappeler	O
pour	O
l'	O
épouser	O
après	O
une	O
année	O
de	O
veuvage	O
.	O
</p>	O
<p n='FR04741191'>	O
Cette	O
manière	O
de	O
prendre	O
les	O
choses	O
était	O
si	O
éloignée	O
de	O
ce	O
que	O
Joséphine	B-Pers
attendait	O
de	O
la	O
sévérité	O
de	O
son	B-Rolemisc
oncle	I-Rolemisc
,	O
que	O
la	O
surprise	O
remplaça	O
la	O
consternation	O
.	O
Elle	O
leva	O
les	O
yeux	O
plusieurs	O
fois	O
sur	O
lui	O
pour	O
voir	O
s'	O
il	O
parlait	O
sérieusement	O
,	O
et	O
les	O
baissa	O
aussitôt	O
après	O
s'	O
être	O
rassurée	O
qu'	O
il	O
ne	O
riait	O
pas	O
le	O
moins	O
de	O
le	O
monde	O
.	O
Et	O
pourtant	O
ce	O
n'	O
était	O
qu'	O
un	O
jeu	O
d'	O
esprit	O
,	O
un	O
piège	O
moqueur	O
,	O
le	O
dénouement	O
bouffon	O
d'	O
une	O
comédie	O
sceptique	O
.	O
Le	O
vieux	O
comte	B-Role
savait	O
fort	O
bien	O
quel	O
en	O
serait	O
l'	O
effet	O
,	O
et	O
ne	O
craignait	O
nullement	O
que	O
sa	O
comédie	O
tournât	O
contre	O
lui	O
.	O
Il	O
connaissait	O
Joséphine	B-Pers
beaucoup	O
mieux	O
qu'	O
elle	O
ne	O
se	O
comprenait	O
elle-même	O
.	O
Il	O
rendait	O
les	O
rênes	O
,	O
sachant	O
bien	O
que	O
c'	O
est	O
la	O
seule	O
manière	O
de	O
gouverner	O
un	O
coursier	O
impétueux	O
.	O
</p>	O
</sample>	O
<sample>	O
<p n='FR04741125'>	O
En	O
parlant	O
ainsi	O
,	O
la	B-Pers
Savinienne	I-Pers
se	O
mit	O
à	O
pleurer	O
,	O
ce	O
qui	O
ne	O
lui	O
arrivait	O
pas	O
souvent	O
,	O
à	O
moins	O
qu'	O
elle	O
ne	O
fût	O
seule	O
.	O
</p>	O
<p n='FR04741126'>	O
Yseult	B-Pers
essaya	O
de	O
la	O
consoler	O
,	O
et	O
la	O
conjura	O
de	O
ne	O
rien	O
précipiter	O
.	O
Elle	O
l'	O
engagea	O
à	O
s'	O
établir	O
dans	O
le	O
village	O
,	O
ne	O
fût	O
-ce	O
que	O
pour	O
quelques	O
mois	O
,	O
afin	O
de	O
voir	O
si	O
le	B-Pers
Corinthien	I-Pers
,	O
libre	O
dans	O
son	O
choix	O
et	O
livré	O
à	O
ses	O
réflexions	O
,	O
ne	O
reviendrait	O
pas	O
à	O
l'	O
amour	O
et	O
à	O
le	O
bonheur	O
calme	O
.	O
Yseult	B-Pers
était	O
aussi	O
loin	O
que	O
la	B-Pers
Savinienne	I-Pers
de	O
supposer	O
l'	O
infidélité	O
d'	O
Amaury	B-Pers
.	O
Les	O
amours	O
de	O
la	O
marquise	B-Role
étaient	O
si	O
bien	O
protégés	O
par	O
la	O
découverte	O
de	O
le	O
passage	O
secret	O
,	O
le	B-Pers
Corinthien	I-Pers
avait	O
tant	O
de	O
discrétion	O
et	O
de	O
prudence	O
dans	O
ses	O
relations	O
officielles	O
avec	O
le	O
château	O
,	O
que	O
personne	O
n'	O
en	O
avait	O
le	O
moindre	O
soupçon	O
.	O
</p>	O
<p n='FR04741127'>	O
La	B-Pers
Savinienne	I-Pers
reprit	O
donc	O
courage	O
et	O
se	O
décida	O
à	O
rester	O
.	O
Yseult	B-Pers
la	O
supplia	O
,	O
à	O
le	O
nom	O
de	O
ses	O
enfants	O
,	O
de	O
ne	O
pas	O
avoir	O
avec	O
elle	O
de	O
fierté	O
exagérée	O
,	O
et	O
de	O
garder	O
à	O
le	O
moins	O
sa	O
chambre	O
dans	O
le	O
pavillon	O
de	O
la	O
cour	O
;	O
lui	O
observant	O
qu'	O
elle	O
y	O
travaillerait	O
pour	O
le	O
village	O
en	O
même	O
temps	O
que	O
pour	O
le	O
château	O
,	O
et	O
qu'	O
elle	O
n'	O
y	O
pourrait	O
être	O
considérée	O
en	O
aucune	O
façon	O
comme	O
domestique	B-Role
.	O
La	O
Savinienne	B-Pers
céda	O
,	O
et	O
resta	O
ainsi	O
,	O
pendant	O
le	O
reste	O
de	O
la	O
saison	O
,	O
dans	O
une	O
amitié	O
presque	O
intime	O
avec	O
mademoiselle	B-Pers
de	I-Pers
Villepreux	I-Pers
,	O
qui	O
ne	O
passait	O
pas	O
un	O
jour	O
sans	O
aller	O
causer	O
avec	O
elle	O
une	O
heure	O
ou	O
deux	O
,	O
et	O
qui	O
donnait	O
des	O
leçons	O
d'	O
écriture	O
et	O
de	O
calcul	O
à	O
sa	O
petite	O
Manette	B-Pers
.	O
Cette	O
intimité	O
donna	O
bien	O
plus	O
souvent	O
à	O
Pierre	B-Pers
l'	O
occasion	O
de	O
voir	O
Yseult	B-Pers
,	O
et	O
de	O
se	O
passionner	O
pour	O
cette	O
noble	O
créature	O
.	O
</p>	O
<p n='FR04741128'>	O
Pendant	O
que	O
la	O
Savinienne	B-Pers
résignée	O
travaillait	O
pour	O
ses	B-Rolemisc
enfants	I-Rolemisc
,	O
et	O
retrempait	O
dans	O
l'	O
amitié	O
et	O
le	O
sentiment	O
religieux	O
son	O
cœur	O
vide	O
et	O
désolé	O
,	O
le	O
Corinthien	B-Pers
souffrait	O
de	O
bien	O
grandes	O
tortures	O
.	O
Toujours	O
contraint	O
et	O
humilié	O
de	O
lui-même	O
en	O
présence	O
de	O
cette	B-Role
noble	I-Role
femme	I-Role
,	O
il	O
allait	O
s'	O
étourdir	O
sur	O
ses	O
remords	O
auprès	O
de	O
la	O
marquise	B-Role
;	O
mais	O
il	O
n'	O
y	O
trouvait	O
plus	O
le	O
même	O
bonheur	O
.	O
Une	O
tristesse	O
profonde	O
,	O
une	O
inquiétude	O
incessante	O
s'	O
étaient	O
emparées	O
de	O
Joséphine	B-Pers
.	O
Il	O
semblait	O
à	O
le	O
Corinthien	B-Pers
qu'	O
elle	O
lui	O
cachât	O
quelque	O
secret	O
.	O
La	O
crainte	O
de	O
le	O
monde	O
régnait	O
sur	O
elle	O
,	O
malgré	O
toutes	O
les	O
malédictions	O
qu'	O
elle	O
lui	O
adressait	O
tout	O
bas	O
,	O
et	O
toutes	O
les	O
vengeances	O
qu'	O
elle	O
croyait	O
tirer	O
de	O
lui	O
dans	O
ses	O
plaisirs	O
cachés	O
avec	O
l'	O
homme	O
de	O
le	O
peuple	O
.	O
Mais	O
,	O
à	O
le	O
moindre	O
bruit	O
qui	O
se	O
faisait	O
entendre	O
,	O
elle	O
avait	O
dans	O
les	O
bras	O
d'	O
Amaury	B-Pers
des	O
tressaillements	O
ou	O
des	O
défaillances	O
qui	O
trahissaient	O
la	O
honte	O
et	O
la	O
peur	O
.	O
Il	O
s'	O
en	O
indignait	O
parfois	O
,	O
et	O
d'	O
autres	O
fois	O
il	O
les	O
excusait	O
;	O
mais	O
,	O
à	O
le	O
fond	O
,	O
il	O
eût	O
désiré	O
plus	O
d'	O
audace	O
et	O
de	O
confiance	O
à	O
cette	O
maîtresse	O
fougueuse	O
dans	O
le	O
plaisir	O
,	O
lâche	O
dans	O
la	O
réflexion	O
.	O
En	O
présence	O
de	O
ses	O
craintes	O
,	O
le	O
Corinthien	B-Pers
sentait	O
amollir	O
sa	O
fierté	O
,	O
et	O
se	O
résignait	O
à	O
de	O
grands	O
sacrifices	O
.	O
Pour	O
écarter	O
les	O
soupçons	O
que	O
son	O
changement	O
de	O
caractère	O
eût	O
pu	O
faire	O
naître	O
,	O
la	O
marquise	B-Role
voulait	O
voir	O
le	O
monde	O
de	O
temps	O
en	O
temps	O
;	O
et	O
,	O
malgré	O
les	O
humiliations	O
qu'	O
elle	O
y	O
avait	O
subies	O
,	O
elle	O
ne	O
perdait	O
pas	O
une	O
occasion	O
de	O
s'	O
y	O
rattacher	O
.	O
Sa	O
coquetterie	O
et	O
sa	O
frivolité	O
renaissaient	O
chaque	O
jour	O
de	O
leurs	O
cendres	O
.	O
Le	O
Corinthien	B-Pers
avait	O
de	O
grands	O
emportements	O
de	O
colère	O
et	O
de	O
tendresse	O
;	O
et	O
,	O
dans	O
ces	O
luttes	O
,	O
il	O
lui	O
semblait	O
qu'	O
à	O
le	O
lieu	O
de	O
se	O
ranimer	O
son	O
cœur	O
se	O
lassait	O
et	O
tendait	O
à	O
s'	O
endurcir	O
.	O
Son	O
caractère	O
s'	O
aigrissait	O
;	O
il	O
fuyait	O
Pierre	B-Pers
,	O
résistait	O
à	O
le	O
père	B-Pers
Huguenin	I-Pers
,	O
et	O
méprisait	O
presque	O
les	O
autres	O
compagnons	O
.	O
Les	O
dures	O
habitudes	O
de	O
la	O
pauvreté	O
commençaient	O
à	O
lui	O
peser	O
;	O
il	O
n'	O
avait	O
plus	O
de	O
plaisir	O
à	O
sculpter	O
sa	O
boiserie	O
,	O
aspirant	O
avec	O
anxiété	O
à	O
tailler	O
dans	O
le	O
marbre	O
et	O
à	O
voir	O
des	O
modèles	O
.	O
La	O
bonne	O
Savinienne	B-Pers
remarquait	O
avec	O
douleur	O
qu'	O
il	O
prenait	O
des	O
goûts	O
de	O
toilette	O
et	O
des	O
habitudes	O
de	O
nonchalance	O
.	O
</p>	O
</sample>	O
<sample>	O
<p n='FR04741052'>	O
--	O
Je	O
vais	O
vous	O
conduire	O
,	O
car	O
les	O
chiens	O
pourraient	O
effrayer	O
vos	O
enfants	O
.	O
</p>	O
<p n='FR04741053'>	O
--	O
On	O
m'	O
avait	O
bien	O
dit	O
,	O
répliqua	O
la	O
voyageuse	O
,	O
que	O
je	O
trouverais	O
ici	O
de	O
braves	O
gens	O
,	O
et	O
le	O
proverbe	O
a	O
raison	O
:	O
Tel	O
maître	O
,	O
tel	O
serviteur	O
;	O
car	O
,	O
soit	O
dit	O
sans	O
vous	O
offenser	O
,	O
vous	O
devez	O
être	O
de	O
la	O
maison	O
.	O
</p>	O
<p n='FR04741054'>	O
--	O
J'	O
en	O
suis	O
tout	O
à	O
fait	O
,	O
répondit	O
Yseult	B-Pers
en	O
riant	O
.	O
</p>	O
<p n='FR04741055'>	O
--	O
Et	O
depuis	O
longtemps	O
,	O
sans	O
doute	O
?	O
</p>	O
<p n='FR04741056'>	O
--	O
Depuis	O
que	O
je	O
suis	O
à	O
le	O
monde	O
.	O
</p>	O
<p n='FR04741057'>	O
Les	O
enfants	O
n'	O
eurent	O
pas	O
plutôt	O
aperçu	O
les	O
beaux	O
arbres	O
et	O
le	O
vert	O
gazon	O
de	O
le	O
parc	O
,	O
qu'	O
ils	O
oublièrent	O
leur	O
fatigue	O
,	O
sautèrent	O
à	O
bas	O
de	O
leur	O
âne	O
,	O
et	O
se	O
mirent	O
à	O
courir	O
joyeusement	O
,	O
tandis	O
que	O
l'	O
âne	O
,	O
profitant	O
de	O
l'	O
occasion	O
,	O
attrapait	O
de	O
temps	O
en	O
temps	O
,	O
à	O
la	O
dérobée	O
,	O
un	O
rameau	O
de	O
verdure	O
le	O
long	O
des	O
charmilles	O
.	O
</p>	O
<p n='FR04741058'>	O
--	O
Vous	O
avez	O
là	O
de	O
bien	O
beaux	O
enfants	O
,	O
dit	O
Yseult	B-Pers
en	O
embrassant	O
la	O
petite	O
fille	O
,	O
et	O
en	O
prenant	O
le	O
petit	O
garçon	O
dans	O
ses	O
bras	O
pour	O
lui	O
faire	O
cueillir	O
des	O
pommes	O
sur	O
un	O
pommier	O
.	O
</p>	O
<p n='FR04741059'>	O
--	O
De	O
pauvres	O
enfants	O
sans	O
père	B-Rolemisc
!	O
répondit	O
la	O
femme	O
de	O
le	O
peuple	O
.	O
J'	O
ai	O
perdu	O
mon	B-Rolemisc
bon	I-Rolemisc
mari	I-Rolemisc
le	O
printemps	O
dernier	O
.	O
</p>	O
<p n='FR04741060'>	O
--	O
Vous	O
a	O
-t-il	O
à	O
le	O
moins	O
laissé	O
un	O
peu	O
de	O
bien	O
?	O
</p>	O
<p n='FR04741061'>	O
--	O
Rien	O
de	O
le	O
tout	O
,	O
et	O
certes	O
ce	O
n'	O
est	O
pas	O
sa	O
faute	O
:	O
ce	O
n'	O
est	O
pas	O
le	O
cœur	O
qui	O
lui	O
a	O
manqué	O
!	O
</p>	O
<p n='FR04741062'>	O
--	O
Et	O
venez	O
-vous	O
de	O
bien	O
loin	O
,	O
comme	O
cela	O
,	O
à	O
pied	O
?	O
</p>	O
<p n='FR04741063'>	O
--	O
Je	O
suis	O
venue	O
en	O
patache	O
jusqu'à	O
la	O
ville	O
voisine	O
.	O
Là	O
on	O
m'	O
a	O
dit	O
qu'	O
il	O
fallait	O
prendre	O
la	O
traverse	O
.	O
On	O
m'	O
a	O
indiqué	O
assez	O
bien	O
le	O
chemin	O
,	O
et	O
on	O
m'	O
a	O
loué	O
ce	O
pauvre	O
âne	O
pour	O
porter	O
mes	O
petits	O
.	O
</p>	O
<p n='FR04741064'>	O
--	O
Et	O
quel	O
est	O
le	O
but	O
de	O
votre	O
voyage	O
?	O
</p>	O
<p n='FR04741065'>	O
--	O
Je	O
m'	O
arrête	O
ici	O
,	O
ma	B-Rolemisc
chère	I-Rolemisc
demoiselle	I-Rolemisc
,	O
j'	O
y	O
viens	O
passer	O
quelque	O
temps	O
.	O
</p>	O
<p n='FR04741066'>	O
--	O
Avez	O
-vous	O
des	O
parents	O
dans	O
notre	O
bourg	O
?	O
</p>	O
<p n='FR04741067'>	O
--	O
J'	O
y	O
ai	O
des	O
amis	O
...	O
c'	O
est-à-dire	O
,	O
ajouta	O
la	O
voyageuse	O
,	O
comme	O
si	O
elle	O
eût	O
craint	O
de	O
ne	O
pas	O
s'	O
exprimer	O
avec	O
assez	O
de	O
réserve	O
,	O
des	O
amis	O
de	O
mon	B-Rolemisc
défunt	I-Rolemisc
mari	I-Rolemisc
qui	O
m'	O
ont	O
écrit	O
que	O
je	O
pourrais	O
m'	O
occuper	O
,	O
et	O
qui	O
m'	O
ont	O
promis	O
de	O
me	O
chercher	O
de	O
la	O
clientèle	O
.	O
</p>	O
<p n='FR04741068'>	O
--	O
Que	O
savez	O
-vous	O
faire	O
?	O
</p>	O
<p n='FR04741069'>	O
--	O
Coudre	O
,	O
blanchir	O
et	O
repasser	O
le	O
linge	O
fin	O
.	O
</p>	O
<p n='FR04741070'>	O
--	O
C'	O
est	O
à	O
merveille	O
.	O
Il	O
n'	O
y	O
a	O
pas	O
de	O
lingère	O
ici	O
.	O
Vous	O
aurez	O
la	O
pratique	O
de	O
le	O
château	O
,	O
et	O
ce	O
sera	O
de	O
quoi	O
vous	O
occuper	O
toute	O
l'	O
année	O
.	O
</p>	O
<p n='FR04741071'>	O
--	O
Vous	O
me	O
la	O
ferez	O
avoir	O
?	O
</p>	O
<p n='FR04741072'>	O
--	O
Je	O
vous	O
la	O
promets	O
!	O
</p>	O
<p n='FR04741073'>	O
--	O
C'	O
est	O
le	O
bon	O
Dieu	B-Pers
qui	O
m'	O
a	O
fait	O
vous	O
rencontrer	O
.	O
Je	O
ne	O
suis	O
pas	O
intéressée	O
;	O
mais	O
,	O
voyez	O
-vous	O
,	O
je	O
n'	O
ai	O
que	O
mon	O
travail	O
pour	O
nourrir	O
ces	O
enfants-là	O
.	O
</p>	O
</sample>	O
<sample>	O
<p n='FR0474609'>	O
Il	O
y	O
eut	O
un	O
instant	O
de	O
répit	O
dans	O
le	O
tapage	O
qu'	O
il	O
faisait	O
.	O
Il	O
s'	O
agissait	O
de	O
mesurer	O
un	O
morceau	O
qui	O
manquait	O
en	O
haut	O
,	O
dans	O
la	O
plinthe	O
.	O
En	O
ce	O
moment	O
Pierre	B-Pers
faisait	O
face	O
à	O
le	O
cabinet	O
.	O
Il	O
était	O
sur	O
le	O
palier	O
,	O
et	O
il	O
se	O
sentait	O
moins	O
timide	O
.	O
Il	O
eut	O
la	O
curiosité	O
de	O
regarder	O
mademoiselle	B-Pers
de	I-Pers
Villepreux	I-Pers
,	O
comptant	O
bien	O
qu'	O
elle	O
ne	O
s'	O
en	O
apercevrait	O
pas	O
.	O
Elle	O
lui	O
tournait	O
le	O
dos	O
;	O
mais	O
il	O
voyait	O
sa	O
taille	O
frêle	O
et	O
gracieuse	O
,	O
et	O
ses	O
magnifiques	O
cheveux	O
noirs	O
dont	O
elle	O
était	O
si	O
peu	O
vaine	O
qu'	O
elle	O
les	O
portait	O
en	O
torsade	O
serrée	O
,	O
quoiqu'à	O
cette	O
époque	O
les	O
femmes	O
eussent	O
adopté	O
la	O
mode	O
des	O
coques	O
crêpées	O
,	O
orgueilleuses	O
et	O
menaçantes	O
.	O
Il	O
y	O
a	O
dans	O
l'	O
absence	O
de	O
coquetterie	O
quelque	O
chose	O
de	O
touchant	O
,	O
que	O
Pierre	B-Pers
avait	O
trop	O
de	O
délicatesse	O
d'	O
esprit	O
pour	O
ne	O
pas	O
remarquer	O
;	O
et	O
il	O
le	O
remarqua	O
assez	O
longtemps	O
pour	O
que	O
mademoiselle	B-Pers
de	I-Pers
Villepreux	I-Pers
fût	O
tirée	O
de	O
sa	O
préoccupation	O
par	O
ce	O
silence	O
,	O
ainsi	O
qu'	O
il	O
arrive	O
lorsqu'on	O
s'	O
endort	O
dans	O
le	O
bruit	O
et	O
qu'	O
on	O
s'	O
éveille	O
si	O
le	O
bruit	O
cesse	O
.	O
</p>	O
<p n='FR0474610'>	O
--	O
Vous	O
regardez	O
cette	O
crédence	O
?	O
lui	O
dit	O
-elle	O
avec	O
le	O
plus	O
parfait	O
naturel	O
et	O
sans	O
que	O
l'	O
idée	O
lui	O
vînt	O
de	O
se	O
croire	O
l'	O
objet	O
d'	O
une	O
telle	O
attention	O
.	O
</p>	O
<p n='FR0474611'>	O
Pierre	B-Pers
se	O
troubla	O
,	O
rougit	O
,	O
balbutia	O
,	O
et	O
voulant	O
répondre	O
oui	O
,	O
répondit	O
non	O
.	O
</p>	O
<p n='FR0474612'>	O
--	O
Eh	O
bien	O
!	O
regardez	O
-la	O
de	O
plus	O
près	O
,	O
dit	O
Yseult	B-Pers
,	O
qui	O
n'	O
avait	O
pas	O
écouté	O
sa	O
réponse	O
,	O
et	O
qui	O
s'	O
était	O
remise	O
à	O
ranger	O
ses	O
papiers	O
.	O
N'	O
est	O
-ce	O
pas	O
qu'	O
elle	O
est	O
belle	O
?	O
</p>	O
<p n='FR0474613'>	O
--	O
Cette	O
vierge	O
de	O
Raphaël	B-Pers
?	O
dit	O
Pierre	B-Pers
tout	O
hors	O
de	O
lui	O
et	O
sans	O
songer	O
à	O
ce	O
qu'	O
il	O
disait	O
:	O
oh	O
oui	O
!	O
elle	O
est	O
bien	O
belle	O
!	O
</p>	O
<p n='FR0474614'>	O
Yseult	B-Pers
,	O
surprise	O
de	O
ce	O
que	O
la	O
gravure	O
occupait	O
le	O
menuisier	O
plus	O
que	O
la	O
crédence	O
,	O
leva	O
les	O
yeux	O
sur	O
lui	O
,	O
et	O
vit	O
son	O
émotion	O
,	O
mais	O
sans	O
la	O
comprendre	O
.	O
Elle	O
l'	O
attribua	O
à	O
cette	O
timidité	O
qu'	O
elle	O
avait	O
déjà	O
remarquée	O
en	O
lui	O
;	O
et	O
,	O
par	O
une	O
habitude	O
de	O
bonté	O
affable	O
que	O
son	B-Rolemisc
grand-père	I-Rolemisc
lui	O
avait	O
inculquée	O
,	O
elle	O
désira	O
de	O
le	O
rassurer	O
.	O
--	O
Vous	O
aimez	O
les	O
gravures	O
?	O
lui	O
dit	O
-elle	O
.	O
</p>	O
<p n='FR0474615'>	O
--	O
J'	O
aime	O
beaucoup	O
celle-ci	O
,	O
dit	O
Pierre	B-Pers
.	O
Si	O
mon	O
compagnon	O
la	O
voyait	O
,	O
il	O
serait	O
bien	O
heureux	O
.	O
</p>	O
<p n='FR0474616'>	O
--	O
Voulez	O
-vous	O
que	O
je	O
vous	O
la	O
prête	O
pour	O
la	O
lui	O
montrer	O
?	O
dit	O
Yseult	B-Pers
.	O
Emportez	O
-la	O
.	O
</p>	O
<p n='FR0474617'>	O
--	O
Je	O
n'	O
oserai	O
pas	O
me	O
permettre	O
...	O
,	O
balbutia	O
Pierre	B-Pers
tout	O
interdit	O
de	O
cette	O
bonté	O
familière	O
à	O
laquelle	O
il	O
ne	O
s'	O
attendait	O
pas	O
.	O
</p>	O
<p n='FR0474618'>	O
--	O
Si	O
!	O
si	O
!	O
décrochez	O
-la	O
,	O
dit	O
Yseult	B-Pers
en	O
se	O
levant	O
.	O
Elle	O
décrocha	O
elle-même	O
la	O
gravure	O
pour	O
la	O
lui	O
remettre	O
.	O
Vous	O
sauriez	O
bien	O
copier	O
ce	O
cadre	O
?	O
ajouta	O
-t-elle	O
en	O
lui	O
faisant	O
remarquer	O
le	O
cadre	O
de	O
bois	O
sculpté	O
de	O
la	O
madone	O
.	O
</p>	O
<p n='FR0474619'>	O
--	O
C'	O
est	O
de	O
l'	O
ébénisterie	O
,	O
répondit	O
-il	O
,	O
et	O
pourtant	O
je	O
crois	O
que	O
je	O
pourrais	O
en	O
faire	O
un	O
semblable	O
.	O
</p>	O
</sample>	O
<sample>	O
<p n='FR04741277'>	O
--	O
Tu	O
n'	O
oses	O
achever	O
.	O
Eh	O
bien	O
,	O
il	O
est	O
possible	O
que	O
tu	O
n'	O
en	O
sois	O
pas	O
amoureux	O
,	O
je	O
ne	O
te	O
souhaite	O
pas	O
un	O
pareil	O
malheur	O
;	O
mais	O
tu	O
l'	O
adores	O
,	O
et	O
tu	O
te	O
trouves	O
heureux	O
d'	O
être	O
l'	O
esclave	O
conquis	O
et	O
enchaîné	O
de	O
cette	O
dame	O
romaine	O
...	O
</p>	O
<p n='FR04741278'>	O
Cette	O
conversation	O
fut	O
interrompue	O
par	O
un	O
domestique	B-Role
qui	O
vint	O
,	O
de	O
le	O
côté	O
de	O
le	O
parc	O
,	O
dire	O
à	O
le	O
Corinthien	B-Pers
que	O
le	O
comte	B-Role
désirait	O
lui	O
parler	O
.	O
Le	B-Pers
Corinthien	I-Pers
se	O
rendit	O
à	O
cet	O
ordre	O
,	O
bien	O
éloigné	O
de	O
pressentir	O
l'	O
importance	O
de	O
l'	O
entrevue	O
qu'	O
on	O
lui	O
demandait	O
.	O
</p>	O
<p n='FR04741279'>	O
Pierre	B-Pers
resta	O
quelques	O
instants	O
absorbé	O
et	O
troublé	O
des	O
insinuations	O
hardies	O
que	O
son	O
ami	O
venait	O
de	O
faire	O
.	O
Puis	O
,	O
en	O
songeant	O
que	O
l'	O
heure	O
de	O
la	O
retraite	O
était	O
sonnée	O
dans	O
le	O
château	O
,	O
et	O
que	O
peut-être	O
mademoiselle	B-Pers
de	I-Pers
Villepreux	I-Pers
allait	O
descendre	O
dans	O
son	O
cabinet	O
d'	O
étude	O
,	O
comme	O
cela	O
lui	O
arrivait	O
souvent	O
de	O
onze	O
heures	O
à	O
minuit	O
,	O
il	O
se	O
mit	O
à	O
ramasser	O
et	O
à	O
ressembler	O
ses	O
outils	O
pour	O
s'	O
en	O
aller	O
,	O
fidèle	O
à	O
le	O
respect	O
qu'	O
il	O
lui	O
avait	O
juré	O
dans	O
son	O
âme	O
.	O
Mais	O
,	O
à	O
le	O
moment	O
où	O
il	O
se	O
baissait	O
pour	O
prendre	O
le	O
sac	O
de	O
cuir	O
où	O
étaient	O
ses	O
instruments	O
de	O
travail	O
,	O
il	O
sentit	O
une	O
main	O
se	O
poser	O
doucement	O
sur	O
son	O
épaule	O
,	O
et	O
,	O
en	O
relevant	O
la	O
tête	O
,	O
il	O
vit	O
mademoiselle	B-Pers
de	I-Pers
Villepreux	I-Pers
rayonnante	O
d'	O
une	O
beauté	O
qu'	O
elle	O
n'	O
avait	O
jamais	O
eue	O
avant	O
ce	O
jour-là	O
.	O
Toute	O
son	O
âme	O
était	O
dans	O
ses	O
yeux	O
,	O
et	O
cette	O
force	O
qu'	O
elle	O
comprimait	O
toujours	O
à	O
le	O
fond	O
d'	O
elle-même	O
éclatait	O
en	O
elle	O
à	O
cette	O
heure	O
,	O
sans	O
qu'	O
elle	O
cherchât	O
à	O
la	O
reprendre	O
.	O
C'	O
était	O
comme	O
une	O
transfiguration	O
divine	O
qui	O
s'	O
était	O
opérée	O
dans	O
tout	O
son	O
être	O
.	O
Pierre	B-Pers
l'	O
avait	O
vue	O
souvent	O
exaltée	O
,	O
mais	O
toujours	O
un	O
peu	O
mystérieuse	O
,	O
et	O
,	O
dans	O
tout	O
ce	O
qui	O
avait	O
rapport	O
à	O
leur	O
amitié	O
,	O
s'	O
exprimant	O
par	O
énigmes	O
ou	O
par	O
réticences	O
.	O
Il	O
la	O
vit	O
en	O
cet	O
instant	O
comme	O
une	O
pythie	O
prête	O
à	O
répandre	O
ses	O
oracles	O
,	O
et	O
,	O
transporté	O
lui-même	O
d'	O
une	O
confiance	O
et	O
d'	O
une	O
force	O
inconnue	O
,	O
pour	O
la	O
première	O
fois	O
de	O
sa	O
vie	O
il	O
prit	O
la	O
main	O
d'	O
Yseult	B-Pers
dans	O
la	O
sienne	O
.	O
</p>	O
<p n='FR04741280'>	O
--	O
Mon	O
escalier	O
est	O
fini	O
,	O
lui	O
dit	O
-il	O
;	O
c'	O
est	O
vous	O
qui	O
,	O
la	O
première	O
,	O
poserez	O
votre	O
main	O
sur	O
cette	O
rampe	O
.	O
</p>	O
<p n='FR04741281'>	O
--	O
Ne	O
parlez	O
pas	O
si	O
haut	O
,	O
Pierre	B-Pers
,	O
lui	O
dit	O
-elle	O
.	O
Pour	O
la	O
première	O
et	O
la	O
dernière	O
fois	O
de	O
ma	O
vie	O
,	O
j'	O
ai	O
un	O
secret	O
à	O
vous	O
dire	O
;	O
un	O
secret	O
qui	O
demain	O
n'	O
en	O
sera	O
plus	O
un	O
.	O
Venez	O
!	O
</p>	O
<p n='FR04741282'>	O
Elle	O
l'	O
attira	O
dans	O
son	O
cabinet	O
,	O
dont	O
elle	O
referma	O
la	O
porte	O
avec	O
soin	O
;	O
puis	O
elle	O
parla	O
ainsi	O
:	O
</p>	O
<p n='FR04741283'>	O
--	O
Pierre	B-Pers
,	O
je	O
ne	O
vous	O
demande	O
pas	O
,	O
comme	O
le	O
Corinthien	B-Pers
faisait	O
tout	O
à	O
l'	O
heure	O
,	O
si	O
vous	O
êtes	O
amoureux	O
de	O
moi	O
.	O
Entre	O
nous	O
deux	O
,	O
ce	O
mot	O
me	O
paraît	O
insuffisant	O
et	O
puéril	O
.	O
Je	O
ne	O
suis	O
pas	O
belle	O
,	O
tout	O
le	O
monde	O
le	O
sait	O
;	O
je	O
ne	O
sais	O
pas	O
si	O
vous	O
êtes	O
beau	O
,	O
quoique	O
tout	O
le	O
monde	O
le	O
dise	O
.	O
Je	O
n'	O
ai	O
jamais	O
cherché	O
dans	O
vos	O
yeux	O
que	O
votre	O
âme	O
,	O
et	O
la	O
beauté	O
morale	O
est	O
la	O
seule	O
qui	O
puisse	O
me	O
fasciner	O
.	O
Mais	O
je	O
viens	O
vous	O
demander	O
,	O
devant	O
Dieu	B-Pers
,	O
qui	O
nous	O
voit	O
et	O
nous	O
entend	O
,	O
si	O
vous	O
m'	O
aimez	O
comme	O
je	O
vous	O
aime	O
.	O
</p>	O
</sample>	O
</samples>	O

