Word	Tag
<?xml version='1.0' encoding='UTF-8'?>	O
<samples n='FR0409'>	O
<sample>	O
<p n='FR0409549'>	O
--	O
Mon	O
mémoire	O
!	O
s'	O
écria	O
-t-il	O
;	O
mais	O
il	O
est	O
de	O
plus	O
de	O
quatre	O
mille	O
francs	O
.	O
</p>	O
<p n='FR0409550'>	O
--	O
Eh	O
bien	O
!	O
</p>	O
<p n='FR0409551'>	O
--	O
Et	O
c'	O
est	O
vous-même	O
qui	O
l'	O
avez	O
réduit	O
à	O
ce	O
chiffre	O
en	O
me	O
rognant	O
sur	O
tout	O
.	O
Ah	O
!	O
monsieur	B-Pers
Kalbris	I-Pers
!	O
</p>	O
<p n='FR0409552'>	O
--	O
Vous	O
ne	O
voulez	O
pas	O
de	O
ces	O
trois	O
mille	O
francs	O
?	O
Mes	O
remerciements	O
,	O
mon	O
cher	O
,	O
ils	O
me	O
rendront	O
service	O
:	O
ce	O
que	O
j'	O
en	O
faisais	O
,	O
c'	O
était	O
pour	O
vous	O
obliger	O
.	O
</p>	O
<p n='FR0409553'>	O
Rafarin	B-Pers
recommença	O
ses	O
explications	O
,	O
ses	O
supplications	O
;	O
puis	O
enfin	O
,	O
voyant	O
l'	O
impassibilité	O
de	O
mon	B-Rolemisc
oncle	I-Rolemisc
,	O
il	O
prit	O
le	O
mémoire	O
et	O
l'	O
acquittant	O
:	O
</p>	O
<p n='FR0409554'>	O
--	O
Les	O
billets	O
!	O
dit	O
-il	O
d'	O
une	O
voix	O
sourde	O
.	O
</p>	O
<p n='FR0409555'>	O
--	O
Voilà	O
,	O
répondit	O
mon	B-Rolemisc
oncle	I-Rolemisc
.	O
</p>	O
<p n='FR0409556'>	O
Alors	O
le	O
maître	B-Role
maçon	I-Role
se	O
levant	O
et	O
posant	O
son	O
chapeau	O
sur	O
sa	O
tête	O
:	O
</p>	O
<p n='FR0409557'>	O
--	O
Monsieur	B-Pers
Kalbris	I-Pers
,	O
dit	O
-il	O
,	O
j'	O
aime	O
mieux	O
une	O
pauvreté	O
comme	O
la	O
mienne	O
qu'	O
une	O
richesse	O
comme	O
la	O
vôtre	O
.	O
</p>	O
<p n='FR0409558'>	O
Mon	B-Rolemisc
oncle	I-Rolemisc
pâlit	O
et	O
je	O
vis	O
ses	O
lèvres	O
frémir	O
;	O
mais	O
il	O
se	O
remit	O
aussitôt	O
et	O
d'	O
une	O
voix	O
presque	O
riante	O
:	O
</p>	O
<p n='FR0409559'>	O
--	O
Affaire	O
de	O
goût	O
,	O
fit	O
-il	O
.	O
</p>	O
<p n='FR0409560'>	O
Puis	O
,	O
toujours	O
souriant	O
,	O
il	O
conduisit	O
Rafarin	B-Pers
jusqu'à	O
la	O
porte	O
exactement	O
comme	O
il	O
eût	O
fait	O
pour	O
un	O
ami	O
.	O
</p>	O
<p n='FR0409561'>	O
À	O
peine	O
l'	O
eut	O
-il	O
poussée	O
sur	O
le	O
dos	O
de	O
le	O
maître	B-Role
maçon	I-Role
que	O
l'	O
expression	O
de	O
son	O
visage	O
changea	O
,	O
et	O
avant	O
d'	O
avoir	O
pu	O
me	O
demander	O
ce	O
qui	O
allait	O
se	O
passer	O
,	O
je	O
reçus	O
un	O
terrible	O
soufflet	O
qui	O
m'	O
enleva	O
de	O
ma	O
chaise	O
et	O
me	O
jeta	O
à	O
terre	O
.	O
</p>	O
<p n='FR0409562'>	O
--	O
Maintenant	O
à	O
nous	O
deux	O
,	O
dit	O
-il	O
.	O
Je	O
suis	O
sûr	O
que	O
tu	O
as	O
parlé	O
de	O
cet	O
argent	O
,	O
sachant	O
bien	O
ce	O
que	O
tu	O
faisais	O
,	O
mauvais	O
garnement	O
.	O
</p>	O
<p n='FR0409563'>	O
Le	O
coup	O
m'	O
avait	O
fait	O
cruellement	O
mal	O
,	O
il	O
ne	O
m'	O
avait	O
pas	O
étourdi	O
;	O
je	O
ne	O
pensais	O
qu'	O
à	O
me	O
venger	O
.	O
</p>	O
<p n='FR0409564'>	O
--	O
C'	O
est	O
vrai	O
,	O
dis	O
-je	O
.	O
</p>	O
<p n='FR0409565'>	O
Il	O
voulut	O
s'	O
élancer	O
sur	O
moi	O
;	O
mais	O
j'	O
avais	O
prévu	O
cette	O
nouvelle	O
attaque	O
;	O
je	O
me	O
jetai	O
à	O
terre	O
,	O
et	O
,	O
passant	O
sous	O
la	O
table	O
,	O
je	O
la	O
mis	O
entre	O
nous	O
deux	O
.	O
</p>	O
<p n='FR0409566'>	O
En	O
voyant	O
que	O
je	O
lui	O
échappais	O
,	O
sa	O
fureur	O
s'	O
exaspéra	O
encore	O
,	O
il	O
saisit	O
un	O
gros	O
Code	B-Fac
in	I-Fac
-4	I-Fac
°	I-Fac
qu'	O
on	O
appelait	O
un	O
Paillet	B-Fac
,	O
et	O
me	O
le	O
lança	O
si	O
rudement	O
que	O
j'	O
allai	O
rouler	O
à	O
terre	O
.	O
</p>	O
<p n='FR0409567'>	O
Dans	O
ma	O
chute	O
,	O
ma	O
tête	O
porta	O
contre	O
un	O
angle	O
,	O
je	O
ressentis	O
comme	O
un	O
engourdissement	O
général	O
et	O
ne	O
pus	O
pas	O
me	O
relever	O
tout	O
de	O
suite	O
.	O
</p>	O
<p n='FR0409568'>	O
Je	O
fus	O
obligé	O
de	O
me	O
soutenir	O
à	O
la	O
muraille	O
;	O
j'	O
étais	O
inondé	O
de	O
sang	O
,	O
et	O
mon	B-Rolemisc
oncle	I-Rolemisc
me	O
regardait	O
sans	O
faire	O
un	O
mouvement	O
pour	O
me	O
secourir	O
.	O
</p>	O
<p n='FR0409569'>	O
--	O
Va	O
te	O
laver	O
,	O
mauvais	O
gueux	O
,	O
dit	O
-il	O
,	O
et	O
souviens	O
-toi	O
de	O
ce	O
que	O
tu	O
as	O
gagné	O
à	O
te	O
mêler	O
de	O
mes	O
affaires	O
;	O
si	O
tu	O
recommences	O
jamais	O
,	O
je	O
te	O
tue	O
.	O
</p>	O
<p n='FR0409570'>	O
--	O
Je	O
veux	O
m'	O
en	O
aller	O
.	O
</p>	O
<p n='FR0409571'>	O
--	O
Où	O
ça	O
?	O
</p>	O
<p n='FR0409572'>	O
--	O
Chez	O
maman	B-Rolemisc
.	O
</p>	O
<p n='FR0409573'>	O
--	O
Vraiment	O
!	O
Eh	O
bien	O
,	O
tu	O
ne	O
t'	O
en	O
iras	O
pas	O
,	O
attendu	O
que	O
tu	O
m'	O
appartiens	O
pour	O
cinq	O
ans	O
et	O
que	O
je	O
veux	O
te	O
garder	O
.	O
Je	O
veux	O
aller	O
chez	O
maman	B-Rolemisc
,	O
maman	B-Rolemisc
,	O
maman	B-Rolemisc
:	O
grand	O
niais	O
!	O
</p>	O
</sample>	O
<sample>	O
<p n='FR04091647'>	O
On	O
ne	O
pompait	O
plus	O
,	O
mais	O
le	O
mouvement	O
sur	O
le	O
pont	O
n'	O
avait	O
pas	O
cessé	O
;	O
les	O
pas	O
étaient	O
plus	O
précipités	O
;	O
on	O
travaillait	O
évidemment	O
avec	O
activité	O
.	O
À	O
quoi	O
?	O
je	O
ne	O
pouvais	O
le	O
deviner	O
.	O
</p>	O
<p n='FR04091648'>	O
Il	O
y	O
avait	O
des	O
roulements	O
sourds	O
comme	O
si	O
l'	O
on	O
*	O
*	O
traînait	O
quelque	O
chose	O
de	O
très	O
lourd	O
,	O
une	O
grande	O
caisse	O
,	O
une	O
embarcation	O
.	O
Pourquoi	O
?	O
Qu'	O
est	O
-ce	O
que	O
cela	O
voulait	O
dire	O
?	O
</p>	O
<p n='FR04091649'>	O
Je	O
n'	O
avais	O
ni	O
le	O
temps	O
de	O
le	O
chercher	O
,	O
ni	O
le	O
temps	O
d'	O
écouter	O
;	O
je	O
me	O
remis	O
à	O
le	O
travail	O
.	O
</p>	O
<p n='FR04091650'>	O
Mon	O
couteau	O
ne	O
coupait	O
plus	O
,	O
et	O
j'	O
entamais	O
encore	O
moins	O
facilement	O
le	O
bois	O
autour	O
de	O
cette	O
seconde	O
serrure	O
qu'	O
autour	O
de	O
la	O
première	O
.	O
J'	O
y	O
employais	O
pourtant	O
toute	O
ma	O
force	O
,	O
toute	O
mon	O
énergie	O
;	O
mais	O
par	O
instants	O
mon	O
bras	O
s'	O
engourdissait	O
,	O
j'	O
avais	O
les	O
reins	O
brisés	O
par	O
la	O
gênante	O
position	O
dans	O
laquelle	O
je	O
me	O
tenais	O
,	O
et	O
j'	O
étais	O
forcé	O
de	O
m'	O
arrêter	O
un	O
peu	O
.	O
</p>	O
<p n='FR04091651'>	O
Alors	O
j'	O
entendais	O
le	O
souffle	O
de	O
l'	O
ouragan	O
,	O
le	O
choc	O
des	O
vagues	O
,	O
les	O
gémissements	O
de	O
le	O
navire	O
qui	O
craquait	O
.	O
</p>	O
<p n='FR04091652'>	O
Certainement	O
mon	O
travail	O
dura	O
plus	O
d'	O
une	O
demi-heure	O
.	O
Combien	O
elle	O
parut	O
longue	O
pour	O
moi	O
,	O
vous	O
ne	O
pouvez	O
le	O
sentir	O
.	O
Enfin	O
la	O
seconde	O
serrure	O
comme	O
la	O
première	O
fut	O
ébranlée	O
.	O
</p>	O
<p n='FR04091653'>	O
Je	O
me	O
mis	O
à	O
genoux	O
et	O
,	O
m'	O
arc-boutant	O
sur	O
les	O
mains	O
,	O
je	O
poussai	O
avec	O
mon	O
dos	O
de	O
toutes	O
mes	O
forces	O
contre	O
le	O
couvercle	O
pour	O
le	O
faire	O
sauter	O
:	O
les	O
deux	O
serrures	O
se	O
détachèrent	O
,	O
le	O
couvercle	O
ne	O
s'	O
ouvrit	O
pas	O
.	O
</p>	O
<p n='FR04091654'>	O
Il	O
était	O
solidement	O
,	O
à	O
chaque	O
bout	O
,	O
attaché	O
par	O
une	O
corde	O
;	O
je	O
l'	O
avais	O
oublié	O
.	O
</p>	O
<p n='FR04091655'>	O
Il	O
fallait	O
maintenant	O
couper	O
cette	O
corde	O
.	O
Je	O
crus	O
tout	O
d'	O
abord	O
que	O
ce	O
serait	O
très	O
facile	O
;	O
je	O
me	O
trompais	O
,	O
car	O
le	O
couvercle	O
,	O
tout	O
en	O
se	O
soulevant	O
un	O
peu	O
,	O
ne	O
sortait	O
pas	O
de	O
la	O
feuillure	O
,	O
et	O
je	O
devais	O
enlever	O
cette	O
feuillure	O
avant	O
d'	O
arriver	O
à	O
la	O
corde	O
.	O
C'	O
était	O
un	O
nouveau	O
travail	O
à	O
entreprendre	O
.	O
</p>	O
<p n='FR04091656'>	O
Je	O
ne	O
me	O
décourageai	O
pas	O
et	O
m'	O
y	O
mis	O
aussitôt	O
:	O
heureusement	O
je	O
coupais	O
maintenant	O
dans	O
le	O
fil	O
de	O
le	O
bois	O
.	O
Enfin	O
j'	O
arrivai	O
à	O
les	O
cordes	O
,	O
je	O
les	O
coupai	O
,	O
j'	O
étais	O
libre	O
.	O
</p>	O
<p n='FR04091657'>	O
Je	O
poussai	O
vivement	O
le	O
couvercle	O
,	O
il	O
se	O
souleva	O
un	O
peu	O
et	O
retomba	O
;	O
je	O
le	O
poussai	O
plus	O
fort	O
,	O
il	O
ne	O
s'	O
ouvrit	O
pas	O
davantage	O
;	O
qu'	O
est	O
-ce	O
qui	O
pouvait	O
le	O
retenir	O
encore	O
?	O
</p>	O
<p n='FR04091658'>	O
J'	O
eus	O
une	O
angoisse	O
si	O
cruelle	O
que	O
je	O
me	O
laissai	O
retomber	O
à	O
le	O
fond	O
de	O
la	O
malle	O
,	O
anéanti	O
.	O
</p>	O
<p n='FR04091659'>	O
Mais	O
j'	O
en	O
avais	O
trop	O
fait	O
pour	O
ne	O
pas	O
lutter	O
jusqu'au	O
bout	O
.	O
Le	O
couvercle	O
s'	O
ouvrait	O
assez	O
pour	O
me	O
permettre	O
de	O
passer	O
la	O
main	O
,	O
et	O
,	O
arrivé	O
à	O
cette	O
hauteur	O
,	O
il	O
s'	O
arrêtait	O
sans	O
que	O
rien	O
pût	O
l'	O
ébranler	O
.	O
Je	O
passai	O
ma	O
main	O
par	O
cette	O
ouverture	O
et	O
tâtai	O
tout	O
autour	O
,	O
car	O
il	O
faisait	O
nuit	O
et	O
je	O
ne	O
voyais	O
qu'	O
une	O
faible	O
lueur	O
blanche	O
presque	O
insensible	O
.	O
</p>	O
</sample>	O
<sample>	O
<p n='FR0409773'>	O
Le	O
pays	O
de	O
Mortain	B-Place
est	O
assurément	O
le	O
canton	O
,	O
je	O
ne	O
dirai	O
pas	O
le	O
plus	O
normand	O
,	O
mais	O
le	O
plus	O
pittoresque	O
de	O
la	O
Normandie	B-Place
.	O
Des	O
bois	O
de	O
sapins	O
,	O
des	O
éboulements	O
de	O
rochers	O
,	O
des	O
collines	O
escarpées	O
,	O
des	O
gorges	O
sombres	O
,	O
partout	O
des	O
eaux	O
écumeuses	O
courant	O
sous	O
les	O
arbres	O
,	O
ou	O
tombant	O
en	O
cascades	O
,	O
enfin	O
une	O
verdure	O
d'	O
une	O
intensité	O
et	O
d'	O
une	O
fraîcheur	O
merveilleuses	O
en	O
font	O
un	O
séjour	O
cher	O
à	O
les	O
peintres	O
,	O
qui	O
y	O
trouvent	O
à	O
chaque	O
pas	O
des	O
sujets	O
d'	O
étude	O
et	O
des	O
tableaux	O
tout	O
composés	O
.	O
</p>	O
<p n='FR0409774'>	O
Sans	O
nous	O
fixer	O
nulle	O
part	O
,	O
nous	O
tournions	O
dans	O
un	O
cercle	O
dont	O
Mortain	B-Place
était	O
le	O
centre	O
et	O
dont	O
la	O
ligne	O
extrême	O
allait	O
jusqu'à	O
Domfront	B-Place
,	O
Sourdeval	B-Place
,	O
Saint-Hilaire-du-Harlouet	B-Place
et	O
le	B-Place
Teilleul	I-Place
.	O
Pendant	O
que	O
Lucien	B-Pers
Hardel	I-Pers
travaillait	O
,	O
je	O
pêchais	O
des	O
truites	O
,	O
ou	O
bien	O
j'	O
attrapais	O
des	O
écrevisses	O
dans	O
les	O
trous	O
pour	O
notre	O
souper	O
.	O
</p>	O
<p n='FR0409775'>	O
J'	O
étais	O
trop	O
heureux	O
,	O
cela	O
ne	O
pouvait	O
pas	O
durer	O
,	O
sans	O
quoi	O
ce	O
qui	O
devait	O
être	O
expiation	O
eût	O
été	O
récompense	O
.	O
</p>	O
<p n='FR0409776'>	O
Un	O
matin	O
que	O
nous	O
étions	O
,	O
chacun	O
de	O
notre	O
côté	O
,	O
livré	O
à	O
nos	O
occupations	O
,	O
nous	O
vîmes	O
venir	O
à	O
nous	O
un	O
gendarme	B-Role
.	O
De	O
loin	O
,	O
il	O
avait	O
une	O
tournure	O
assez	O
grotesque	O
,	O
et	O
bien	O
certainement	O
il	O
n'	O
avait	O
pas	O
été	O
enrôlé	O
pour	O
l'	O
élégance	O
ou	O
la	O
dignité	O
de	O
sa	O
taille	O
.	O
</p>	O
<p n='FR0409777'>	O
Très	O
sensible	O
à	O
ce	O
qui	O
,	O
dans	O
les	O
hommes	O
ou	O
dans	O
les	O
choses	O
,	O
prêtait	O
à	O
la	O
charge	O
,	O
Lucien	B-Pers
Hardel	I-Pers
me	O
dit	O
de	O
le	O
regarder	O
;	O
en	O
même	O
temps	O
,	O
sur	O
la	O
marge	O
de	O
l'	O
étude	O
à	O
laquelle	O
il	O
travaillait	O
,	O
il	O
esquissa	O
à	O
grands	O
traits	O
la	O
tête	O
de	O
le	O
gendarme	B-Role
.	O
</p>	O
<p n='FR0409778'>	O
Celui-ci	O
s'	O
était	O
rapproché	O
,	O
et	O
en	O
voyant	O
que	O
nous	O
l'	O
examinions	O
,	O
il	O
avait	O
assuré	O
son	O
chapeau	O
sur	O
ses	O
cheveux	O
fauves	O
,	O
tiré	O
en	O
avant	O
la	O
buffleterie	O
de	O
son	O
sabre	O
et	O
ralenti	O
le	O
pas	O
en	O
se	O
dandinant	O
noblement	O
.	O
</p>	O
<p n='FR0409779'>	O
Le	O
crayon	O
sur	O
le	O
papier	O
avait	O
suivi	O
ses	O
mouvements	O
,	O
et	O
il	O
en	O
était	O
résulté	O
une	O
caricature	O
qui	O
me	O
faisait	O
rire	O
de	O
bon	O
cœur	O
.	O
</p>	O
<p n='FR0409780'>	O
Cela	O
ne	O
plut	O
point	O
à	O
le	O
gendarme	O
,	O
qui	O
s'	O
avança	O
vers	O
nous	O
:	O
</p>	O
<p n='FR0409781'>	O
--	O
Pardon	O
,	O
excuse	O
,	O
dit	O
-il	O
,	O
vous	O
m'	O
avez	O
assez	O
dévisagé	O
;	O
conséquemment	O
je	O
voudrais	O
voir	O
votre	O
signalement	O
.	O
</p>	O
<p n='FR0409782'>	O
--	O
Eh	O
bien	O
,	O
gendarme	B-Role
,	O
dit	O
Lucien	B-Pers
Hardel	I-Pers
,	O
en	O
plaçant	O
le	O
dessin	O
dans	O
son	O
carton	O
,	O
ne	O
vous	O
gênez	O
pas	O
;	O
je	O
vous	O
ai	O
regardé	O
;	O
quand	O
vous	O
m'	O
aurez	O
regardé	O
à	O
votre	O
tour	O
,	O
nous	O
serons	O
quittes	O
.	O
</p>	O
<p n='FR0409783'>	O
--	O
Point	O
de	O
propos	O
,	O
vous	O
comprenez	O
bien	O
que	O
c'	O
est	O
votre	O
passeport	O
que	O
je	O
réclame	O
:	O
c'	O
est	O
mon	O
devoir	O
et	O
ma	O
fonction	O
de	O
vous	O
le	O
demander	O
,	O
puisque	O
vous	O
êtes	O
vaguant	O
sur	O
la	O
grande	O
route	O
.	O
</p>	O
<p n='FR0409784'>	O
Sans	O
répondre	O
à	O
le	O
gendarme	O
,	O
Lucien	B-Pers
Hardel	I-Pers
se	O
tourna	O
vers	O
moi	O
:	O
</p>	O
<p n='FR0409785'>	O
--	O
Romain	B-Pers
,	O
prends	O
donc	O
dans	O
le	O
sac	O
mon	O
passeport	O
:	O
là	O
,	O
dans	O
le	O
compartiment	O
de	O
le	O
tabac	O
,	O
et	O
présente	O
-le	O
poliment	O
à	O
monsieur	B-Rolemisc
.	O
</p>	O
</sample>	O
<sample>	O
<p n='FR04091847'>	O
Tout	O
d'	O
abord	O
il	O
avait	O
été	O
convenu	O
qu'	O
il	O
toucherait	O
une	O
certaine	O
somme	O
tous	O
les	O
ans	O
.	O
Mais	O
bientôt	O
on	O
nous	O
apprit	O
qu'	O
à	O
le	O
lieu	O
d'	O
employer	O
cette	O
somme	O
à	O
ses	O
besoins	O
,	O
il	O
la	O
faisait	O
servir	O
pour	O
la	O
plus	O
grosse	O
part	O
à	O
prêter	O
à	O
la	O
petite	O
semaine	O
et	O
à	O
continuer	O
en	O
petit	O
son	O
commerce	O
de	O
bric-à-brac	O
.	O
Maintenant	O
nous	O
payons	O
sa	O
pension	O
chez	O
de	O
braves	O
gens	O
,	O
qui	O
le	O
logent	O
et	O
le	O
nourrissent	O
.	O
Mais	O
,	O
malgré	O
cette	O
précaution	O
,	O
il	O
trouve	O
encore	O
moyen	O
de	O
se	O
priver	O
de	O
le	O
nécessaire	O
pour	O
avoir	O
le	O
bonheur	O
d'	O
amasser	O
quelques	O
sous	O
:	O
il	O
vend	O
ses	O
vêtements	O
neufs	O
quand	O
nous	O
les	O
lui	O
donnons	O
.	O
</p>	O
<p n='FR04091848'>	O
Quand	O
nous	O
lui	O
faisons	O
des	O
reproches	O
,	O
il	O
nous	O
répond	O
que	O
nos	O
prodigalités	O
nous	O
ruineront	O
un	O
jour	O
,	O
et	O
que	O
nous	O
serons	O
alors	O
heureux	O
de	O
trouver	O
l'	O
argent	O
qu'	O
il	O
a	O
la	O
sage	O
précaution	O
de	O
mettre	O
de	O
côté	O
.	O
</p>	O
</sample>	O
<sample>	O
<p n='FR04091420'>	O
--	O
C'	O
est	O
un	O
ami	O
que	O
j'	O
ai	O
connu	O
dans	O
la	O
banque	O
,	O
dit	O
-il	O
,	O
c'	O
est	O
un	O
bon	O
zigue	O
.	O
Et	O
vous	O
autres	O
,	O
allons	O
,	O
qu'	O
est	O
-ce	O
qu'	O
on	O
a	O
fait	O
?	O
</p>	O
<p n='FR04091421'>	O
Chacun	O
alors	O
vida	O
ses	O
poches	O
autour	O
de	O
le	O
brasier	O
;	O
l'	O
un	O
apportait	O
un	O
jambon	O
,	O
un	O
autre	O
des	O
bouteilles	O
;	O
il	O
y	O
en	O
eut	O
un	O
qui	O
tira	O
de	O
sa	O
poche	O
une	O
petite	O
bouteille	O
avec	O
un	O
biberon	O
en	O
argent	O
.	O
</p>	O
<p n='FR04091422'>	O
Il	O
y	O
eut	O
dans	O
la	O
troupe	O
une	O
exclamation	O
générale	O
,	O
des	O
rires	O
,	O
des	O
moqueries	O
.	O
</p>	O
<p n='FR04091423'>	O
--	O
C'	O
est	O
bon	O
,	O
dit	O
Biboche	B-Pers
,	O
il	O
boira	O
dedans	O
.	O
</p>	O
<p n='FR04091424'>	O
Tout	O
le	O
monde	O
s'	O
assit	O
à	O
le	O
bord	O
de	O
le	O
brasier	O
,	O
non	O
sur	O
des	O
chaises	O
,	O
mais	O
simplement	O
par	O
terre	O
.	O
</p>	O
<p n='FR04091425'>	O
Biboche	B-Pers
me	O
fit	O
les	O
honneurs	O
de	O
le	O
souper	O
et	O
je	O
fus	O
servi	O
le	O
premier	O
.	O
Il	O
y	O
avait	O
longtemps	O
que	O
je	O
n'	O
avais	O
vu	O
pareille	O
abondance	O
,	O
et	O
je	O
dois	O
même	O
dire	O
que	O
ni	O
à	O
la	O
maison	O
,	O
ni	O
chez	O
M.	B-Pers
de	I-Pers
Bihorel	I-Pers
,	O
je	O
n'	O
avais	O
jamais	O
pris	O
part	O
à	O
un	O
pareil	O
festin	O
;	O
après	O
le	O
jambon	O
on	O
entama	O
une	O
dinde	O
froide	O
,	O
et	O
après	O
la	O
dinde	O
un	O
pâté	O
de	O
foie	O
gras	O
.	O
J'	O
avais	O
une	O
si	O
belle	O
faim	O
que	O
je	O
fis	O
l'	O
admiration	O
de	O
la	O
troupe	O
.	O
</p>	O
<p n='FR04091426'>	O
--	O
À	O
la	O
bonne	O
heure	O
!	O
dit	O
Biboche	B-Pers
,	O
résumant	O
l'	O
impression	O
de	O
tous	O
,	O
c'	O
est	O
plaisir	O
d'	O
inviter	O
des	O
amis	O
qui	O
tortillent	O
comme	O
ça	O
.	O
</p>	O
<p n='FR04091427'>	O
Mais	O
la	O
nourriture	O
,	O
la	O
chaleur	O
et	O
surtout	O
la	O
fatigue	O
ne	O
tardèrent	O
pas	O
à	O
m'	O
alourdir	O
.	O
</p>	O
<p n='FR04091428'>	O
--	O
Tu	O
as	O
sommeil	O
,	O
dit	O
Biboche	B-Pers
en	O
voyant	O
que	O
mes	O
yeux	O
se	O
fermaient	O
,	O
ne	O
te	O
gêne	O
pas	O
;	O
je	O
regrette	O
de	O
n'	O
avoir	O
ni	O
pieu	O
ni	O
galette	O
à	O
t'	O
offrir	O
,	O
mais	O
tu	O
dormiras	O
bien	O
tout	O
de	O
même	O
,	O
n'	O
est	O
-ce	O
pas	O
?	O
</p>	O
<p n='FR04091429'>	O
À	O
quoi	O
un	O
pieu	O
et	O
une	O
galette	O
pouvaient	O
-ils	O
m'	O
être	O
utiles	O
pour	O
me	O
coucher	O
?	O
Je	O
n'	O
osais	O
pas	O
le	O
demander	O
;	O
c'	O
était	O
encore	O
là	O
sans	O
doute	O
des	O
mots	O
distingués	O
qui	O
n'	O
ont	O
pas	O
cours	O
en	O
province	O
.	O
</p>	O
<p n='FR04091430'>	O
--	O
Un	O
verre	O
de	O
punch	O
,	O
dit	O
Biboche	B-Pers
,	O
et	O
bonne	O
nuit	O
!	O
</p>	O
<p n='FR04091431'>	O
Je	O
refusai	O
le	O
verre	O
de	O
punch	O
,	O
ce	O
qui	O
parut	O
étonner	O
considérablement	O
la	O
société	O
,	O
et	O
demandai	O
à	O
Biboche	B-Pers
de	O
me	O
dire	O
où	O
je	O
pouvais	O
me	O
coucher	O
.	O
</p>	O
<p n='FR04091432'>	O
--	O
Je	O
vais	O
te	O
conduire	O
.	O
</p>	O
<p n='FR04091433'>	O
En	O
effet	O
,	O
il	O
alluma	O
une	O
chandelle	O
à	O
le	O
brasier	O
et	O
,	O
passant	O
devant	O
moi	O
,	O
il	O
me	O
mena	O
dans	O
une	O
galerie	O
latérale	O
de	O
la	O
carrière	O
.	O
</p>	O
<p n='FR04091434'>	O
Il	O
y	O
avait	O
une	O
épaisse	O
couche	O
de	O
paille	O
par	O
terre	O
et	O
dessus	O
deux	O
ou	O
trois	O
couvertures	O
de	O
laine	O
.	O
</p>	O
<p n='FR04091435'>	O
--	O
Dors	O
bien	O
,	O
dit	O
-il	O
,	O
demain	O
nous	O
causerons	O
;	O
et	O
il	O
me	O
laissa	O
en	O
emportant	O
la	O
chandelle	O
.	O
</p>	O
<p n='FR04091436'>	O
Je	O
n'	O
étais	O
pas	O
trop	O
rassuré	O
dans	O
cette	O
carrière	O
,	O
dont	O
mes	O
yeux	O
ne	O
pouvaient	O
pas	O
sonder	O
la	O
profondeur	O
;	O
en	O
même	O
temps	O
que	O
j'	O
étais	O
très	O
intrigué	O
de	O
savoir	O
ce	O
qu'	O
étaient	O
mes	O
nouveaux	O
camarades	O
;	O
ces	O
poches	O
pleines	O
,	O
le	O
jambon	O
,	O
le	O
biberon	O
,	O
tout	O
cela	O
me	O
semblait	O
louche	O
.	O
Mais	O
mon	O
accablement	O
était	O
tel	O
,	O
que	O
la	O
fatigue	O
l'	O
emporta	O
sur	O
l'	O
inquiétude	O
;	O
à	O
peine	O
roulé	O
dans	O
ma	O
couverture	O
,	O
le	O
sommeil	O
me	O
prit	O
.	O
"	O
Nous	O
caserons	O
demain	O
"	O
,	O
avait	O
dit	O
Biboche	B-Pers
;	O
le	O
lendemain	O
il	O
serait	O
temps	O
de	O
s'	O
expliquer	O
.	O
J'	O
avais	O
un	O
abri	O
,	O
j'	O
avais	O
bien	O
soupé	O
;	O
la	O
journée	O
avait	O
été	O
assez	O
rude	O
pour	O
ne	O
pas	O
la	O
prolonger	O
;	O
je	O
m'	O
endormis	O
sans	O
être	O
troublé	O
par	O
les	O
cris	O
de	O
la	O
troupe	O
que	O
j'	O
entendais	O
boire	O
et	O
rire	O
à	O
quelques	O
pas	O
de	O
moi	O
.	O
</p>	O
</sample>	O
</samples>	O
