Word	Tag
<?xml version='1.0' encoding='UTF-8'?>	O
<samples n='FR0410'>	O
<sample>	O
<p n='FR04101051'>	O
Mais	O
sûrement	O
ils	O
diraient	O
ce	O
que	O
je	O
voulais	O
qui	O
restât	O
caché	O
.	O
La	O
vérité	O
éclaterait	O
.	O
Enfant	O
trouvé	O
!	O
</p>	O
<p n='FR04101052'>	O
Alors	O
ce	O
serait	O
Arthur	B-Pers
,	O
ce	O
serait	O
peut-être	O
Mme	B-Pers
Milligan	I-Pers
,	O
qui	O
ne	O
voudraient	O
pas	O
de	O
moi	O
.	O
</p>	O
<p n='FR04101053'>	O
Je	O
restai	O
atterré	O
.	O
</p>	O
<p n='FR04101054'>	O
Et	O
tel	O
était	O
mon	O
effroi	O
de	O
cette	O
vérité	O
que	O
je	O
croyais	O
si	O
horrible	O
,	O
que	O
j'	O
en	O
vins	O
à	O
souhaiter	O
ardemment	O
que	O
Vitalis	B-Pers
n'	O
acceptât	O
pas	O
la	O
proposition	O
de	O
Mme	B-Pers
Milligan	I-Pers
,	O
et	O
que	O
rien	O
ne	O
pût	O
s'	O
arranger	O
entre	O
eux	O
à	O
mon	O
sujet	O
.	O
</p>	O
<p n='FR04101055'>	O
Sans	O
doute	O
,	O
il	O
faudrait	O
m'	O
éloigner	O
d'	O
Arthur	B-Pers
et	O
de	O
sa	O
mère	O
,	O
renoncer	O
à	O
les	O
revoir	O
jamais	O
peut-être	O
;	O
mais	O
à	O
le	O
moins	O
ils	O
ne	O
garderaient	O
pas	O
de	O
moi	O
un	O
mauvais	O
souvenir	O
.	O
</p>	O
<p n='FR04101056'>	O
Trois	O
jours	O
après	O
avoir	O
écrit	O
à	O
mon	B-Role
maître	I-Role
,	O
Mme	B-Pers
Milligan	I-Pers
reçut	O
une	O
réponse	O
.	O
En	O
quelques	O
lignes	O
Vitalis	B-Pers
disait	O
qu'	O
il	O
aurait	O
l'	O
honneur	O
de	O
se	O
rendre	O
à	O
l'	O
invitation	O
de	O
Mme	B-Pers
Milligan	I-Pers
et	O
qu'	O
il	O
arriverait	O
à	O
Sète	B-Place
le	O
samedi	O
suivant	O
par	O
le	O
train	O
de	O
deux	O
heures	O
.	O
</p>	O
<p n='FR04101057'>	O
Je	O
demandai	O
à	O
Mme	B-Pers
Milligan	I-Pers
la	O
permission	O
d'	O
aller	O
à	O
la	O
gare	O
,	O
et	O
,	O
prenant	O
les	O
chiens	O
ainsi	O
que	O
Joli-Cœur	B-Pers
avec	O
moi	O
,	O
nous	O
attendîmes	O
l'	O
arrivée	O
de	O
notre	O
maître	O
.	O
</p>	O
<p n='FR04101058'>	O
Ce	O
furent	O
les	O
chiens	O
qui	O
m'	O
avertirent	O
que	O
le	O
train	O
était	O
arrivé	O
,	O
et	O
qu'	O
ils	O
avaient	O
flairé	O
notre	O
maître	O
.	O
Tout	O
à	O
coup	O
je	O
me	O
sentis	O
entraîné	O
en	O
avant	O
,	O
et	O
,	O
comme	O
je	O
n'	O
étais	O
pas	O
sur	O
mes	O
gardes	O
,	O
les	O
chiens	O
m'	O
échappèrent	O
.	O
Ils	O
couraient	O
en	O
aboyant	O
joyeusement	O
,	O
et	O
presque	O
aussitôt	O
je	O
les	O
vis	O
sauter	O
autour	O
de	O
Vitalis	B-Pers
qui	O
,	O
dans	O
son	O
costume	O
habituel	O
,	O
venait	O
d'	O
apparaître	O
.	O
Plus	O
prompt	O
,	O
bien	O
que	O
moins	O
souple	O
que	O
ses	O
camarades	O
,	O
Capi	B-Pers
s'	O
était	O
élancé	O
dans	O
les	O
bras	O
de	O
son	O
maître	O
,	O
tandis	O
que	O
Zerbino	B-Pers
et	O
Dolce	B-Pers
se	O
cramponnaient	O
à	O
ses	O
jambes	O
.	O
</p>	O
<p n='FR04101059'>	O
Je	O
m'	O
avançai	O
à	O
mon	O
tour	O
,	O
et	O
Vitalis	B-Pers
,	O
posant	O
Capi	B-Pers
à	O
terre	O
,	O
me	O
serra	O
dans	O
ses	O
bras	O
;	O
pour	O
la	O
première	O
fois	O
,	O
il	O
m'	O
embrassa	O
en	O
me	O
répétant	O
à	O
plusieurs	O
reprises	O
:	O
</p>	O
<p n='FR04101060'>	O
"	O
Buon	O
di	O
,	O
povero	O
caro	O
!	O
"	O
</p>	O
<p n='FR04101061'>	O
Mon	B-Role
maître	I-Role
n'	O
avait	O
jamais	O
été	O
dur	O
pour	O
moi	O
,	O
mais	O
n'	O
avait	O
jamais	O
non	O
plus	O
été	O
caressant	O
,	O
et	O
je	O
n'	O
étais	O
pas	O
habitué	O
à	O
ces	O
témoignages	O
d'	O
effusion	O
;	O
cela	O
m'	O
attendrit	O
,	O
et	O
me	O
fit	O
venir	O
les	O
larmes	O
à	O
les	O
yeux	O
,	O
car	O
j'	O
étais	O
dans	O
des	O
dispositions	O
où	O
le	O
cœur	O
se	O
serre	O
et	O
s'	O
ouvre	O
vite	O
.	O
</p>	O
<p n='FR04101062'>	O
Je	O
le	O
regardai	O
,	O
et	O
je	O
trouvai	O
qu'	O
il	O
avait	O
bien	O
vieilli	O
en	O
prison	O
;	O
sa	O
taille	O
s'	O
était	O
voûtée	O
;	O
son	O
visage	O
avait	O
pâli	O
;	O
ses	O
lèvres	O
s'	O
étaient	O
décolorées	O
.	O
</p>	O
<p n='FR04101063'>	O
"	O
Eh	O
bien	O
,	O
tu	O
me	O
trouves	O
changé	O
,	O
n'	O
est	O
-ce	O
pas	O
,	O
mon	O
garçon	O
?	O
me	O
dit	O
-il	O
;	O
la	O
prison	O
est	O
un	O
mauvais	O
séjour	O
,	O
et	O
l'	O
ennui	O
une	O
mauvaise	O
maladie	O
;	O
mais	O
cela	O
va	O
aller	O
mieux	O
maintenant	O
.	O
"	O
</p>	O
<p n='FR04101064'>	O
Puis	O
changeant	O
de	O
sujet	O
:	O
</p>	O
<p n='FR04101065'>	O
"	O
Et	O
cette	O
dame	O
qui	O
m'	O
a	O
écrit	O
,	O
dit	O
-il	O
,	O
comment	O
l'	O
as	O
-tu	O
connue	O
?	O
"	O
</p>	O
</sample>	O
<sample>	O
<p n='FR04101633'>	O
Puis	O
mes	O
yeux	O
se	O
fermèrent	O
de	O
nouveau	O
,	O
mon	O
cœur	O
s'	O
engourdit	O
,	O
il	O
me	O
sembla	O
que	O
je	O
m'	O
évanouissais	O
.	O
</p>	O
<p n='FR04101634'>	O
Quand	O
je	O
me	O
réveillai	O
j'	O
étais	O
dans	O
un	O
lit	O
;	O
la	O
flamme	O
d'	O
un	O
grand	O
feu	O
éclairait	O
la	O
chambre	O
où	O
j'	O
étais	O
couché	O
.	O
</p>	O
<p n='FR04101635'>	O
Je	O
regardai	O
autour	O
de	O
moi	O
.	O
</p>	O
<p n='FR04101636'>	O
Je	O
ne	O
connaissais	O
pas	O
cette	O
chambre	O
.	O
</p>	O
<p n='FR04101637'>	O
Je	O
ne	O
connaissais	O
pas	O
non	O
plus	O
les	O
figures	O
qui	O
m'	O
entouraient	O
:	O
un	O
homme	O
en	O
veste	O
grise	O
et	O
en	O
sabots	O
jaunes	O
;	O
trois	O
ou	O
quatre	O
enfants	O
dont	O
une	O
petite	O
fille	O
de	O
cinq	O
ou	O
six	O
ans	O
qui	O
fixait	O
sur	O
moi	O
des	O
yeux	O
étonnés	O
;	O
ces	O
yeux	O
étaient	O
étranges	O
,	O
ils	O
parlaient	O
.	O
</p>	O
<p n='FR04101638'>	O
Je	O
me	O
soulevai	O
.	O
</p>	O
<p n='FR04101639'>	O
On	O
s'	O
empressa	O
autour	O
de	O
moi	O
.	O
</p>	O
<p n='FR04101640'>	O
"	O
Vitalis	B-Pers
?	O
dis	O
-je	O
.	O
</p>	O
<p n='FR04101641'>	O
--	O
Il	O
demande	O
son	B-Rolemisc
père	I-Rolemisc
,	O
dit	O
une	O
jeune	O
fille	O
qui	O
paraissait	O
l'	O
aînée	O
des	O
enfants	O
.	O
</p>	O
<p n='FR04101642'>	O
--	O
Ce	O
n'	O
est	O
pas	O
mon	B-Rolemisc
père	I-Rolemisc
,	O
c'	O
est	O
mon	O
maître	B-Role
;	O
où	O
est	O
-il	O
?	O
Où	O
est	O
Capi	B-Pers
?	O
"	O
</p>	O
<p n='FR04101643'>	O
Vitalis	B-Pers
eût	O
été	O
mon	B-Rolemisc
père	I-Rolemisc
,	O
on	O
eût	O
pris	O
sans	O
doute	O
des	O
ménagements	O
pour	O
me	O
parler	O
de	O
lui	O
;	O
mais	O
,	O
comme	O
il	O
n'	O
était	O
que	O
mon	O
maître	B-Role
,	O
on	O
jugea	O
qu'	O
il	O
n'	O
y	O
avait	O
qu'	O
à	O
me	O
dire	O
simplement	O
la	O
vérité	O
,	O
et	O
voici	O
ce	O
qu'	O
on	O
m'	O
apprit	O
.	O
</p>	O
<p n='FR04101644'>	O
La	O
porte	O
dans	O
l'	O
embrasure	O
de	O
laquelle	O
nous	O
nous	O
étions	O
blottis	O
était	O
celle	O
d'	O
un	O
jardinier	B-Role
.	O
Vers	O
deux	O
heures	O
de	O
le	O
matin	O
,	O
ce	O
jardinier	B-Role
avait	O
ouvert	O
cette	O
porte	O
pour	O
aller	O
à	O
le	O
marché	O
,	O
et	O
il	O
nous	O
avait	O
trouvés	O
couchés	O
sous	O
notre	O
couverture	O
de	O
paille	O
.	O
On	O
avait	O
commencé	O
par	O
nous	O
dire	O
de	O
nous	O
lever	O
,	O
afin	O
de	O
laisser	O
passer	O
la	O
voiture	O
;	O
puis	O
,	O
comme	O
nous	O
ne	O
bougions	O
ni	O
l'	O
un	O
ni	O
l'	O
autre	O
,	O
et	O
que	O
Capi	B-Pers
seul	O
répondait	O
en	O
aboyant	O
pour	O
nous	O
défendre	O
,	O
on	O
nous	O
avait	O
pris	O
par	O
le	O
bras	O
pour	O
nous	O
secouer	O
.	O
Nous	O
n'	O
avions	O
pas	O
bougé	O
davantage	O
.	O
Alors	O
on	O
avait	O
pensé	O
qu'	O
il	O
se	O
passait	O
quelque	O
chose	O
de	O
grave	O
.	O
On	O
avait	O
apporté	O
une	O
lanterne	O
;	O
le	O
résultat	O
de	O
l'	O
examen	O
avait	O
été	O
que	O
Vitalis	B-Pers
était	O
mort	O
,	O
mort	O
de	O
froid	O
,	O
et	O
que	O
je	O
ne	O
valais	O
pas	O
beaucoup	O
mieux	O
que	O
lui	O
.	O
Cependant	O
,	O
comme	O
grâce	O
à	O
Capi	B-Pers
couché	O
sur	O
ma	O
poitrine	O
,	O
j'	O
avais	O
conservé	O
un	O
peu	O
de	O
chaleur	O
à	O
le	O
cœur	O
,	O
j'	O
avais	O
résisté	O
et	O
je	O
respirais	O
encore	O
.	O
On	O
m'	O
avait	O
alors	O
porté	O
dans	O
la	O
maison	O
de	O
le	O
jardinier	B-Role
,	O
et	O
l'	O
on	O
m'	O
avait	O
couché	O
dans	O
le	O
lit	O
d'	O
un	O
des	O
enfants	O
qu'	O
on	O
avait	O
fait	O
lever	O
.	O
J'	O
étais	O
resté	O
là	O
six	O
heures	O
,	O
à	O
peu	O
près	O
mort	O
;	O
puis	O
la	O
circulation	O
de	O
le	O
sang	O
s'	O
était	O
rétablie	O
,	O
la	O
respiration	O
avait	O
repris	O
de	O
la	O
force	O
,	O
et	O
je	O
venais	O
de	O
m'	O
éveiller	O
.	O
</p>	O
<p n='FR04101645'>	O
Si	O
engourdi	O
,	O
si	O
paralysé	O
que	O
je	O
fusse	O
de	O
corps	O
et	O
d'	O
intelligence	O
,	O
je	O
me	O
trouvai	O
cependant	O
assez	O
éveillé	O
pour	O
comprendre	O
dans	O
toute	O
leur	O
étendue	O
les	O
paroles	O
que	O
je	O
venais	O
d'	O
entendre	O
.	O
Vitalis	B-Pers
mort	O
!	O
</p>	O
</sample>	O
<sample>	O
<p n='FR0410540'>	O
Il	O
s'	O
impatientait	O
,	O
le	O
général	B-Role
,	O
et	O
il	O
commençait	O
à	O
rouler	O
de	O
gros	O
yeux	O
comme	O
quelqu'un	O
qui	O
va	O
se	O
mettre	O
en	O
colère	O
;	O
il	O
se	O
mordait	O
les	O
lèvres	O
et	O
frappait	O
la	O
terre	O
de	O
le	O
pied	O
.	O
</p>	O
<p n='FR0410541'>	O
à	O
le	O
troisième	O
coup	O
de	O
pied	O
,	O
je	O
devais	O
entrer	O
en	O
scène	O
,	O
amené	O
par	O
Capi	B-Pers
.	O
</p>	O
<p n='FR0410542'>	O
Si	O
j'	O
avais	O
oublié	O
mon	O
rôle	O
,	O
le	O
chien	O
me	O
l'	O
aurait	O
rappelé	O
.	O
à	O
le	O
moment	O
voulu	O
,	O
il	O
me	O
tendit	O
la	O
patte	O
et	O
m'	O
introduisit	O
auprès	O
de	O
le	O
général	B-Role
.	O
</p>	O
<p n='FR0410543'>	O
Celui-ci	O
,	O
en	O
m'	O
apercevant	O
,	O
leva	O
les	O
deux	O
bras	O
d'	O
un	O
air	O
désolé	O
.	O
Eh	O
quoi	O
!	O
c'	O
était	O
là	O
le	O
domestique	O
qu'	O
on	O
lui	O
présentait	O
?	O
Puis	O
il	O
vint	O
me	O
regarder	O
sous	O
le	O
nez	O
et	O
tourner	O
autour	O
de	O
moi	O
en	O
haussant	O
les	O
épaules	O
.	O
Sa	O
mine	O
fut	O
si	O
drolatique	O
que	O
tout	O
le	O
monde	O
éclata	O
de	O
rire	O
:	O
on	O
avait	O
compris	O
qu'	O
il	O
me	O
prenait	O
pour	O
un	O
parfait	O
imbécile	O
,	O
et	O
c'	O
était	O
aussi	O
le	O
sentiment	O
des	O
spectateurs	O
.	O
</p>	O
<p n='FR0410544'>	O
La	O
pièce	O
était	O
,	O
bien	O
entendue	O
,	O
bâtie	O
pour	O
montrer	O
cette	O
imbécillité	O
sous	O
toutes	O
les	O
faces	O
;	O
dans	O
chaque	O
scène	O
je	O
devais	O
faire	O
quelque	O
balourdise	O
nouvelle	O
,	O
tandis	O
que	O
Joli-Cœur	B-Pers
,	O
à	O
le	O
contraire	O
,	O
devait	O
trouver	O
une	O
occasion	O
pour	O
développer	O
son	O
intelligence	O
et	O
son	O
adresse	O
.	O
</p>	O
<p n='FR0410545'>	O
Après	O
m'	O
avoir	O
examiné	O
longuement	O
,	O
le	O
général	B-Role
,	O
pris	O
de	O
pitié	O
,	O
me	O
faisait	O
servir	O
à	O
déjeuner	O
.	O
</p>	O
<p n='FR0410546'>	O
"	O
Le	O
général	B-Role
croit	O
que	O
,	O
quand	O
ce	O
garçon	O
aura	O
mangé	O
,	O
il	O
sera	O
moins	O
bête	O
,	O
disait	O
Vitalis	B-Pers
;	O
nous	O
allons	O
voir	O
cela	O
.	O
"	O
</p>	O
<p n='FR0410547'>	O
Et	O
je	O
m'	O
asseyais	O
devant	O
une	O
petite	O
table	O
sur	O
laquelle	O
le	O
couvert	O
était	O
mis	O
,	O
une	O
serviette	O
posée	O
sur	O
mon	O
assiette	O
.	O
</p>	O
<p n='FR0410548'>	O
Que	O
faire	O
de	O
cette	O
serviette	O
?	O
</p>	O
<p n='FR0410549'>	O
Capi	O
m'	O
indiquait	O
que	O
je	O
devais	O
m'	O
en	O
servir	O
.	O
Mais	O
comment	O
?	O
</p>	O
<p n='FR0410550'>	O
Après	O
avoir	O
bien	O
cherché	O
,	O
je	O
fis	O
le	O
geste	O
de	O
me	O
moucher	O
dedans	O
.	O
</p>	O
<p n='FR0410551'>	O
Là-dessus	O
le	O
général	B-Role
se	O
tordit	O
de	O
rire	O
,	O
et	O
Capi	B-Pers
tomba	O
les	O
quatre	O
pattes	O
en	O
l'	O
air	O
renversé	O
par	O
ma	O
stupidité	O
.	O
</p>	O
<p n='FR0410552'>	O
Voyant	O
que	O
je	O
me	O
trompais	O
,	O
je	O
contemplais	O
de	O
nouveau	O
la	O
serviette	O
,	O
me	O
demandant	O
comment	O
l'	O
employer	O
.	O
</p>	O
<p n='FR0410553'>	O
Enfin	O
une	O
idée	O
m'	O
arriva	O
;	O
je	O
roulai	O
la	O
serviette	O
et	O
m'	O
en	O
fis	O
une	O
cravate	O
.	O
</p>	O
<p n='FR0410554'>	O
Nouveaux	O
rires	O
de	O
le	O
général	B-Role
,	O
nouvelle	O
chute	O
de	O
Capi	B-Pers
.	O
Et	O
ainsi	O
de	O
suite	O
jusqu'au	O
moment	O
où	O
le	O
général	B-Role
exaspéré	O
m'	O
arracha	O
de	O
ma	O
chaise	O
,	O
s'	O
assit	O
à	O
ma	O
place	O
et	O
mangea	O
le	O
déjeuner	O
qui	O
m'	O
était	O
destiné	O
.	O
</p>	O
<p n='FR0410555'>	O
Ah	O
!	O
il	O
savait	O
se	O
servir	O
d'	O
une	O
serviette	O
,	O
le	O
général	O
.	O
Avec	O
quelle	O
grâce	O
il	O
la	O
passa	O
dans	O
une	O
boutonnière	O
de	O
son	O
uniforme	O
et	O
l'	O
étala	O
sur	O
ses	O
genoux	O
!	O
Avec	O
quelle	O
élégance	O
il	O
cassa	O
son	O
pain	O
et	O
vida	O
son	O
verre	O
!	O
</p>	O
<p n='FR0410556'>	O
Mais	O
où	O
ses	O
belles	O
manières	O
produisirent	O
un	O
effet	O
irrésistible	O
,	O
ce	O
fut	O
lorsque	O
,	O
le	O
déjeuner	O
terminé	O
,	O
il	O
demanda	O
un	O
cure-dent	O
et	O
le	O
passa	O
rapidement	O
entre	O
ses	O
dents	O
.	O
</p>	O
<p n='FR0410557'>	O
Alors	O
les	O
applaudissements	O
éclatèrent	O
de	O
tous	O
les	O
côtés	O
,	O
et	O
la	O
représentation	O
s'	O
acheva	O
dans	O
un	O
triomphe	O
.	O
</p>	O
</sample>	O
<sample>	O
<p n='FR04103795'>	O
Elle	O
vint	O
ainsi	O
pendant	O
quatre	O
jours	O
,	O
se	O
montrant	O
chaque	O
fois	O
plus	O
affectueuse	O
et	O
plus	O
tendre	O
pour	O
moi	O
,	O
mais	O
avec	O
quelque	O
chose	O
de	O
gêné	O
cependant	O
,	O
comme	O
si	O
elle	O
ne	O
voulait	O
pas	O
s'	O
abandonner	O
à	O
cette	O
tendresse	O
et	O
la	O
laisser	O
paraître	O
.	O
</p>	O
<p n='FR04103796'>	O
Le	O
cinquième	O
jour	O
,	O
ce	O
fut	O
la	O
femme	B-Role
de	I-Role
chambre	I-Role
que	O
j'	O
avais	O
vue	O
autrefois	O
sur	O
Le	B-Fac
Cygne	I-Fac
qui	O
vint	O
à	O
sa	O
place	O
,	O
elle	O
nous	O
dit	O
que	O
Mme	B-Pers
Milligan	I-Pers
nous	O
attendait	O
chez	O
elle	O
,	O
et	O
qu'	O
une	O
voiture	O
était	O
à	O
la	O
porte	O
de	O
l'	O
hôtel	O
pour	O
nous	O
conduire	O
.	O
C'	O
était	O
une	O
calèche	O
découverte	O
dans	O
laquelle	O
Mattia	B-Pers
s'	O
installa	O
sans	O
surprise	O
et	O
très	O
noblement	O
,	O
comme	O
si	O
depuis	O
son	O
enfance	O
il	O
avait	O
roulé	O
carrosse	O
;	O
Capi	B-Pers
aussi	O
grimpa	O
sans	O
gêne	O
sur	O
un	O
des	O
coussins	O
.	O
</p>	O
<p n='FR04103797'>	O
Le	O
trajet	O
fut	O
court	O
;	O
il	O
me	O
parut	O
très	O
court	O
,	O
car	O
je	O
marchais	O
dans	O
un	O
rêve	O
,	O
la	O
tête	O
remplie	O
d'	O
idées	O
folles	O
ou	O
tout	O
à	O
le	O
moins	O
que	O
je	O
croyais	O
folles	O
;	O
on	O
nous	O
fit	O
entrer	O
dans	O
un	O
salon	O
,	O
où	O
se	O
trouvaient	O
Mme	B-Pers
Milligan	I-Pers
,	O
Arthur	B-Pers
étendu	O
sur	O
un	O
divan	O
,	O
et	O
Lise	B-Pers
.	O
</p>	O
<p n='FR04103798'>	O
Arthur	B-Pers
me	O
tendit	O
les	O
deux	O
bras	O
;	O
je	O
courus	O
à	O
lui	O
pour	O
l'	O
embrasser	O
;	O
j'	O
embrassai	O
aussi	O
Lise	B-Pers
,	O
mais	O
ce	O
fut	O
Mme	B-Pers
Milligan	I-Pers
qui	O
m'	O
embrassa	O
.	O
</p>	O
<p n='FR04103799'>	O
"	O
Enfin	O
,	O
me	O
dit	O
-elle	O
,	O
l'	O
heure	O
est	O
venue	O
où	O
vous	O
pouvez	O
reprendre	O
la	O
place	O
qui	O
vous	O
appartient	O
.	O
"	O
</p>	O
<p n='FR04103800'>	O
Et	O
comme	O
je	O
la	O
regardais	O
pour	O
lui	O
demander	O
l'	O
explication	O
de	O
ces	O
paroles	O
,	O
elle	O
alla	O
ouvrir	O
une	O
porte	O
,	O
et	O
je	O
vis	O
entrer	O
mère	B-Pers
Barberin	I-Pers
,	O
portant	O
dans	O
ses	O
bras	O
des	O
vêtements	O
d'	O
enfant	O
,	O
une	O
pelisse	O
en	O
cachemire	O
blanc	O
,	O
un	O
bonnet	O
de	O
dentelle	O
,	O
des	O
chaussons	O
de	O
tricot	O
.	O
</p>	O
<p n='FR04103801'>	O
Elle	O
n'	O
eut	O
que	O
le	O
temps	O
de	O
poser	O
ces	O
objets	O
sur	O
une	O
table	O
,	O
avant	O
que	O
je	O
la	O
prisse	O
dans	O
mes	O
bras	O
;	O
pendant	O
que	O
je	O
l'	O
embrassais	O
,	O
Mme	B-Pers
Milligan	I-Pers
donna	O
un	O
ordre	O
à	O
un	O
domestique	B-Role
,	O
et	O
je	O
n'	O
entendis	O
que	O
le	O
nom	O
de	O
M.	B-Pers
James	I-Pers
Milligan	I-Pers
,	O
ce	O
qui	O
me	O
fit	O
pâlir	O
.	O
</p>	O
<p n='FR04103802'>	O
"	O
Vous	O
n'	O
avez	O
rien	O
à	O
craindre	O
,	O
me	O
dit	O
-elle	O
doucement	O
,	O
à	O
le	O
contraire	O
;	O
venez	O
ici	O
près	O
de	O
moi	O
et	O
mettez	O
votre	O
main	O
dans	O
la	O
mienne	O
.	O
"	O
</p>	O
<p n='FR04103803'>	O
À	O
ce	O
moment	O
la	O
porte	O
de	O
le	O
salon	O
s'	O
ouvrit	O
devant	O
M.	B-Pers
James	I-Pers
Milligan	I-Pers
,	O
souriant	O
et	O
montrant	O
ses	O
dents	O
pointues	O
;	O
il	O
m'	O
aperçut	O
,	O
et	O
instantanément	O
ce	O
sourire	O
fut	O
remplacé	O
par	O
une	O
grimace	O
effrayante	O
.	O
</p>	O
<p n='FR04103804'>	O
Mme	B-Pers
Milligan	I-Pers
ne	O
lui	O
laissa	O
pas	O
le	O
temps	O
de	O
parler	O
.	O
</p>	O
<p n='FR04103805'>	O
"	O
Je	O
vous	O
ai	O
fait	O
appeler	O
,	O
dit	O
-elle	O
d'	O
une	O
voix	O
lente	O
,	O
qui	O
tremblait	O
légèrement	O
,	O
pour	O
vous	O
présenter	O
mon	B-Rolemisc
fils	I-Rolemisc
aîné	O
que	O
j'	O
ai	O
eu	O
enfin	O
le	O
bonheur	O
de	O
retrouver	O
--	O
elle	O
me	O
serra	O
la	O
main	O
;	O
le	O
voici	O
;	O
mais	O
vous	O
le	O
connaissez	O
déjà	O
,	O
puisque	O
,	O
chez	O
l'	O
homme	O
qui	O
l'	O
avait	O
volé	O
,	O
vous	O
avez	O
été	O
le	O
voir	O
pour	O
vous	O
informer	O
de	O
sa	O
santé	O
.	O
</p>	O
</sample>	O
<sample>	O
<p n='FR04103642'>	O
"	O
Et	O
Capi	B-Pers
!	O
dis	O
-je	O
,	O
où	O
est	O
-il	O
?	O
"	O
</p>	O
<p n='FR04103643'>	O
Avant	O
que	O
Mattia	B-Pers
m'	O
eût	O
répondu	O
,	O
le	O
chien	O
jaune	O
avait	O
sauté	O
sur	O
moi	O
et	O
il	O
me	O
léchait	O
en	O
pleurant	O
.	O
</p>	O
<p n='FR04103644'>	O
"	O
Mais	O
le	O
voilà	O
,	O
dit	O
Mattia	B-Pers
,	O
nous	O
l'	O
avons	O
fait	O
teindre	O
.	O
"	O
</p>	O
<p n='FR04103645'>	O
Je	O
rendis	O
à	O
le	O
bon	O
Capi	B-Pers
ses	O
caresses	O
,	O
et	O
je	O
l'	O
embrassai	O
.	O
</p>	O
<p n='FR04103646'>	O
"	O
Pourquoi	O
l'	O
as	O
-tu	O
teint	O
?	O
dis	O
-je	O
.	O
</p>	O
<p n='FR04103647'>	O
--	O
C'	O
est	O
une	O
histoire	O
,	O
je	O
vais	O
te	O
la	O
conter	O
.	O
"	O
</p>	O
<p n='FR04103648'>	O
Mais	O
Bob	B-Pers
ne	O
permit	O
pas	O
ce	O
récit	O
.	O
</p>	O
<p n='FR04103649'>	O
"	O
Conduis	O
le	O
cheval	O
,	O
dit	O
-il	O
à	O
Mattia	B-Pers
,	O
et	O
tiens	O
-le	O
bien	O
;	O
pendant	O
ce	O
temps-là	O
je	O
vais	O
arranger	O
la	O
voiture	O
pour	O
qu'	O
on	O
ne	O
la	O
reconnaisse	O
pas	O
à	O
les	O
barrières	O
.	O
"	O
</p>	O
<p n='FR04103650'>	O
Cette	O
voiture	O
était	O
une	O
carriole	O
recouverte	O
d'	O
une	O
bâche	O
en	O
toile	O
posée	O
sur	O
des	O
cerceaux	O
;	O
il	O
allongea	O
les	O
cercles	O
dans	O
la	O
voiture	O
et	O
,	O
ayant	O
plié	O
la	O
bâche	O
en	O
quatre	O
,	O
il	O
me	O
dit	O
de	O
m'	O
en	O
couvrir	O
;	O
puis	O
il	O
renvoya	O
Mattia	B-Pers
en	O
lui	O
recommandant	O
de	O
se	O
cacher	O
sous	O
la	O
toile	O
.	O
Par	O
ce	O
moyen	O
la	O
voiture	O
changeait	O
entièrement	O
d'	O
aspect	O
,	O
elle	O
n'	O
avait	O
plus	O
de	O
bâche	O
et	O
elle	O
ne	O
contenait	O
qu'	O
une	O
personne	O
à	O
le	O
lieu	O
de	O
trois	O
.	O
Si	O
on	O
courait	O
après	O
nous	O
,	O
le	O
signalement	O
que	O
les	O
gens	O
qui	O
voyaient	O
passer	O
cette	O
carriole	O
donneraient	O
dérouterait	O
les	O
recherches	O
.	O
</p>	O
<p n='FR04103651'>	O
"	O
Où	O
allons	O
-nous	O
?	O
demandai	O
-je	O
à	O
Mattia	B-Pers
lorsqu'il	O
se	O
fut	O
allongé	O
à	O
côté	O
de	O
moi	O
.	O
</p>	O
<p n='FR04103652'>	O
--	O
À	O
Littlehampton	B-Place
:	O
c'	O
est	O
un	O
petit	O
port	O
sur	O
la	O
mer	O
,	O
où	O
Bob	B-Pers
a	O
un	O
frère	B-Rolemisc
qui	O
commande	O
un	O
bateau	O
faisant	O
les	O
voyages	O
de	O
France	B-Place
pour	O
aller	O
chercher	O
de	O
le	O
beurre	O
et	O
des	O
œufs	O
en	O
Normandie	B-Place
,	O
à	O
Isigny	B-Place
;	O
si	O
nous	O
nous	O
sauvons	O
--	O
et	O
nous	O
nous	O
sauverons	O
--	O
,	O
ce	O
sera	O
à	O
Bob	B-Pers
que	O
nous	O
le	O
devrons	O
.	O
Il	O
a	O
tout	O
fait	O
;	O
qu'	O
est	O
-ce	O
que	O
j'	O
aurais	O
pu	O
faire	O
pour	O
toi	O
,	O
moi	O
,	O
pauvre	O
misérable	O
!	O
C'	O
est	O
Bob	B-Pers
qui	O
a	O
eu	O
l'	O
idée	O
de	O
te	O
faire	O
sauter	O
de	O
le	O
train	O
,	O
de	O
te	O
souffler	O
mon	O
billet	O
,	O
et	O
c'	O
est	O
lui	O
qui	O
a	O
décidé	O
ses	O
camarades	O
à	O
nous	O
prêter	O
ce	O
cheval	O
;	O
enfin	O
c'	O
est	O
lui	O
qui	O
va	O
nous	O
procurer	O
un	O
bateau	O
pour	O
passer	O
en	O
France	B-Place
,	O
car	O
tu	O
dois	O
bien	O
croire	O
que	O
,	O
si	O
tu	O
voulais	O
t'	O
embarquer	O
sur	O
un	O
vapeur	O
,	O
tu	O
serais	O
arrêté	O
.	O
Tu	O
vois	O
qu'	O
il	O
fait	O
bon	O
avoir	O
des	O
amis	O
.	O
</p>	O
<p n='FR04103653'>	O
--	O
Et	O
Capi	B-Pers
,	O
qui	O
a	O
eu	O
l'	O
idée	O
de	O
l'	O
emmener	O
?	O
</p>	O
<p n='FR04103654'>	O
--	O
Moi	O
,	O
mais	O
c'	O
est	O
Bob	B-Pers
qui	O
a	O
eu	O
l'	O
idée	O
de	O
le	O
teindre	O
en	O
jaune	O
pour	O
qu'	O
on	O
ne	O
le	O
reconnaisse	O
pas	O
,	O
quand	O
nous	O
l'	O
avons	O
volé	O
à	O
l'	O
agent	O
Jerry	B-Pers
,	O
l'	O
intelligent	O
Jerry	B-Pers
,	O
comme	O
disait	O
le	O
juge	O
,	O
qui	O
cette	O
fois	O
n'	O
a	O
pas	O
été	O
trop	O
intelligent	O
,	O
car	O
il	O
s'	O
est	O
laissé	O
souffler	O
Capi	B-Pers
sans	O
s'	O
en	O
apercevoir	O
;	O
il	O
est	O
vrai	O
que	O
Capi	B-Pers
,	O
m'	O
ayant	O
senti	O
,	O
a	O
presque	O
tout	O
fait	O
,	O
et	O
puis	O
Bob	B-Pers
connaît	O
tous	O
les	O
tours	O
des	O
voleurs	O
de	O
chiens	O
.	O
</p>	O
</sample>	O
</samples>	O
