Word	Tag
<?xml version='1.0' encoding='UTF-8'?>	O
<samples n='FR0458'>	O
<sample>	O
<p n='FR045829'>	O
Là	O
se	O
fût	O
pourtant	O
bornée	O
mon	O
humble	O
ambition	O
.	O
J'	O
avais	O
aimé	O
ma	B-Rolemisc
femme	I-Rolemisc
malgré	O
ses	O
défauts	O
;	O
elle	O
m'	O
avait	O
toujours	O
rendu	O
malheureux	O
,	O
mais	O
elle	O
m'	O
avait	O
été	O
fidèle	O
;	O
je	O
ne	O
m'	O
étais	O
donc	O
jamais	O
arrogé	O
le	O
droit	O
,	O
je	O
n'	O
avais	O
même	O
jamais	O
subi	O
la	O
tentation	O
de	O
manquer	O
à	O
mes	O
devoirs	O
de	O
fidélité	O
.	O
</p>	O
<p n='FR045830'>	O
Veuf	O
depuis	O
plusieurs	O
années	O
,	O
j'	O
étais	O
resté	O
austère	O
;	O
je	O
devais	O
cela	O
à	O
ma	B-Rolemisc
fille	I-Rolemisc
.	O
Rien	O
ne	O
me	O
servit	O
auprès	O
d'	O
elle	O
,	O
ni	O
les	O
conseils	O
ni	O
l'	O
exemple	O
.	O
Elle	O
prit	O
le	O
mauvais	O
chemin	O
,	O
et	O
,	O
quand	O
elle	O
me	O
força	O
à	O
m'	O
exiler	O
pour	O
ne	O
pas	O
devenir	O
le	O
témoin	O
responsable	O
de	O
ses	O
égarements	O
,	O
il	O
y	O
avait	O
vingt	O
ans	O
et	O
plus	O
que	O
je	O
n'	O
avais	O
connu	O
un	O
jour	O
de	O
bonheur	O
et	O
de	O
liberté	O
.	O
</p>	O
<p n='FR045831'>	O
Mais	O
je	O
n'	O
aspirais	O
pas	O
à	O
être	O
heureux	O
.	O
Il	O
ne	O
me	O
semblait	O
plus	O
permis	O
d'	O
y	O
songer	O
.	O
Navré	O
et	O
humilié	O
,	O
et	O
par-dessus	O
le	O
marché	O
volontairement	O
dépourvu	O
de	O
toutes	O
ressources	O
,	O
il	O
me	O
fallait	O
d'	O
abord	O
penser	O
à	O
gagner	O
ma	O
vie	O
,	O
ce	O
qui	O
ne	O
semblait	O
pas	O
la	O
chose	O
de	O
le	O
monde	O
la	O
plus	O
facile	O
à	O
le	O
sortir	O
de	O
l'	O
opulence	O
,	O
résolu	O
que	O
j'	O
étais	O
à	O
n'	O
invoquer	O
l'	O
aide	O
d'	O
aucun	O
ami	O
,	O
que	O
dis	O
-je	O
?	O
résolu	O
à	O
m'	O
effacer	O
de	O
la	O
scène	O
de	O
le	O
monde	O
et	O
à	O
vivre	O
inconnu	O
,	O
comme	O
un	O
homme	O
qui	O
aurait	O
commis	O
un	O
crime	O
et	O
qui	O
serait	O
forcé	O
de	O
cacher	O
son	O
passé	O
.	O
</p>	O
<p n='FR045832'>	O
Mon	O
intention	O
était	O
d'	O
aller	O
en	O
Italie	B-Place
pour	O
y	O
essayer	O
un	O
professorat	O
quelconque	O
.	O
Je	O
m'	O
arrêtai	O
en	O
Suisse	B-Place
,	O
à	O
la	O
frontière	O
.	O
Je	O
n'	O
avais	O
pas	O
encore	O
la	O
science	O
de	O
l'	O
économie	O
,	O
j'	O
étais	O
à	O
le	O
bout	O
de	O
mes	O
soixante-trois	O
francs	O
.	O
J'	O
avais	O
un	O
peu	O
de	O
linge	O
dans	O
mon	O
havresac	O
:	O
j'	O
ai	O
toujours	O
aimé	O
la	O
propreté	O
,	O
je	O
ne	O
pus	O
me	O
décider	O
à	O
le	O
vendre	O
.	O
Je	O
passai	O
la	O
nuit	O
à	O
l'	O
auberge	O
de	O
le	O
Simplon	B-Fac
,	O
où	O
je	O
ne	O
dormis	O
guère	O
;	O
je	O
me	O
tourmentais	O
de	O
le	O
lendemain	O
.	O
J'	O
avais	O
tout	O
juste	O
de	O
quoi	O
payer	O
mon	O
écot	O
;	O
mais	O
après	O
?	O
</p>	O
<p n='FR045833'>	O
Je	O
ne	O
m'	O
inquiétais	O
pourtant	O
pas	O
outre	O
mesure	O
.	O
Les	O
choses	O
matérielles	O
de	O
la	O
vie	O
m'	O
ont	O
toujours	O
été	O
favorables	O
en	O
ce	O
sens	O
que	O
mes	O
besoins	O
n'	O
ont	O
jamais	O
dépassé	O
mes	O
ressources	O
.	O
Je	O
n'	O
ai	O
donc	O
jamais	O
éprouvé	O
de	O
désastres	O
irréparables	O
que	O
dans	O
la	O
sphère	O
des	O
sentiments	O
.	O
J'	O
aurais	O
volontiers	O
changé	O
de	O
destinée	O
,	O
mais	O
cela	O
n'	O
a	O
pas	O
dépendu	O
de	O
moi	O
.	O
Aussi	O
mon	O
insomnie	O
n'	O
avait	O
rien	O
de	O
désespéré	O
.	O
Je	O
faisais	O
des	O
projets	O
,	O
je	O
cherchais	O
des	O
moyens	O
de	O
vivre	O
,	O
et	O
j'	O
étais	O
si	O
charmé	O
de	O
la	O
beauté	O
de	O
le	O
pays	O
que	O
je	O
venais	O
de	O
parcourir	O
,	O
qu'	O
il	O
ne	O
me	O
coûtait	O
guère	O
de	O
ne	O
pas	O
aller	O
plus	O
avant	O
,	O
et	O
de	O
chercher	O
de	O
l'	O
ouvrage	O
à	O
les	O
environs	O
.	O
</p>	O
<p n='FR045834'>	O
Il	O
faisait	O
un	O
clair	O
de	O
lune	O
limpide	O
.	O
De	O
mon	O
lit	O
sans	O
rideaux	O
,	O
je	O
regardais	O
le	O
ciel	O
pur	O
et	O
froid	O
;	O
je	O
pensai	O
à	O
ce	O
que	O
j'	O
avais	O
aimé	O
,	O
je	O
pleurai	O
,	O
je	O
priai	O
,	O
--	O
qui	O
?	O
l'	O
esprit	O
inconnu	O
à	O
l'	O
homme	O
qui	O
parle	O
dans	O
son	O
cœur	O
et	O
pénètre	O
sa	O
pensée	O
de	O
le	O
sentiment	O
de	O
le	O
beau	O
et	O
de	O
le	O
bien	O
.	O
Nous	O
appelons	O
Dieu	B-Pers
cette	O
âme	O
inaccessible	O
à	O
notre	O
entendement	O
,	O
qui	O
nous	O
porte	O
en	O
elle	O
et	O
nous	O
émeut	O
sans	O
se	O
révéler	O
.	O
Elle	O
ne	O
nous	O
dit	O
rien	O
de	O
le	O
tout	O
,	O
elle	O
!	O
ou	O
,	O
si	O
elle	O
nous	O
dit	O
quelque	O
chose	O
,	O
nous	O
ne	O
le	O
comprenons	O
pas	O
;	O
mais	O
l'	O
enfant	O
qui	O
n'	O
entend	O
pas	O
encore	O
la	O
parole	O
de	O
sa	B-Rolemisc
mère	I-Rolemisc
et	O
qui	O
dort	O
sur	O
son	O
sein	O
connaît	O
sa	O
douce	O
chaleur	O
et	O
y	O
puise	O
les	O
éléments	O
d'	O
une	O
existence	O
complète	O
où	O
il	O
connaîtra	O
ce	O
qu'	O
il	O
ignore	O
.	O
</p>	O
</sample>	O
<sample>	O
<p n='FR0458893'>	O
Vanina	B-Pers
était	O
heureuse	O
,	O
elle	O
était	O
riche	O
,	O
et	O
la	O
maternité	O
l'	O
avait	O
embellie	O
merveilleusement	O
.	O
Ses	B-Rolemisc
enfants	I-Rolemisc
étaient	O
superbes	O
;	O
elle	O
allaitait	O
le	O
dernier	O
avec	O
ostentation	O
,	O
elle	O
montrait	O
l'	O
aîné	O
avec	O
orgueil	O
;	O
Tonino	B-Pers
les	O
aimait	O
avec	O
une	O
sorte	O
de	O
férocité	O
.	O
On	O
eût	O
dit	O
qu'	O
en	O
les	O
couvrant	O
de	O
caresses	O
il	O
était	O
prêt	O
à	O
les	O
dévorer	O
.	O
Je	O
vis	O
que	O
,	O
devant	O
Félicie	B-Pers
,	O
il	O
se	O
retenait	O
de	O
les	O
embrasser	O
.	O
Elle	O
était	O
mortellement	O
jalouse	O
de	O
la	O
maternité	O
de	O
Vanina	B-Pers
.	O
Elle	O
comblait	O
ces	O
petits	O
de	O
soins	O
et	O
de	O
présents	O
,	O
elle	O
évitait	O
de	O
les	O
regarder	O
et	O
ne	O
leur	O
donnait	O
jamais	O
un	O
baiser	O
.	O
</p>	O
<p n='FR0458894'>	O
Tonino	B-Pers
aimait	O
-il	O
sa	B-Rolemisc
femme	I-Rolemisc
?	O
Pauvre	O
misérable	O
Félicie	B-Pers
!	O
Vanina	B-Pers
seule	O
était	O
aimée	O
!	O
aimée	O
réellement	O
avec	O
les	O
sens	O
et	O
avec	O
le	O
cœur	O
.	O
Elle	O
était	O
trompée	O
pourtant	O
;	O
mais	O
cette	O
âpre	O
jouissance	O
de	O
perversité	O
n'	O
eût	O
pas	O
suffi	O
à	O
l'	O
âme	O
avide	O
et	O
inquiète	O
de	O
Tonino	B-Pers
,	O
ou	O
bien	O
l'	O
ivresse	O
de	O
le	O
mal	O
était	O
épuisée	O
,	O
et	O
déjà	O
Félicie	B-Pers
en	O
était	O
à	O
la	O
jalousie	O
qui	O
persécute	O
et	O
importune	O
!	O
Juste	O
châtiment	O
dont	O
j'	O
eus	O
à	O
rougir	O
pour	O
elle	O
et	O
dont	O
elle	O
ne	O
sut	O
pas	O
me	O
cacher	O
l'	O
amertume	O
.	O
</p>	O
<p n='FR0458895'>	O
Je	O
ne	O
cherchais	O
plus	O
aucune	O
occasion	O
précise	O
de	O
confirmer	O
par	O
le	O
fait	O
ces	O
révélations	O
de	O
tous	O
les	O
instants	O
.	O
J'	O
étais	O
sûr	O
qu'	O
elle	O
se	O
présenterait	O
d'	O
elle-même	O
par	O
la	O
force	O
des	O
choses	O
;	O
elle	O
se	O
présenta	O
.	O
</p>	O
<p n='FR0458896'>	O
Nous	O
revenions	O
justement	O
de	O
chez	O
Tonino	B-Pers
un	O
soir	O
d'	O
été	O
.	O
Le	O
soleil	O
était	O
encore	O
chaud	O
,	O
et	O
nous	O
prîmes	O
à	O
travers	O
bois	O
.	O
Tonino	B-Pers
nous	O
accompagnait	O
,	O
il	O
voulait	O
nous	O
reconduire	O
jusqu'à	O
mi-chemin	O
,	O
ayant	O
,	O
disait	O
-il	O
,	O
quelqu'un	O
à	O
voir	O
à	O
les	O
chalets	O
de	O
Sixte	B-Pers
More	I-Pers
.	O
Ces	O
refuges	O
à	O
troupeaux	O
étaient	O
situés	O
à	O
une	O
petite	O
distance	O
de	O
la	O
gorge	O
rocheuse	O
où	O
j'	O
avais	O
failli	O
surprendre	O
leur	O
dernier	O
rendez	O
-vous	O
;	O
il	O
y	O
avait	O
de	O
cela	O
quinze	O
jours	O
.	O
</p>	O
<p n='FR0458897'>	O
Félicie	B-Pers
parlait	O
affaires	O
avec	O
son	B-Rolemisc
cousin	I-Rolemisc
.	O
Sur	O
le	O
chapitre	O
de	O
l'	O
élevage	O
et	O
de	O
le	O
commerce	O
des	O
animaux	O
,	O
ils	O
avaient	O
de	O
fréquentes	O
discussions	O
.	O
Tonino	B-Pers
entendait	O
fort	O
bien	O
ses	O
intérêts	O
.	O
Cet	O
artiste	O
contemplatif	O
,	O
à	O
qui	O
Jean	B-Pers
Morgeron	I-Pers
avait	O
tant	O
reproché	O
autrefois	O
de	O
vivre	O
dans	O
les	O
nuages	O
,	O
de	O
ne	O
pas	O
aimer	O
le	O
travail	O
et	O
de	O
n'	O
être	O
bon	O
qu'	O
à	O
rêver	O
à	O
les	O
étoiles	O
en	O
écoutant	O
ruminer	O
les	O
vaches	O
sur	O
la	O
litière	O
des	O
chalets	O
,	O
était	O
devenu	O
un	O
trafiquant	O
des	O
plus	O
actifs	O
et	O
des	O
plus	O
retors	O
.	O
Chaque	O
année	O
,	O
il	O
augmentait	O
son	O
cheptel	O
et	O
ses	O
profits	O
.	O
Son	O
rêve	O
était	O
d'	O
acheter	O
dans	O
peu	O
un	O
terrain	O
à	O
mi-côte	O
et	O
d'	O
y	O
bâtir	O
une	O
espèce	O
de	O
castel	O
.	O
Il	O
prétendait	O
reprendre	O
alors	O
son	O
vrai	O
nom	O
,	O
del	B-Pers
Monte	I-Pers
,	O
son	O
titre	O
même	O
,	O
et	O
,	O
par	O
anticipation	O
,	O
il	O
appelait	O
en	O
riant	O
sa	B-Role
femme	I-Role
la	I-Role
contessina	I-Role
,	O
et	O
son	O
fils	O
aîné	O
il	B-Role
baronino	I-Role
.	O
</p>	O
</sample>	O
<sample>	O
<p n='FR0458783'>	O
"	O
Eh	O
bien	O
,	O
je	O
le	O
tuerai	O
,	O
ton	O
Sylvestre	B-Pers
,	O
et	O
ce	O
sera	O
ta	O
faute	O
.	O
Je	O
l'	O
aimais	O
,	O
tu	O
me	O
le	O
fais	O
haïr	O
.	O
Oui	O
,	O
il	O
est	O
grand	O
,	O
il	O
est	O
bon	O
,	O
il	O
est	O
parfait	O
,	O
je	O
le	O
sais	O
;	O
mais	O
tu	O
le	O
condamnes	O
à	O
mort	O
.	O
Je	O
t'	O
aime	O
,	O
moi	O
;	O
est	O
-ce	O
que	O
tu	O
es	O
assez	O
folle	O
pour	O
l'	O
oublier	O
?	O
est	O
-ce	O
que	O
tu	O
ne	O
me	O
connais	O
pas	O
?	O
est	O
-ce	O
que	O
tu	O
ne	O
sais	O
pas	O
que	O
ce	O
que	O
je	O
veux	O
,	O
il	O
faut	O
le	O
vouloir	O
?	O
"	O
</p>	O
<p n='FR0458784'>	O
De	O
Félicie	B-Pers
.	O
</p>	O
<p n='FR0458785'>	O
"	O
Alors	O
,	O
si	O
tu	O
es	O
un	O
fou	O
et	O
un	O
assassin	O
,	O
dis	O
-le	O
tout	O
de	O
suite	O
,	O
car	O
il	O
faut	O
que	O
je	O
meure	O
.	O
Si	O
dans	O
trois	O
jours	O
je	O
ne	O
reçois	O
pas	O
de	O
lettre	O
de	O
toi	O
,	O
je	O
me	O
tuerai	O
.	O
"	O
</p>	O
<p n='FR0458786'>	O
De	O
Tonino	B-Pers
.	O
</p>	O
<p n='FR0458787'>	O
"	O
La	O
vie	O
de	O
Sylvestre	B-Pers
est	O
dans	O
tes	O
mains	O
.	O
Sois	O
à	O
le	O
rendez	O
-vous	O
que	O
tu	O
sais	O
,	O
le	B-Temporal
5	I-Temporal
,	O
à	O
une	B-Temporal
heure	I-Temporal
de	I-Temporal
le	I-Temporal
matin	I-Temporal
.	O
"	O
</p>	O
<p n='FR0458788'>	O
"	O
Tu	O
as	O
vaincu	O
le	O
tigre	O
,	O
tu	O
l'	O
as	O
enchaîné	O
.	O
Tu	O
l'	O
as	O
fait	O
bien	O
souffrir	O
,	O
cruelle	O
,	O
mais	O
tu	O
lui	O
as	O
laissé	O
l'	O
espérance	O
.	O
Ah	O
!	O
oui	O
,	O
tu	O
m'	O
aimes	O
,	O
va	O
!	O
Tu	O
as	O
beau	O
le	O
nier	O
,	O
ta	O
colère	O
fond	O
dans	O
mes	O
bras	O
;	O
tu	O
repousses	O
mes	O
baisers	O
;	O
mais	O
tes	O
mains	O
,	O
tes	O
genoux	O
,	O
tes	O
épaules	O
sentent	O
mes	O
larmes	O
,	O
et	O
ces	O
larmes-là	O
finiront	O
par	O
te	O
brûler	O
.	O
Aime	O
-moi	O
donc	O
,	O
folle	O
!	O
est	O
-ce	O
que	O
tu	O
peux	O
t'	O
y	O
soustraire	O
?	O
est	O
-ce	O
que	O
tu	O
ne	O
l'	O
as	O
pas	O
voulu	O
?	O
est	O
-ce	O
que	O
tu	O
ne	O
m'	O
as	O
pas	O
élevé	O
sur	O
ton	O
cœur	O
comme	O
un	O
oiseau	O
tombé	O
de	O
le	O
nid	O
,	O
à	O
qui	O
tu	O
donnais	O
ta	O
chaleur	O
et	O
ta	O
vie	O
?	O
Un	O
inceste	O
?	O
Allons	O
donc	O
,	O
cousine	B-Rolemisc
!	O
le	O
pape	O
a	O
des	O
dispenses	O
,	O
et	O
le	O
ciel	O
rit	O
de	O
tes	O
scrupules	O
.	O
Tu	O
veux	O
me	O
faire	O
croire	O
que	O
nous	O
pouvons	O
être	O
la	O
mère	B-Rolemisc
et	O
le	O
fils	B-Rolemisc
!	O
C'	O
est	O
bon	O
pour	O
ces	O
lourds	O
protestants	O
ou	O
pour	O
ces	O
catholiques	O
à	O
sang	O
froid	O
qui	O
habitent	O
le	O
pôle	O
.	O
Nous	O
sommes	O
des	O
Italiens	B-Demo
,	O
nous	O
,	O
des	O
êtres	O
vivants	O
,	O
ardents	O
,	O
complets	O
.	O
Moi	O
,	O
je	O
n'	O
ai	O
jamais	O
voulu	O
t'	O
appeler	O
ma	B-Rolemisc
mère	I-Rolemisc
,	O
et	O
je	O
ne	O
t'	O
appellerai	O
jamais	O
que	O
ma	O
vie	O
;	O
mais	O
j'	O
ai	O
bien	O
voulu	O
boire	O
tes	O
caresses	O
,	O
j'	O
en	O
ai	O
été	O
nourri	O
,	O
enivré	O
depuis	O
que	O
j'	O
ai	O
souvenance	O
de	O
moi-même	O
.	O
C'	O
est	O
là	O
l'	O
amour	O
,	O
il	O
n'	O
y	O
en	O
a	O
pas	O
d'	O
autre	O
.	O
Tu	O
n'	O
aimes	O
pas	O
,	O
tu	O
n'	O
aimeras	O
jamais	O
Sylvestre	B-Pers
.	O
C'	O
est	O
un	O
vieillard	O
,	O
c'	O
est	O
un	O
père	B-Rolemisc
,	O
lui	O
!	O
très	O
bien	O
.	O
Qu'	O
il	O
reste	O
près	O
de	O
toi	O
,	O
vénère	O
-le	O
,	O
adore	O
-le	O
comme	O
une	O
image	O
de	O
saint	O
,	O
je	O
veux	O
bien	O
,	O
ça	O
m'	O
est	O
égal	O
;	O
mais	O
ne	O
l'	O
épouse	O
pas	O
,	O
je	O
te	O
le	O
défends	O
.	O
"	O
</p>	O
<p n='FR0458789'>	O
de	O
le	O
même	O
.	O
</p>	O
<p n='FR0458790'>	O
"	O
Tu	O
m'	O
aimes	O
et	O
tu	O
m'	O
aimeras	O
.	O
J'	O
ai	O
consenti	O
,	O
épouse	O
-le	O
,	O
puisque	O
tu	O
le	O
veux	O
!	O
Ambitieuse	O
!	O
il	O
te	O
faut	O
deux	O
amours	O
,	O
un	O
pour	O
l'	O
esprit	O
,	O
un	O
pour	O
le	O
cœur	O
?	O
J'	O
aurai	O
le	O
bon	O
,	O
moi	O
;	O
j'	O
aurai	O
celui	O
que	O
je	O
veux	O
.	O
Il	O
le	O
faudra	O
bien	O
:	O
patience	O
!	O
"	O
</p>	O
</sample>	O
<sample>	O
<p n='FR0458236'>	O
--	O
Vous	O
allez	O
me	O
tracer	O
ce	O
qu'	O
il	O
faut	O
faire	O
pour	O
me	O
changer	O
,	O
dit	O
-elle	O
.	O
Vous	O
voulez	O
que	O
je	O
sois	O
gaie	O
,	O
aimable	O
,	O
que	O
j'	O
invite	O
mes	O
voisins	O
,	O
que	O
je	O
fasse	O
de	O
la	O
musique	O
,	O
que	O
j'	O
aille	O
dans	O
les	O
fêtes	O
,	O
que	O
je	O
m'	O
habille	O
avec	O
luxe	O
,	O
que	O
je	O
devienne	O
coquette	O
?	O
Est	O
-ce	O
là	O
ce	O
que	O
vous	O
me	O
conseillez	O
?	O
Je	O
peux	O
le	O
faire	O
;	O
mais	O
le	O
secret	O
de	O
prendre	O
plaisir	O
à	O
tout	O
cela	O
,	O
vous	O
ne	O
me	O
le	O
donnez	O
pas	O
.	O
</p>	O
<p n='FR0458237'>	O
--	O
Mais	O
je	O
ne	O
vous	O
conseille	O
rien	O
de	O
tout	O
cela	O
!	O
Je	O
ne	O
sais	O
rien	O
des	O
relations	O
que	O
vous	O
pourriez	O
établir	O
et	O
des	O
avantages	O
que	O
vous	O
auriez	O
à	O
en	O
retirer	O
.	O
Je	O
vous	O
ai	O
parlé	O
de	O
renouer	O
le	O
lien	O
social	O
sans	O
me	O
permettre	O
aucune	O
allusion	O
particulière	O
à	O
la	O
manière	O
de	O
renouer	O
ce	O
lien	O
;	O
je	O
ne	O
suis	O
pas	O
un	O
homme	O
de	O
le	O
monde	O
,	O
et	O
,	O
par	O
le	O
fait	O
,	O
j'	O
ai	O
rompu	O
avec	O
lui	O
bien	O
plus	O
que	O
vous	O
.	O
Cependant	O
il	O
y	O
a	O
une	O
réconciliation	O
qui	O
se	O
fait	O
dans	O
le	O
cœur	O
quand	O
on	O
veut	O
se	O
guérir	O
,	O
et	O
le	O
seul	O
ordre	O
de	O
choses	O
où	O
je	O
puisse	O
et	O
veuille	O
vous	O
conseiller	O
,	O
c'	O
est	O
l'	O
ordre	O
purement	O
moral	O
et	O
intellectuel	O
.	O
Vous	O
êtes	O
grande	O
,	O
ma	O
chère	O
Félicie	B-Pers
,	O
vous	O
n'	O
êtes	O
pas	O
douce	O
.	O
Il	O
vous	O
est	O
impossible	O
de	O
l'	O
être	O
avec	O
ce	O
parti	O
pris	O
de	O
mépriser	O
tout	O
ce	O
qui	O
n'	O
est	O
pas	O
vous	O
.	O
Eh	O
bien	O
,	O
réfléchissez	O
une	O
fois	O
,	O
une	O
bonne	O
fois	O
dans	O
votre	O
vie	O
;	O
je	O
crois	O
que	O
cela	O
ne	O
vous	O
est	O
jamais	O
arrivé	O
!	O
</p>	O
<p n='FR0458238'>	O
--	O
C'	O
est	O
vrai	O
,	O
dit	O
-elle	O
,	O
je	O
crois	O
que	O
je	O
ne	O
sais	O
pas	O
et	O
que	O
je	O
ne	O
peux	O
pas	O
réfléchir	O
.	O
Faites	O
-moi	O
réfléchir	O
,	O
vous	O
;	O
aidez	O
-moi	O
.	O
Démontrez	O
-moi	O
que	O
les	O
autres	O
valent	O
mieux	O
que	O
moi	O
.	O
</p>	O
<p n='FR0458239'>	O
--	O
Individuellement	O
il	O
est	O
probable	O
que	O
la	O
plupart	O
des	O
autres	O
ne	O
vous	O
valent	O
pas	O
;	O
mais	O
l'	O
humanité	O
prise	O
dans	O
son	O
ensemble	O
a	O
une	O
valeur	O
immense	O
que	O
l'	O
individu	O
ne	O
peut	O
résumer	O
en	O
lui	O
qu'	O
à	O
la	O
condition	O
de	O
la	O
comprendre	O
.	O
Aimez	O
-vous	O
dans	O
l'	O
humanité	O
,	O
aimez	O
l'	O
humanité	O
en	O
vous	O
.	O
Dites	O
-vous	O
,	O
par	O
exemple	O
,	O
que	O
l'	O
humanité	O
souffre	O
parce	O
que	O
vous	O
souffrez	O
,	O
et	O
que	O
vous	O
souffrez	O
parce	O
qu'	O
elle	O
souffre	O
.	O
La	O
condamnation	O
que	O
vous	O
avez	O
subie	O
,	O
d'	O
où	O
vient	O
-elle	O
?	O
De	O
l'	O
absence	O
de	O
charité	O
chez	O
les	O
autres	O
.	O
C'	O
est	O
la	O
cause	O
de	O
tous	O
vos	O
malheurs	O
et	O
des	O
orages	O
qui	O
ont	O
troublé	O
l'	O
union	O
de	O
vos	B-Rolemisc
parents	I-Rolemisc
.	O
Eh	O
bien	O
,	O
si	O
la	O
charité	O
était	O
en	O
vous	O
,	O
vous	O
plaindriez	O
les	O
autres	O
de	O
n'	O
en	O
point	O
avoir	O
,	O
et	O
,	O
dès	O
qu'	O
on	O
plaint	O
,	O
on	O
pardonne	O
.	O
Vous	O
ne	O
pardonnez	O
pas	O
;	O
donc	O
,	O
la	O
charité	O
manque	O
sur	O
ce	O
coin	O
de	O
terre	O
que	O
vous	O
habitez	O
,	O
comme	O
elle	O
manque	O
,	O
hélas	O
!	O
dans	O
le	O
reste	O
de	O
le	O
monde	O
,	O
et	O
vous	O
ne	O
voulez	O
pas	O
l'	O
y	O
faire	O
entrer	O
,	O
même	O
dans	O
votre	O
maison	O
,	O
dans	O
votre	O
croyance	O
,	O
dans	O
votre	O
âme	O
;	O
vous	O
la	O
victime	O
d'	O
un	O
mal	O
dont	O
vous	O
devriez	O
apprécier	O
l'	O
énormité	O
,	O
vous	O
ne	O
songez	O
pas	O
à	O
les	O
nombreuses	O
victimes	O
de	O
ce	O
mal	O
;	O
n'	O
y	O
eût	O
-il	O
qu'	O
elles	O
à	O
plaindre	O
et	O
à	O
aimer	O
,	O
ce	O
serait	O
de	O
quoi	O
attendrir	O
et	O
remplir	O
votre	O
cœur	O
.	O
Eh	O
bien	O
,	O
sachez	O
que	O
ceux	O
qui	O
frappent	O
sont	O
encore	O
plus	O
malheureux	O
que	O
ceux	O
que	O
l'	O
on	O
brise	O
.	O
Ils	O
n'	O
ont	O
pas	O
la	O
joie	O
de	O
se	O
sentir	O
innocents	O
.	O
Quand	O
on	O
épouse	O
le	O
mal	O
,	O
on	O
ne	O
dort	O
plus	O
.	O
L'	O
humanité	O
est	O
donc	O
un	O
chaos	O
d'	O
erreurs	O
et	O
un	O
abîme	O
de	O
souffrances	O
.	O
Heureux	O
ceux-là	O
seuls	O
qui	O
sentent	O
la	O
pitié	O
dans	O
leurs	O
entrailles	O
,	O
car	O
c'	O
est	O
d'	O
eux	O
qu'	O
on	O
peut	O
dire	O
que	O
,	O
dès	O
ce	O
monde	O
,	O
ils	O
seront	O
consolés	O
.	O
"	O
Comment	O
?	O
"	O
me	O
direz	O
-vous	O
.	O
Je	O
vous	O
réponds	O
tout	O
de	O
suite	O
:	O
en	O
ne	O
haïssant	O
pas	O
.	O
</p>	O
</sample>	O
<sample>	O
<p n='FR04581178'>	O
Alors	O
,	O
elle	O
chanta	O
tout	O
bas	O
,	O
presque	O
dans	O
mon	O
oreille	O
,	O
et	O
,	O
bien	O
qu'	O
elle	O
n'	O
eût	O
pas	O
de	O
voix	O
et	O
chantât	O
rarement	O
,	O
elle	O
mit	O
tant	O
de	O
charme	O
et	O
d'	O
émotion	O
dans	O
son	O
accent	O
voilé	O
,	O
qu'	O
une	O
larme	O
vint	O
à	O
le	O
bord	O
de	O
ma	O
paupière	O
à	O
le	O
souvenir	O
de	O
cet	O
air	O
qui	O
m'	O
avait	O
pour	O
ainsi	O
dire	O
ouvert	O
le	O
cœur	O
et	O
l'	O
esprit	O
à	O
l'	O
amour	O
,	O
la	O
première	O
fois	O
qu'	O
elle	O
me	O
l'	O
avait	O
fait	O
entendre	O
.	O
Je	O
me	O
rappelai	O
les	O
circonstances	O
où	O
cette	O
magie	O
s'	O
était	O
emparée	O
de	O
moi	O
,	O
je	O
revis	O
le	O
paysage	O
où	O
j'	O
étais	O
,	O
la	O
mâle	O
et	O
douce	O
figure	O
de	O
Jean	B-Pers
m'	O
apparut	O
et	O
me	O
sourit	O
.	O
Un	O
souffle	O
printanier	O
glissa	O
dans	O
ma	O
chevelure	O
,	O
et	O
je	O
me	O
sentis	O
tout	O
jeune	O
,	O
comme	O
à	O
l'	O
instant	O
où	O
cette	O
vibration	O
magnétique	O
de	O
le	O
violon	O
de	O
Tonino	B-Pers
Monti	I-Pers
avait	O
embrasé	O
l'	O
air	O
que	O
je	O
respirais	O
.	O
Je	O
crus	O
à	O
le	O
miracle	O
,	O
comme	O
un	O
homme	O
qui	O
a	O
déjà	O
senti	O
la	O
transformation	O
miraculeuse	O
et	O
qui	O
n'	O
en	O
croit	O
pas	O
le	O
retour	O
impossible	O
.	O
Félicie	B-Pers
s'	O
était	O
remise	O
à	O
genoux	O
près	O
de	O
moi	O
en	O
chantant	O
;	O
j'	O
oubliai	O
le	O
spectre	O
,	O
j'	O
étreignis	O
la	O
femme	O
,	O
je	O
crus	O
étreindre	O
l'	O
amour	O
.	O
</p>	O
<p n='FR04581179'>	O
Mais	O
ce	O
n'	O
était	O
que	O
le	O
rêve	O
,	O
l'	O
amour	O
physique	O
qui	O
fait	O
sentir	O
plus	O
odieusement	O
l'	O
absence	O
de	O
l'	O
amour	O
moral	O
.	O
Le	O
réveil	O
fut	O
affreux	O
,	O
car	O
l'	O
ivresse	O
trompeuse	O
m'	O
arracha	O
des	O
sanglots	O
,	O
et	O
Félicie	B-Pers
comprit	O
enfin	O
que	O
je	O
savais	O
tout	O
!	O
</p>	O
<p n='FR04581180'>	O
Elle	O
feignit	O
de	O
croire	O
à	O
une	O
excitation	O
nerveuse	O
,	O
et	O
me	O
laissa	O
seul	O
sans	O
m'	O
interroger	O
.	O
Moi	O
,	O
j'	O
étais	O
trop	O
troublé	O
pour	O
m'	O
apercevoir	O
de	O
sa	O
découverte	O
;	O
j'	O
étais	O
certain	O
de	O
n'	O
avoir	O
pas	O
laissé	O
échapper	O
un	O
mot	O
qui	O
trahît	O
mon	O
désespoir	O
;	O
j'	O
étais	O
brisé	O
,	O
mais	O
je	O
n'	O
avais	O
pas	O
été	O
lâche	O
.	O
Je	O
n'	O
avais	O
pas	O
insulté	O
la	O
femme	O
qui	O
me	O
brisait	O
.	O
</p>	O
<p n='FR04581181'>	O
--	O
Qui	O
sait	O
,	O
me	O
disais	O
-je	O
,	O
si	O
cette	O
révolte	O
de	O
ma	O
conscience	O
ne	O
sera	O
pas	O
la	O
dernière	O
?	O
L'	O
amour	O
a	O
le	O
don	O
de	O
le	O
miracle	O
:	O
ne	O
peut	O
-il	O
faire	O
taire	O
l'	O
esprit	O
?	O
</p>	O
<p n='FR04581182'>	O
Mais	O
,	O
alors	O
,	O
je	O
me	O
représentais	O
Félicie	B-Pers
savourant	O
dans	O
les	O
bras	O
de	O
son	O
amant	O
l'	O
ivresse	O
qu'	O
elle	O
venait	O
de	O
goûter	O
dans	O
les	O
miens	O
,	O
et	O
se	O
disant	O
ce	O
que	O
je	O
ne	O
pouvais	O
jamais	O
me	O
dire	O
:	O
"	O
Le	O
plaisir	O
est	O
tout	O
l'	O
amour	O
,	O
il	O
est	O
plus	O
fort	O
que	O
tout	O
,	O
la	O
conscience	O
n'	O
est	O
rien	O
devant	O
lui	O
!	O
"	O
Elle	O
avait	O
vécu	O
de	O
ce	O
blasphème	O
et	O
elle	O
allait	O
en	O
vivre	O
encore	O
,	O
puisqu'elle	O
trahissait	O
le	O
souvenir	O
de	O
l'	O
amant	O
sans	O
aucun	O
trouble	O
,	O
pour	O
demander	O
à	O
l'	O
époux	O
l'	O
enivrement	O
de	O
même	O
nature	O
,	O
sauf	O
à	O
comparer	O
après	O
quel	O
vin	O
était	O
le	O
plus	O
capiteux	O
et	O
provoquait	O
le	O
mieux	O
l'	O
athéisme	O
de	O
le	O
cœur	O
,	O
dernière	O
ressource	O
d'	O
une	O
mauvaise	O
conscience	O
et	O
d'	O
un	O
instinct	O
perverti	O
.	O
</p>	O
<p n='FR04581183'>	O
J'	O
eus	O
beau	O
m'	O
efforcer	O
de	O
l'	O
excuser	O
,	O
je	O
sentis	O
qu'	O
elle	O
me	O
devenait	O
,	O
non	O
pas	O
odieuse	O
,	O
car	O
la	O
haine	O
est	O
un	O
amour	O
encore	O
,	O
mais	O
étrangère	O
sous	O
un	O
certain	O
aspect	O
.	O
</p>	O
</sample>	O
</samples>	O

