Word	Tag
<?xml version='1.0' encoding='UTF-8'?>	O
<samples n='FR0445'>	O
<sample>	O
<p n='FR0445732'>	O
--	O
Moi	O
.	O
Je	O
vas	O
dormir	O
:	O
vous	O
m'	O
avez	O
donné	O
de	O
l'	O
espoir	O
.	O
</p>	O
<p n='FR0445733'>	O
--	O
N'	O
en	O
aie	O
pas	O
trop	O
et	O
sois	O
prudente	O
.	O
</p>	O
<p n='FR0445734'>	O
--	O
Je	O
le	O
serai	O
!	O
Dieu	B-Pers
soit	O
avec	O
vous	O
.	O
</p>	O
<p n='FR0445735'>	O
Je	O
le	O
quittai	O
,	O
je	O
trouvai	O
Laurian	B-Pers
dans	O
le	O
corridor	O
.	O
Il	O
m'	O
attendait	O
;	O
mais	O
il	O
ne	O
me	O
dit	O
pas	O
un	O
mot	O
,	O
il	O
ne	O
me	O
regarda	O
pas	O
,	O
il	O
monta	O
l'	O
escalier	O
et	O
je	O
le	O
suivis	O
.	O
Il	O
me	O
donna	O
le	O
flambeau	O
qu'	O
il	O
tenait	O
et	O
une	O
clef	O
en	O
me	O
montrant	O
une	O
porte	O
.	O
Puis	O
il	O
me	O
tourna	O
le	O
dos	O
et	O
redescendit	O
sans	O
bruit	O
.	O
Ah	O
!	O
c'	O
était	O
bien	O
la	B-Event
Terreur	O
!	O
Je	O
ne	O
l'	O
avais	O
pas	O
encore	O
vue	O
de	O
si	O
près	O
,	O
mon	O
cœur	O
se	O
serra	O
.	O
</p>	O
<p n='FR0445736'>	O
J'	O
étais	O
si	O
lasse	O
,	O
que	O
je	O
m'	O
en	O
voulais	O
de	O
me	O
sentir	O
vaincue	O
et	O
comme	O
incapable	O
de	O
veiller	O
une	O
minute	O
de	O
plus	O
.	O
</p>	O
<p n='FR0445737'>	O
--	O
Mon	O
Dieu	B-Pers
,	O
me	O
disais	O
-je	O
en	O
tombant	O
sur	O
le	O
lit	O
,	O
n'	O
ai	O
-je	O
pas	O
plus	O
de	O
force	O
que	O
cela	O
?	O
J'	O
ai	O
cru	O
que	O
je	O
pourrais	O
faire	O
l'	O
impossible	O
,	O
et	O
voilà	O
que	O
je	O
succombe	O
à	O
la	O
première	O
fatigue	O
!	O
</p>	O
<p n='FR0445738'>	O
Je	O
m'	O
endormis	O
en	O
me	O
disant	O
pour	O
me	O
consoler	O
:	O
</p>	O
<p n='FR0445739'>	O
--	O
Bah	O
!	O
c'	O
est	O
comme	O
cela	O
à	O
le	O
commencement	O
;	O
je	O
m'	O
y	O
habituerai	O
.	O
</p>	O
<p n='FR0445740'>	O
Je	O
dormis	O
sans	O
savoir	O
où	O
j'	O
étais	O
,	O
et	O
,	O
quand	O
je	O
m'	O
éveillai	O
avec	O
le	O
jour	O
,	O
j'	O
eus	O
de	O
la	O
peine	O
à	O
me	O
reconnaître	O
.	O
Ma	O
première	O
pensée	O
fut	O
de	O
regarder	O
mes	O
pieds	O
;	O
pas	O
de	O
blessure	O
,	O
pas	O
d'	O
enflure	O
.	O
Je	O
les	O
lavai	O
et	O
les	O
chaussai	O
avec	O
soin	O
;	O
je	O
me	O
souvenais	O
d'	O
avoir	O
craint	O
de	O
n'	O
être	O
pas	O
bonne	O
marcheuse	O
,	O
un	O
jour	O
que	O
mon	B-Rolemisc
cousin	I-Rolemisc
Jacques	B-Pers
avait	O
raillé	O
la	O
petitesse	O
de	O
mes	O
pieds	O
et	O
de	O
mes	O
mains	O
,	O
disant	O
que	O
j'	O
avais	O
des	O
pattes	O
de	O
cigale	O
et	O
non	O
de	O
femme	O
.	O
Je	O
lui	O
avais	O
répondu	O
:	O
</p>	O
<p n='FR0445741'>	O
--	O
Les	O
cigales	O
ont	O
de	O
bonnes	O
jambes	O
et	O
sautent	O
mieux	O
que	O
tu	O
ne	O
marches	O
.	O
</p>	O
<p n='FR0445742'>	O
La	B-Pers
Mariotte	I-Pers
avait	O
dit	O
:	O
</p>	O
<p n='FR0445743'>	O
--	O
Elle	O
a	O
raison	O
;	O
on	O
peut	O
être	O
mal	O
partagé	O
comme	O
elle	O
,	O
et	O
marcher	O
aussi	O
bien	O
qu'	O
avec	O
de	O
beaux	O
grands	O
pieds	O
;	O
l'	O
important	O
,	O
c'	O
est	O
qu'	O
ils	O
soient	O
bons	O
.	O
</p>	O
<p n='FR0445744'>	O
J'	O
avais	O
donc	O
de	O
bons	O
pieds	O
,	O
j'	O
en	O
étais	O
contente	O
.	O
Je	O
ne	O
me	O
sentais	O
plus	O
lasse	O
.	O
J'	O
étais	O
prête	O
à	O
faire	O
le	O
tour	O
de	O
la	O
France	B-Place
pour	O
suivre	O
Émilien	B-Pers
.	O
</p>	O
<p n='FR0445745'>	O
Mais	O
lui	O
!	O
comme	O
il	O
devait	O
être	O
triste	O
et	O
malade	O
de	O
se	O
voir	O
enfermé	O
!	O
Avait	O
-il	O
de	O
quoi	O
manger	O
,	O
de	O
quoi	O
changer	O
,	O
de	O
quoi	O
dormir	O
?	O
Je	O
ne	O
voulus	O
pas	O
y	O
penser	O
,	O
cela	O
me	O
donnait	O
comme	O
une	O
défaillance	O
.	O
J'	O
étais	O
dans	O
une	O
petite	O
soupente	O
avec	O
une	O
croisée	O
ouvrant	O
sur	O
le	O
toit	O
.	O
Je	O
ne	O
pouvais	O
pas	O
y	O
grimper	O
,	O
je	O
ne	O
voyais	O
que	O
le	O
ciel	O
.	O
Je	O
regardai	O
la	O
porte	O
par	O
laquelle	O
j'	O
étais	O
entrée	O
,	O
elle	O
était	O
fermée	O
en	O
dehors	O
.	O
Moi	O
aussi	O
,	O
j'	O
étais	O
en	O
prison	O
.	O
M.	B-Pers
Costejoux	I-Pers
me	O
cachait	O
,	O
c'	O
était	O
pour	O
mon	O
bien	O
.	O
Je	O
patientai	O
.	O
</p>	O
</sample>	O
<sample>	O
<p n='FR0445359'>	O
--	O
Mais	O
que	O
ferez	O
-vous	O
,	O
mon	O
petit	B-Rolemisc
frère	I-Rolemisc
,	O
si	O
vos	B-Rolemisc
parents	I-Rolemisc
ne	O
vous	O
donnent	O
rien	O
de	O
leurs	O
biens	O
?	O
</p>	O
<p n='FR0445360'>	O
--	O
S'	O
ils	O
me	O
laissaient	O
mourir	O
de	O
faim	O
,	O
ce	O
que	O
je	O
ne	O
suppose	O
pas	O
,	O
je	O
me	O
ferais	O
paysan	B-Role
,	O
ce	O
qui	O
ne	O
me	O
serait	O
pas	O
difficile	O
.	O
Je	O
sais	O
me	O
servir	O
d'	O
une	O
cognée	O
et	O
d'	O
un	O
hoyau	O
tout	O
comme	O
un	O
autre	O
.	O
Il	O
me	O
semble	O
très	O
aisé	O
de	O
vivre	O
à	O
ma	O
guise	O
,	O
à	O
présent	O
que	O
le	O
monde	O
m'	O
est	O
ouvert	O
.	O
Je	O
ne	O
me	O
tourmente	O
pas	O
de	O
le	O
tout	O
de	O
mon	O
sort	O
.	O
à	O
le	O
besoin	O
,	O
je	O
me	O
ferais	O
soldat	B-Role
,	O
j'	O
ai	O
de	O
l'	O
espérance	O
et	O
de	O
la	O
gaieté	O
plein	O
le	O
cœur	O
.	O
On	O
me	O
laisse	O
ici	O
,	O
j'	O
y	O
reste	O
sans	O
ennui	O
et	O
sans	O
impatience	O
,	O
à	O
présent	O
que	O
j'	O
y	O
ai	O
des	O
amis	O
et	O
que	O
personne	O
ne	O
me	O
méprise	O
plus	O
.	O
Tu	O
vois	O
que	O
tu	O
n'	O
as	O
plus	O
à	O
t'	O
inquiéter	O
de	O
moi	O
.	O
Songe	O
plutôt	O
à	O
toi-même	O
,	O
ne	O
te	O
décourage	O
pas	O
des	O
ennuis	O
que	O
tu	O
auras	O
pour	O
gouverner	O
ton	O
petit	O
bien	O
.	O
Le	O
paysan	B-Role
d'	O
aujourd'hui	O
,	O
vois	O
-tu	O
,	O
est	O
entre	O
deux	O
choses	O
bien	O
différentes	O
:	O
le	O
passé	O
,	O
où	O
beaucoup	O
aimaient	O
mieux	O
souffrir	O
que	O
de	O
s'	O
aider	O
;	O
l'	O
avenir	O
,	O
où	O
,	O
en	O
s'	O
aidant	O
,	O
il	O
ne	O
souffrira	O
plus	O
.	O
Tu	O
as	O
toujours	O
eu	O
l'	O
idée	O
de	O
le	O
courage	O
,	O
puisque	O
c'	O
est	O
toi	O
la	O
première	O
qui	O
me	O
l'	O
as	O
donnée	O
.	O
Conserve	O
-la	O
,	O
c'	O
est	O
la	O
bonne	O
,	O
et	O
,	O
s'	O
il	O
faut	O
doubler	O
ta	O
volonté	O
,	O
double	O
-la	O
plutôt	O
que	O
de	O
retourner	O
dans	O
l'	O
état	O
d'	O
âme	O
malade	O
et	O
abrutie	O
où	O
le	O
servage	O
tient	O
ceux	O
qui	O
l'	O
acceptent	O
.	O
</p>	O
<p n='FR0445361'>	O
Je	O
ne	O
sais	O
pas	O
trop	O
en	O
quelles	O
paroles	O
le	O
petit	B-Rolemisc
frère	I-Rolemisc
me	O
dit	O
toutes	O
ces	O
choses	O
;	O
je	O
me	O
les	O
rappelle	O
comme	O
je	O
peux	O
,	O
et	O
sans	O
doute	O
il	O
fit	O
effort	O
pour	O
les	O
faire	O
entrer	O
dans	O
mon	O
esprit	O
,	O
mais	O
elles	O
y	O
entrèrent	O
bien	O
et	O
une	O
fois	O
pour	O
toutes	O
;	O
elles	O
répondaient	O
à	O
l'	O
instinct	O
que	O
j'	O
avais	O
de	O
me	O
bien	O
gouverner	O
dans	O
la	O
vie	O
,	O
et	O
j'	O
en	O
ai	O
fait	O
mon	O
profit	O
,	O
ma	O
vie	O
durant	O
.	O
</p>	O
<p n='FR0445362'>	O
Nous	O
retournâmes	O
à	O
la	O
fête	O
,	O
dont	O
le	O
bruit	O
nous	O
attirait	O
.	O
Il	O
était	O
arrivé	O
deux	O
paroisses	O
voisines	O
qui	O
venaient	O
fraterniser	O
avec	O
nous	O
,	O
on	O
disait	O
comme	O
cela	O
.	O
Elles	O
avaient	O
amené	O
leurs	O
musettes	O
et	O
pipeaux	O
et	O
planté	O
leurs	O
banderoles	O
auprès	O
de	O
la	O
nôtre	O
,	O
sur	O
la	O
fontaine	O
à	O
les	O
miracles	O
.	O
Jamais	B-Pers
Valcreux	I-Pers
n'	O
avait	O
vu	O
si	O
belle	O
réjouissance	O
,	O
et	O
,	O
quand	O
vint	O
la	O
nuit	O
,	O
on	O
fit	O
effort	O
pour	O
se	O
quitter	O
.	O
On	O
allait	O
commencer	O
la	O
moisson	O
,	O
et	O
les	O
gens	O
de	O
la	O
plaine	O
,	O
s'	O
étant	O
loués	O
pour	O
abattre	O
la	O
récolte	O
,	O
ou	O
ayant	O
quelque	O
chose	O
à	O
recueillir	O
chez	O
eux	O
,	O
ne	O
voulaient	O
pas	O
manquer	O
à	O
le	O
devoir	O
de	O
la	O
terre	O
.	O
C'	O
était	O
des	O
communes	O
plus	O
riches	O
que	O
nous	O
autres	O
gens	O
de	O
montagne	O
pour	O
qui	O
la	O
moisson	O
n'	O
était	O
pas	O
une	O
si	O
grande	O
affaire	O
;	O
et	O
,	O
comme	O
quelques-uns	O
de	O
chez	O
nous	O
s'	O
en	O
plaignaient	O
:	O
</p>	O
</sample>	O
<sample>	O
<p n='FR0445287'>	O
--	O
Ce	O
sera	O
,	O
dit	O
-il	O
,	O
pour	O
le	O
souper	O
de	O
ton	B-Rolemisc
oncle	I-Rolemisc
,	O
et	O
tu	O
ne	O
peux	O
pas	O
refuser	O
.	O
</p>	O
<p n='FR0445288'>	O
--	O
Mais	O
c'	O
est	O
le	O
gibier	O
des	O
moines	O
?	O
</p>	O
<p n='FR0445289'>	O
--	O
En	O
ce	O
cas	O
,	O
c'	O
est	O
le	O
mien	O
et	O
j'	O
ai	O
le	O
droit	O
d'	O
en	O
disposer	O
.	O
</p>	O
<p n='FR0445290'>	O
--	O
Je	O
vous	O
remercie	O
;	O
mais	O
je	O
voudrais	O
quelque	O
chose	O
pour	O
moi	O
qui	O
ne	O
suis	O
pas	O
gourmande	O
.	O
</p>	O
<p n='FR0445291'>	O
--	O
Quoi	O
donc	O
?	O
</p>	O
<p n='FR0445292'>	O
--	O
Je	O
voudrais	O
savoir	O
toutes	O
mes	O
lettres	O
aujourd'hui	O
.	O
Me	O
voilà	O
reposée	O
,	O
vous	O
n'	O
êtes	O
pas	O
bien	O
las	O
...	O
</p>	O
<p n='FR0445293'>	O
--	O
Allons	O
,	O
je	O
veux	O
bien	O
,	O
dit	O
-il	O
.	O
</p>	O
<p n='FR0445294'>	O
Et	O
il	O
me	O
fit	O
lire	O
encore	O
.	O
</p>	O
<p n='FR0445295'>	O
Le	O
soleil	O
baissait	O
,	O
j'	O
avais	O
mieux	O
mon	O
esprit	O
.	O
Je	O
connus	O
tout	O
mon	O
alphabet	O
ce	O
jour-là	O
,	O
et	O
j'	O
étais	O
contente	O
,	O
en	O
rentrant	O
,	O
d'	O
entendre	O
chanter	O
les	O
grives	O
et	O
gronder	O
la	O
rivière	O
.	O
Rosette	B-Pers
marchait	O
bien	O
sage	O
devant	O
nous	O
et	O
le	O
petit	B-Rolemisc
frère	I-Rolemisc
me	O
tenait	O
par	O
la	O
main	O
.	O
Le	O
soleil	O
se	O
couchait	O
sur	O
notre	O
droite	O
,	O
les	O
bois	O
de	O
châtaigniers	O
et	O
de	O
hêtres	O
étaient	O
comme	O
en	O
feu	O
.	O
Les	O
prés	O
en	O
étaient	O
rouges	O
,	O
et	O
,	O
quand	O
nous	O
découvrîmes	O
la	O
vue	O
de	O
la	O
rivière	O
,	O
elle	O
paraissait	O
tout	O
en	O
or	O
.	O
C'	O
était	O
la	O
première	O
fois	O
que	O
je	O
faisais	O
attention	O
à	O
ces	O
choses	O
,	O
et	O
je	O
dis	O
à	O
le	O
petit	O
frère	O
que	O
tout	O
me	O
paraissait	O
drôle	O
.	O
</p>	O
<p n='FR0445296'>	O
--	O
Qu'	O
est	O
-ce	O
que	O
tu	O
veux	O
dire	O
?	O
</p>	O
<p n='FR0445297'>	O
--	O
Je	O
veux	O
dire	O
que	O
le	O
soleil	O
est	O
comme	O
un	O
feu	O
gai	O
,	O
et	O
l'	O
eau	O
comme	O
la	O
vierge	O
reluisante	O
de	O
le	O
moutier	O
;	O
ça	O
n'	O
était	O
pas	O
comme	O
ça	O
les	O
autres	O
fois	O
.	O
</p>	O
<p n='FR0445298'>	O
--	O
C'	O
est	O
comme	O
cela	O
toutes	O
les	O
fois	O
que	O
le	O
soleil	O
se	O
couche	O
par	O
un	O
beau	O
temps	O
.	O
</p>	O
<p n='FR0445299'>	O
--	O
Pourtant	O
le	O
père	B-Pers
Jean	I-Pers
dit	O
que	O
,	O
quand	O
le	O
ciel	O
est	O
rouge	O
,	O
c'	O
est	O
signe	O
de	O
guerre	O
.	O
</p>	O
<p n='FR0445300'>	O
--	O
Il	O
y	O
a	O
bien	O
d'	O
autres	O
signes	O
de	O
guerre	O
,	O
ma	O
pauvre	O
Nanon	B-Pers
!	O
</p>	O
<p n='FR0445301'>	O
Je	O
ne	O
lui	O
demandai	O
pas	O
lesquels	O
,	O
j'	O
étais	O
pensive	O
;	O
mes	O
yeux	O
éblouis	O
voyaient	O
des	O
lettres	O
rouges	O
et	O
bleues	O
dans	O
les	O
rayons	O
de	O
le	O
couchant	O
.	O
</p>	O
<p n='FR0445302'>	O
--	O
Y	O
a	O
-t-il	O
dans	O
le	O
ciel	O
,	O
pensais	O
-je	O
,	O
un	O
signe	O
qui	O
me	O
dira	O
si	O
je	O
saurai	O
lire	O
?	O
</p>	O
<p n='FR0445303'>	O
La	O
grive	O
chantait	O
toujours	O
et	O
semblait	O
nous	O
suivre	O
dans	O
les	O
buissons	O
.	O
Je	O
m'	O
imaginai	O
qu'	O
elle	O
me	O
parlait	O
de	O
la	O
part	O
de	O
le	O
bon	O
Dieu	B-Pers
et	O
me	O
faisait	O
des	O
promesses	O
.	O
Je	O
demandai	O
à	O
mon	O
compagnon	O
s'	O
il	O
comprenait	O
ce	O
que	O
les	O
oiseaux	O
chantaient	O
.	O
</p>	O
<p n='FR0445304'>	O
--	O
Oui	O
,	O
répondit	O
-il	O
,	O
je	O
le	O
comprends	O
très	O
bien	O
.	O
</p>	O
<p n='FR0445305'>	O
--	O
Eh	O
bien	O
!	O
la	O
grive	O
,	O
qu'	O
est	O
-ce	O
qu'	O
elle	O
dit	O
?	O
</p>	O
<p n='FR0445306'>	O
--	O
Elle	O
dit	O
qu'	O
elle	O
a	O
des	O
ailes	O
,	O
qu'	O
elle	O
est	O
heureuse	O
,	O
et	O
que	O
Dieu	B-Pers
est	O
bon	O
pour	O
les	O
oiseaux	O
!	O
</p>	O
<p n='FR0445307'>	O
C'	O
est	O
ainsi	O
que	O
nous	O
devisions	O
en	O
descendant	O
le	O
ravin	O
,	O
pendant	O
que	O
toute	O
la	O
France	B-Place
était	O
en	O
armes	O
et	O
cherchait	O
la	O
bataille	O
.	O
</p>	O
<p n='FR0445308'>	O
À	O
la	O
nuit	O
,	O
mon	O
monde	O
rentra	O
,	O
et	O
je	O
servis	O
le	O
lièvre	O
,	O
qui	O
fut	O
trouvé	O
bon	O
.	O
On	O
n'	O
avait	O
point	O
vu	O
de	O
brigands	B-Role
et	O
on	O
commençait	O
à	O
dire	O
qu'	O
il	O
n'	O
y	O
en	O
avait	O
point	O
,	O
ou	O
qu'	O
ils	O
ne	O
s'	O
aviseraient	O
pas	O
de	O
venir	O
chez	O
nous	O
.	O
Le	O
lendemain	O
,	O
on	O
se	O
tint	O
encore	O
en	O
défense	O
,	O
mais	O
ensuite	O
on	O
se	O
remit	O
à	O
le	O
travail	O
.	O
Les	O
femmes	O
qui	O
avaient	O
caché	O
leurs	O
enfants	O
reparurent	O
avec	O
eux	O
;	O
on	O
déterra	O
le	O
linge	O
et	O
le	O
peu	O
d'	O
argent	O
qu'	O
on	O
avait	O
enfouis	O
,	O
tout	O
redevint	O
tranquille	O
comme	O
auparavant	O
.	O
On	O
fut	O
content	O
de	O
le	O
petit	B-Rolemisc
frère	I-Rolemisc
qui	O
,	O
en	O
parlant	O
à	O
propos	O
à	O
les	O
moines	B-Role
,	O
avait	O
empêché	O
les	O
paroissiens	O
de	O
se	O
brouiller	O
avec	O
eux	O
;	O
on	O
pensait	O
qu'	O
ils	O
étaient	O
pour	O
durer	O
encore	O
longtemps	O
et	O
on	O
n'	O
eût	O
pas	O
voulu	O
encourir	O
leur	O
colère	O
.	O
Ils	O
n'	O
en	O
montrèrent	O
pas	O
.	O
On	O
prétendit	O
que	O
le	O
petit	B-Rolemisc
frère	I-Rolemisc
les	O
avait	O
bien	O
raisonnés	O
.	O
On	O
remarqua	O
qu'	O
il	O
avait	O
toujours	O
nié	O
l'	O
arrivée	O
des	O
brigands	B-Role
et	O
on	O
commença	O
à	O
le	O
considérer	O
plus	O
qu'	O
on	O
n'	O
avait	O
fait	O
jusque-là	O
.	O
</p>	O
</sample>	O
<sample>	O
<p n='FR0445866'>	O
--	O
Eh	O
bien	O
,	O
souviens	O
-toi	O
d'	O
un	O
endroit	O
qui	O
s'	O
appelle	O
les	B-Fac
Taupins	I-Fac
.	O
Dumont	B-Pers
doit	O
le	O
connaître	O
,	O
c'	O
est	O
la	O
seule	O
bicoque	O
à	O
le	O
milieu	O
d'	O
une	O
très	O
vaste	O
lande	O
.	O
Je	O
serai	O
en	O
chaise	O
de	O
poste	O
,	O
j'	O
ai	O
une	O
escorte	O
de	O
deux	O
hommes	O
,	O
mais	O
ceux-là	O
,	O
ce	O
sont	O
des	O
amis	O
,	O
je	O
suis	O
sûr	O
d'	O
eux	O
.	O
Le	O
prisonnier	O
s'	O
évadera	O
en	O
cet	O
endroit	O
,	O
ils	O
ne	O
s'	O
apercevront	O
de	O
rien	O
et	O
ne	O
constateront	O
l'	O
évasion	O
qu'	O
à	O
les	O
environs	O
de	O
Limoges	B-Place
,	O
c'	O
est-à-dire	O
quand	O
vous	O
serez	O
assez	O
loin	O
pour	O
ne	O
rien	O
craindre	O
.	O
Allons	O
,	O
préparez	O
-vous	O
,	O
voilà	O
de	O
l'	O
argent	O
;	O
vous	O
ne	O
savez	O
pas	O
combien	O
de	O
temps	O
il	O
faudra	O
vous	O
cacher	O
,	O
et	O
sans	O
argent	O
on	O
est	O
perdu	O
.	O
</p>	O
<p n='FR0445867'>	O
Nous	O
nous	O
embrassâmes	O
tous	O
trois	O
avec	O
effusion	O
.	O
Émilien	B-Pers
lui	O
recommanda	O
sa	O
sœur	O
,	O
dont	O
il	O
promit	O
de	O
s'	O
occuper	O
,	O
et	O
je	O
courus	O
avertir	O
Dumont	B-Pers
et	O
charger	O
l'	O
âne	O
.	O
Nous	O
ne	O
devions	O
rien	O
à	O
Mouton	B-Pers
,	O
nous	O
avions	O
payé	O
le	O
mois	O
d'	O
avance	O
.	O
Nous	O
ne	O
fîmes	O
pas	O
mystère	O
de	O
notre	O
départ	O
.	O
Dumont	B-Pers
disait	O
avoir	O
reçu	O
une	O
lettre	O
de	O
son	B-Rolemisc
frère	I-Rolemisc
qui	O
l'	O
appelait	O
pour	O
affaire	O
pressante	O
,	O
et	O
nous	O
étions	O
censés	O
aller	O
à	O
Vatan	B-Place
pour	O
quelques	O
jours	O
.	O
Nous	O
laissâmes	O
quelques	O
objets	O
pour	O
marquer	O
l'	O
intention	O
de	O
revenir	O
.	O
</p>	O
<p n='FR0445868'>	O
Quand	O
nous	O
fûmes	O
en	O
pleine	O
campagne	O
,	O
protégés	O
par	O
la	O
nuit	O
,	O
et	O
avec	O
la	O
joie	O
dans	O
le	O
cœur	O
,	O
nous	O
pleurions	O
,	O
Dumont	B-Pers
et	O
moi	O
,	O
sans	O
pouvoir	O
nous	O
rien	O
dire	O
.	O
Mais	O
bientôt	O
ce	O
brave	O
homme	O
,	O
rompant	O
le	O
silence	O
et	O
me	O
parlant	O
à	O
demi-voix	O
,	O
m'	O
exprima	O
des	O
sentiments	O
dont	O
je	O
fus	O
touchée	O
,	O
bien	O
que	O
j'	O
eusse	O
préféré	O
marcher	O
vite	O
et	O
ne	O
pas	O
trop	O
m'	O
émouvoir	O
,	O
pour	O
avoir	O
bien	O
ma	O
présence	O
d'	O
esprit	O
.	O
</p>	O
<p n='FR0445869'>	O
--	O
Nanon	B-Pers
,	O
me	O
disait	O
-il	O
,	O
nous	O
sommes	O
bénis	O
de	O
Dieu	B-Pers
,	O
cela	O
est	O
bien	O
sûr	O
;	O
mais	O
c'	O
est	O
à	O
cause	O
de	O
toi	O
qui	O
as	O
un	O
si	O
grand	O
cœur	O
et	O
un	O
courage	O
d'	O
homme	O
.	O
Pour	O
moi	O
je	O
ne	O
vaux	O
rien	O
,	O
et	O
j'	O
ai	O
mille	O
fois	O
mérité	O
l'	O
échafaud	O
!	O
Quand	O
je	O
pense	O
qu'	O
à	O
le	O
lieu	O
d'	O
économiser	O
et	O
de	O
pouvoir	O
laisser	O
une	O
petite	O
rente	O
à	O
mon	O
pauvre	O
enfant	O
(	O
il	O
parlait	O
d'	O
Émilien	B-Pers
)	O
,	O
je	O
me	O
suis	O
comporté	O
comme	O
une	O
brute	O
,	O
buvant	O
tout	O
,	O
oui	O
tout	O
!	O
Ah	O
!	O
je	O
suis	O
comme	O
ce	O
prêtre	B-Role
,	O
je	O
suis	O
dégoûté	O
de	O
la	O
vie	O
,	O
et	O
je	O
ne	O
veux	O
plus	O
que	O
tu	O
me	O
parles	O
,	O
si	O
je	O
recommence	O
à	O
m'	O
enivrer	O
.	O
</p>	O
<p n='FR0445870'>	O
--	O
Vous	O
ne	O
devez	O
pas	O
craindre	O
cela	O
,	O
lui	O
répondis	O
-je	O
.	O
Vous	O
êtes	O
guéri	O
,	O
car	O
c'	O
était	O
comme	O
une	O
maladie	O
,	O
et	O
c'	O
est	O
votre	O
bon	O
cœur	O
qui	O
vous	O
l'	O
a	O
fait	O
surmonter	O
.	O
Vous	O
avez	O
été	O
mis	O
à	O
l'	O
épreuve	O
,	O
car	O
,	O
pour	O
avoir	O
la	O
confiance	O
de	O
ce	O
geôlier	O
,	O
vous	O
avez	O
été	O
forcé	O
de	O
trinquer	O
souvent	O
et	O
avez	O
si	O
bien	O
veillé	O
sur	O
vous-même	O
,	O
que	O
vous	O
l'	O
avez	O
souvent	O
grisé	O
sans	O
jamais	O
perdre	O
la	O
raison	O
.	O
</p>	O
<p n='FR0445871'>	O
--	O
Ah	O
!	O
c'	O
était	O
difficile	O
,	O
oui	O
,	O
je	O
n'	O
ai	O
jamais	O
rien	O
fait	O
de	O
si	O
difficile	O
et	O
je	O
ne	O
m'	O
en	O
serais	O
jamais	O
cru	O
capable	O
!	O
mais	O
ça	O
n'	O
empêche	O
pas	O
le	O
passé	O
et	O
je	O
crois	O
bien	O
que	O
j'	O
aurai	O
beau	O
faire	O
,	O
je	O
n'	O
en	O
serai	O
pas	O
moins	O
damné	O
...	O
Oui	O
,	O
Nanon	B-Pers
,	O
damné	O
comme	O
un	O
chien	O
!	O
</p>	O
</sample>	O
<sample>	O
<p n='FR0445668'>	O
J'	O
arrivai	O
le	O
soir	O
sans	O
retard	O
ni	O
accident	O
à	O
Limoges	B-Place
et	O
je	O
demandai	O
la	O
maison	O
de	O
M.	B-Pers
Costejoux	I-Pers
que	O
je	O
découvris	O
sans	O
peine	O
.	O
J'	O
y	O
entrai	O
résolument	O
et	O
demandai	O
à	O
lui	O
parler	O
.	O
On	O
me	O
répondit	O
qu'	O
il	O
était	O
à	O
table	O
et	O
qu'	O
on	O
ne	O
voulait	O
pas	O
le	O
déranger	O
.	O
</p>	O
<p n='FR0445669'>	O
Je	O
repris	O
avec	O
aplomb	O
qu'	O
un	O
patriote	O
comme	O
lui	O
était	O
toujours	O
prêt	O
à	O
écouter	O
un	O
enfant	O
de	O
le	O
peuple	O
,	O
et	O
que	O
je	O
demandais	O
qu'	O
on	O
lui	O
rapportât	O
mes	O
paroles	O
.	O
Un	O
moment	O
après	O
,	O
on	O
me	O
fit	O
monter	O
dans	O
la	O
salle	O
à	O
manger	O
,	O
où	O
je	O
faillis	O
perdre	O
contenance	O
en	O
le	O
voyant	O
à	O
le	O
milieu	O
d'	O
une	O
demi-douzaine	O
d'	O
hommes	O
à	O
figures	O
plus	O
ou	O
moins	O
sinistres	O
qui	O
sortaient	O
de	O
table	O
,	O
un	O
ou	O
deux	O
allumant	O
des	O
pipes	O
,	O
ce	O
qui	O
,	O
dans	O
ce	O
temps-là	O
,	O
était	O
réputé	O
grossier	O
.	O
La	O
parole	O
que	O
le	O
domestique	B-Role
avait	O
transmise	O
de	O
ma	O
part	O
attirait	O
l'	O
attention	O
sur	O
moi	O
.	O
On	O
me	O
regardait	O
en	O
ricanant	O
,	O
et	O
l'	O
un	O
de	O
ces	O
hommes	O
me	O
posa	O
sur	O
la	O
joue	O
une	O
grande	O
main	O
velue	O
qui	O
me	O
fit	O
peur	O
.	O
Mais	O
j'	O
avais	O
à	O
jouer	O
un	O
rôle	O
et	O
je	O
cachai	O
mon	O
dégoût	O
.	O
Je	O
fis	O
,	O
des	O
yeux	O
,	O
l'	O
inspection	O
de	O
tout	O
ce	O
monde	O
.	O
Je	O
n'	O
y	O
connaissais	O
personne	O
,	O
ce	O
qui	O
me	O
rassura	O
entièrement	O
.	O
Personne	O
ne	O
pouvait	O
me	O
connaître	O
.	O
</p>	O
<p n='FR0445670'>	O
J'	O
ignorais	O
le	O
danger	O
de	O
rencontrer	O
l'	O
odieux	O
frère	B-Pers
Pamphile	I-Pers
,	O
puisque	O
Dumont	B-Pers
ne	O
l'	O
avait	O
point	O
vu	O
et	O
ne	O
savait	O
rien	O
de	O
sa	O
conversion	O
à	O
le	O
sans-culottisme	O
.	O
Par	O
bonheur	O
,	O
il	O
ne	O
se	O
trouvait	O
pas	O
là	O
,	O
et	O
je	O
me	O
mis	O
à	O
chercher	O
M.	B-Pers
Costejoux	I-Pers
,	O
qui	O
se	O
tenait	O
vers	O
le	O
poêle	O
,	O
le	O
dos	O
tourné	O
.	O
</p>	O
<p n='FR0445671'>	O
Il	O
fit	O
un	O
mouvement	O
et	O
me	O
vit	O
.	O
Je	O
n'	O
oublierai	O
jamais	O
le	O
regard	O
qu'	O
il	O
me	O
lança	O
;	O
que	O
de	O
paroles	O
à	O
la	O
fois	O
il	O
y	O
avait	O
dans	O
ce	O
regard	O
!	O
Je	O
les	O
compris	O
toutes	O
,	O
je	O
m'	O
approchai	O
de	O
lui	O
et	O
lui	O
dis	O
avec	O
aplomb	O
,	O
en	O
reprenant	O
le	O
langage	O
de	O
paysanne	O
que	O
je	O
n'	O
avais	O
eu	O
garde	O
d'	O
oublier	O
,	O
mais	O
en	O
l'	O
accentuant	O
de	O
l'	O
affectation	O
révolutionnaire	O
:	O
</p>	O
<p n='FR0445672'>	O
--	O
C'	O
est-i	O
toi	O
,	O
le	O
citoyen	B-Pers
Costejoux	I-Pers
?	O
</p>	O
<p n='FR0445673'>	O
Il	O
fut	O
surpris	O
sans	O
doute	O
de	O
ma	O
pénétration	O
et	O
de	O
mon	O
habileté	O
à	O
ne	O
pas	O
le	O
compromettre	O
,	O
mais	O
il	O
n'	O
en	O
fit	O
rien	O
paraître	O
:	O
</p>	O
<p n='FR0445674'>	O
--	O
C'	O
est	O
moi	O
,	O
répondit	O
-il	O
;	O
mais	O
toi	O
,	O
qui	O
es	O
-tu	O
,	O
jeune	O
citoyenne	O
,	O
et	O
que	O
me	O
veux	O
-tu	O
?	O
</p>	O
<p n='FR0445675'>	O
Je	O
lui	O
répondis	O
,	O
en	O
me	O
donnant	O
un	O
faux	O
nom	O
et	O
en	O
lui	O
parlant	O
d'	O
une	O
localité	O
qui	O
n'	O
était	O
pas	O
la	O
mienne	O
,	O
que	O
j'	O
avais	O
ouï-dire	O
qu'	O
il	O
cherchait	O
une	O
servante	B-Role
pour	O
sa	B-Rolemisc
mère	I-Rolemisc
et	O
que	O
je	O
venais	O
me	O
présenter	O
.	O
</p>	O
<p n='FR0445676'>	O
--	O
C'	O
est	O
bien	O
,	O
répondit	O
-il	O
.	O
Ma	B-Rolemisc
mère	I-Rolemisc
est	O
à	O
la	O
campagne	O
,	O
mais	O
je	O
sais	O
ce	O
qu'	O
il	O
lui	O
faut	O
et	O
je	O
t'	O
interrogerai	O
plus	O
tard	O
.	O
Va-	O
t'	O
en	O
souper	O
en	O
attendant	O
.	O
</p>	O
<p n='FR0445677'>	O
Il	O
dit	O
un	O
mot	O
à	O
son	O
familier	B-Role
,	O
qui	O
,	O
malgré	O
l'	O
égalité	O
,	O
me	O
conduisit	O
à	O
la	O
cuisine	O
.	O
Là	O
,	O
je	O
ne	O
dis	O
mot	O
,	O
sinon	O
pour	O
remercier	O
des	O
mets	O
que	O
l'	O
on	O
plaçait	O
devant	O
moi	O
et	O
je	O
me	O
gardai	O
de	O
faire	O
aucune	O
question	O
,	O
craignant	O
qu'	O
on	O
ne	O
m'	O
en	O
fît	O
auxquelles	O
j'	O
aurais	O
été	O
forcée	O
de	O
répondre	O
par	O
des	O
mensonges	O
invraisemblables	O
.	O
Je	O
mangeai	O
vite	O
et	O
m'	O
assis	O
dans	O
le	O
coin	O
de	O
la	O
cheminée	O
,	O
fermant	O
les	O
yeux	O
comme	O
une	O
personne	O
fatiguée	O
et	O
assoupie	O
,	O
pour	O
me	O
faire	O
oublier	O
.	O
Que	O
de	O
choses	O
pourtant	O
j'	O
aurais	O
voulu	O
savoir	O
!	O
Émilien	B-Pers
était	O
peut-être	O
déjà	O
jugé	O
,	O
peut-être	O
déjà	O
mort	O
.	O
Je	O
me	O
disais	O
:	O
</p>	O
</sample>	O
</samples>	O

