Word	Tag
<?xml version='1.0' encoding='UTF-8'?>	O
<samples n='FR0397'>	O
<sample>	O
<p n='FR03971137'>	O
--	O
Si	O
d'	O
autres	O
documents	O
de	O
cette	O
nature	O
vous	O
tombent	O
encore	O
entre	O
les	O
mains	O
,	O
dit	O
le	O
milliardaire	B-Role
,	O
je	O
vous	O
les	O
achèterai	O
,	O
à	O
le	O
même	O
prix	O
.	O
</p>	O
<p n='FR03971138'>	O
Le	O
soir	O
,	O
d'	O
énormes	O
transparents	O
électriques	O
annonçaient	O
à	O
les	O
lecteurs	O
de	O
le	O
Chicago	B-Work
Life	I-Work
un	O
tirage	O
supplémentaire	O
:	O
</p>	O
<p n='FR03971139'>	O
VOYEZ	O
</p>	O
<p n='FR03971140'>	O
LA	O
MORT	O
DE	O
L'	O
ILLUSTRE	O
INVENTEUR	B-Role
HATTISON	B-Pers
</p>	O
<p n='FR03971141'>	O
EXPLOSION	O
D'	O
UNE	O
USINE	O
</p>	O
<p n='FR03971142'>	O
UNE	O
RÉVOLTE	O
DES	O
TRAVAILLEURS	O
</p>	O
<p n='FR03971143'>	O
LA	O
STATUE	O
DE	O
HATTISON	B-Pers
</p>	O
<p n='FR03971144'>	O
LE	O
CONGRÈS	O
EN	O
DEUIL	O
</p>	O
<p n='FR03971145'>	O
NOUVEAUX	O
DÉTAILS	O
</p>	O
<p n='FR03971146'>	O
Olivier	B-Pers
Coronal	I-Pers
,	O
qui	O
flânait	O
en	O
sortant	O
de	O
l'	O
usine	B-Fac
Strauss	I-Fac
où	O
il	O
était	O
toujours	O
occupé	O
,	O
acheta	O
un	O
numéro	O
de	O
le	O
journal	O
.	O
</p>	O
<p n='FR03971147'>	O
Bien	O
qu'	O
il	O
se	O
méfiât	O
des	O
fausses	O
nouvelles	O
,	O
et	O
des	O
inventions	O
plus	O
ou	O
moins	O
habiles	O
dont	O
sont	O
remplies	O
les	O
feuilles	O
américaines	O
,	O
il	O
avait	O
été	O
intéressé	O
par	O
le	O
nom	O
de	O
Hattison	B-Pers
.	O
</p>	O
<p n='FR03971148'>	O
La	O
lecture	O
de	O
l'	O
article	O
sensationnel	O
,	O
qui	O
occupait	O
toute	O
une	O
page	O
de	O
le	O
journal	O
,	O
le	O
laissa	O
rêveur	O
.	O
</p>	O
<p n='FR03971149'>	O
Évidemment	O
,	O
le	O
vieil	O
ingénieur	B-Role
était	O
mort	O
,	O
le	O
deuxième	O
arsenal	O
des	O
milliardaires	O
était	O
détruit	O
.	O
</p>	O
<p n='FR03971150'>	O
Les	O
détails	O
circonstanciés	O
que	O
fournissaient	O
le	O
journal	O
ne	O
laissaient	O
aucun	O
doute	O
à	O
cet	O
égard	O
.	O
</p>	O
<p n='FR03971151'>	O
Mais	O
alors	O
quel	O
était	O
l'	O
auteur	O
de	O
ce	O
sinistre	O
?	O
Il	O
était	O
impossible	O
que	O
le	O
hasard	O
seul	O
eût	O
accompli	O
tout	O
cela	O
!	O
</p>	O
<p n='FR03971152'>	O
Olivier	B-Pers
Coronal	I-Pers
ne	O
put	O
s'	O
empêcher	O
de	O
songer	O
à	O
Léon	B-Pers
Goupit	I-Pers
dont	O
il	O
n'	O
avait	O
,	O
depuis	O
longtemps	O
,	O
reçu	O
aucune	O
nouvelle	O
.	O
</p>	O
<p n='FR03971153'>	O
Il	O
regagna	O
le	O
petit	O
hôtel	O
qu'	O
il	O
occupait	O
avec	O
Aurora	B-Pers
.	O
</p>	O
<p n='FR03971154'>	O
La	O
préoccupation	O
de	O
l'	B-Role
ingénieur	I-Role
était	O
visible	O
.	O
Il	O
marchait	O
en	O
baissant	O
la	O
tête	O
,	O
indifférent	O
à	O
l'	O
animation	O
des	O
avenues	O
.	O
</p>	O
<p n='FR03971155'>	O
Il	O
aurait	O
beaucoup	O
donné	O
pour	O
connaître	O
la	O
vérité	O
:	O
et	O
il	O
se	O
proposait	O
d'	O
écrire	O
à	O
les	O
Tavernier	B-Pers
dans	O
le	O
plus	O
bref	O
délai	O
.	O
</p>	O
<p n='FR03971156'>	O
L'	O
air	O
absorbé	O
de	O
son	B-Rolemisc
mari	I-Rolemisc
n'	O
échappa	O
pas	O
à	O
Aurora	B-Pers
.	O
</p>	O
<p n='FR03971157'>	O
Après	O
plusieurs	O
mois	O
d'	O
un	O
bonheur	O
sans	O
mélange	O
,	O
une	O
sourde	O
mésintelligence	O
avait	O
commencé	O
de	O
se	O
produire	O
entre	O
les	O
deux	O
époux	O
.	O
</p>	O
<p n='FR03971158'>	O
Malgré	O
l'	O
amour	O
sincère	O
qu'	O
ils	O
avaient	O
eu	O
l'	O
un	O
pour	O
l'	O
autre	O
,	O
la	O
confiance	O
n'	O
avait	O
jamais	O
pu	O
régner	O
entièrement	O
entre	O
eux	O
.	O
</p>	O
<p n='FR03971159'>	O
Olivier	B-Pers
entrevoyait	O
toujours	O
,	O
derrière	O
l'	O
image	O
de	O
sa	B-Rolemisc
femme	I-Rolemisc
,	O
la	O
physionomie	O
sombre	O
et	O
rechignée	O
de	O
William	B-Pers
Boltyn	I-Pers
.	O
</p>	O
<p n='FR03971160'>	O
Aurora	B-Pers
,	O
de	O
son	O
côté	O
,	O
ne	O
pouvait	O
oublier	O
que	O
son	B-Rolemisc
mari	I-Rolemisc
était	O
demeuré	O
l'	O
ami	O
de	O
Ned	B-Pers
Hattison	I-Pers
,	O
à	O
qui	O
elle	O
gardait	O
une	O
profonde	O
rancune	O
.	O
</p>	O
<p n='FR03971161'>	O
De	O
plus	O
,	O
avec	O
le	O
temps	O
et	O
la	O
cohabitation	O
perpétuelle	O
,	O
leurs	O
différences	O
de	O
tempérament	O
et	O
de	O
caractère	O
s'	O
étaient	O
accusées	O
.	O
</p>	O
<p n='FR03971162'>	O
Aurora	B-Pers
ne	O
pouvait	O
comprendre	O
qu'	O
Olivier	B-Pers
eût	O
le	O
mépris	O
de	O
le	O
luxe	O
et	O
des	O
dollars	O
.	O
</p>	O
<p n='FR03971163'>	O
Elle	O
trouvait	O
cette	O
opinion	O
à	O
la	O
fois	O
monstrueuse	O
et	O
mesquine	O
.	O
</p>	O
<p n='FR03971164'>	O
Elle	O
gardait	O
aussi	O
un	O
certain	O
dédain	O
de	O
femme	O
pratique	O
à	O
Olivier	B-Pers
,	O
pour	O
son	O
goût	O
des	O
bibelots	O
d'	O
art	O
,	O
pour	O
l'	O
importance	O
qu'	O
il	O
attachait	O
à	O
les	O
formes	O
et	O
à	O
les	O
nuances	O
.	O
</p>	O
<p n='FR03971165'>	O
Elle	O
trouvait	O
sa	O
manière	O
de	O
vivre	O
puérile	O
;	O
et	O
quoiqu'elle	O
l'	O
eût	O
essayé	O
,	O
elle	O
n'	O
avait	O
jamais	O
pu	O
se	O
faire	O
à	O
les	O
larges	O
théories	O
humanitaires	O
,	O
à	O
la	O
passion	O
des	O
idées	O
,	O
à	O
l'	O
amour	O
des	O
faibles	O
et	O
des	O
humbles	O
,	O
sans	O
lesquelles	O
Olivier	B-Pers
Coronal	I-Pers
ne	O
concevait	O
pas	O
l'	O
existence	O
d'	O
un	O
homme	O
supérieur	O
,	O
ou	O
simplement	O
intelligent	O
.	O
</p>	O
</sample>	O
<sample>	O
<p n='FR03973037'>	O
Et	O
tout	O
en	O
parlant	O
ainsi	O
,	O
il	O
avait	O
froissé	O
le	O
télégramme	O
qu'	O
il	O
tenait	O
à	O
la	O
main	O
,	O
et	O
l'	O
avait	O
jeté	O
à	O
le	O
milieu	O
de	O
le	O
feu	O
de	O
bois	O
dans	O
la	O
cheminée	O
de	O
le	O
salon	O
.	O
</p>	O
<p n='FR03973038'>	O
Le	O
visage	O
de	O
l'	O
ingénieur	B-Role
exprimait	O
une	O
satisfaction	O
profonde	O
.	O
</p>	O
<p n='FR03973039'>	O
Ses	O
traits	O
s'	O
étaient	O
détendus	O
,	O
son	O
regard	O
était	O
moins	O
sombre	O
.	O
Il	O
semblait	O
soulagé	O
d'	O
un	O
grand	O
poids	O
.	O
</p>	O
<p n='FR03973040'>	O
--	O
Il	O
paraît	O
que	O
vous	O
avez	O
réussi	O
dans	O
votre	O
entreprise	O
,	O
fit	O
Aurora	B-Pers
.	O
Votre	O
ami	O
est	O
maintenant	O
en	O
sûreté	O
.	O
C'	O
est	O
bien	O
.	O
Je	O
vous	O
laisse	O
vos	O
illusions	O
à	O
ce	O
sujet	O
.	O
Souhaitez	O
de	O
ne	O
pas	O
les	O
perdre	O
avant	O
qu'	O
il	O
soit	O
longtemps	O
.	O
</p>	O
<p n='FR03973041'>	O
Et	O
sur	O
ces	O
paroles	O
menaçantes	O
qui	O
traduisaient	O
bien	O
sa	O
rancune	O
,	O
elle	O
sortit	O
de	O
le	O
salon	O
et	O
gagna	O
rapidement	O
la	O
porte	O
qui	O
donnait	O
sur	O
la	O
Septième	B-Fac
Avenue	I-Fac
.	O
</p>	O
<p n='FR03973042'>	O
Elle	O
trouva	O
son	B-Rolemisc
père	I-Rolemisc
installé	O
devant	O
les	O
appareils	O
télégraphiques	O
de	O
son	O
cabinet	O
de	O
travail	O
.	O
</p>	O
<p n='FR03973043'>	O
Le	O
milliardaire	B-Role
semblait	O
de	O
bonne	O
humeur	O
.	O
</p>	O
<p n='FR03973044'>	O
--	O
J'	O
allais	O
te	O
téléphoner	O
,	O
dit	O
-il	O
.	O
As	O
-tu	O
donc	O
été	O
malade	O
,	O
pour	O
n'	O
être	O
pas	O
venue	O
me	O
voir	O
de	O
toute	O
la	O
journée	O
?	O
...	O
Mais	O
tu	O
sais	O
que	O
j'	O
ai	O
de	O
bonnes	O
nouvelles	O
,	O
ajouta	O
-t-il	O
aussitôt	O
.	O
</p>	O
<p n='FR03973045'>	O
--	O
Ah	O
!	O
fit	O
Aurora	B-Pers
avec	O
passion	O
.	O
Tant	O
mieux	O
.	O
Est	O
-ce	O
que	O
l'	O
on	O
aurait	O
arrêté	O
l'	O
incendiaire	O
?	O
</p>	O
<p n='FR03973046'>	O
--	O
Non	O
,	O
pas	O
encore	O
.	O
Nos	O
détectives	O
le	O
serrent	O
de	O
très	O
près	O
.	O
Il	O
sera	O
peut-être	O
entre	O
mes	O
mains	O
dans	O
quelques	O
heures	O
.	O
</p>	O
<p n='FR03973047'>	O
--	O
Et	O
comment	O
cela	O
?	O
</p>	O
<p n='FR03973048'>	O
--	O
On	O
a	O
suivi	O
sa	O
piste	O
depuis	O
le	O
palais	O
d'	O
Harry	B-Pers
Madge	I-Pers
jusqu'à	O
Chicago	B-Place
.	O
Des	O
ouvriers	O
de	O
mes	O
abattoirs	O
l'	O
ont	O
vu	O
dans	O
un	O
bar	O
des	O
faubourgs	O
.	O
De	O
là	O
il	O
s'	O
est	O
rendu	O
chez	O
un	O
juif	B-Demo
où	O
il	O
a	O
dû	O
changer	O
d'	O
habits	O
.	O
Ensuite	O
on	O
perd	O
sa	O
trace	O
.	O
Mais	O
ce	O
ne	O
saurait	O
être	O
pour	O
longtemps	O
!	O
J'	O
ai	O
promis	O
de	O
fortes	O
récompenses	O
.	O
Je	O
ferai	O
fouiller	O
toute	O
la	O
ville	O
s'	O
il	O
le	O
faut	O
.	O
</p>	O
<p n='FR03973049'>	O
--	O
Eh	O
bien	O
,	O
moi	O
je	O
sais	O
où	O
il	O
est	O
,	O
ou	O
plutôt	O
où	O
il	O
était	O
.	O
</p>	O
<p n='FR03973050'>	O
--	O
Toi	O
?	O
dit	O
William	B-Pers
Boltyn	I-Pers
à	O
le	O
comble	O
de	O
la	O
surprise	O
.	O
</p>	O
<p n='FR03973051'>	O
--	O
Oui	O
,	O
mon	B-Rolemisc
père	I-Rolemisc
.	O
Et	O
tu	O
chercherais	O
vainement	O
où	O
il	O
s'	O
était	O
caché	O
...	O
Chez	O
moi	O
!	O
...	O
Dans	O
mon	O
hôtel	O
.	O
</p>	O
<p n='FR03973052'>	O
--	O
Voilà	O
qui	O
dépasse	O
tout	O
ce	O
que	O
j'	O
aurais	O
pu	O
imaginer	O
.	O
</p>	O
<p n='FR03973053'>	O
--	O
Mais	O
ce	O
n'	O
est	O
pas	O
tout	O
.	O
Il	O
a	O
réussi	O
à	O
prendre	O
la	O
fuite	O
,	O
et	O
il	O
est	O
maintenant	O
,	O
autant	O
que	O
je	O
puis	O
croire	O
,	O
en	O
sûreté	O
,	O
hors	O
des	O
États	B-Place
de	I-Place
l'	I-Place
Union	I-Place
.	O
</p>	O
<p n='FR03973054'>	O
William	B-Pers
Boltyn	I-Pers
,	O
comme	O
assommé	O
par	O
la	O
nouvelle	O
qu'	O
il	O
apprenait	O
,	O
était	O
tombé	O
sur	O
son	O
siège	O
,	O
et	O
ne	O
trouvait	O
pas	O
un	O
seul	O
mot	O
à	O
dire	O
.	O
</p>	O
<p n='FR03973055'>	O
--	O
Oui	O
,	O
continua	O
Aurora	B-Pers
,	O
il	O
s'	O
est	O
échappé	O
.	O
Et	O
ce	O
qu'	O
il	O
y	O
a	O
de	O
plus	O
vexant	O
pour	O
moi	O
dans	O
cette	O
aventure	O
,	O
c'	O
est	O
que	O
c'	O
est	O
mon	B-Rolemisc
mari	I-Rolemisc
qui	O
,	O
en	O
mon	O
absence	O
,	O
l'	O
a	O
accueilli	O
,	O
secouru	O
,	O
hébergé	O
,	O
et	O
probablement	O
conduit	O
jusqu'à	O
la	O
gare	O
.	O
</p>	O
<p n='FR03973056'>	O
--	O
Je	O
récolte	O
ce	O
que	O
j'	O
ai	O
semé	O
,	O
dit	O
amèrement	O
le	O
milliardaire	O
...	O
Voilà	O
le	O
résultat	O
de	O
ton	O
mariage	O
!	O
</p>	O
</sample>	O
<sample>	O
<p n='FR0397301'>	O
--	O
Après	O
ça	O
,	O
s'	O
écria	O
-t-il	O
à	O
le	O
moment	O
d'	O
y	O
pénétrer	O
,	O
que	O
je	O
vais	O
laisser	O
perdre	O
le	O
poulet	O
de	O
mam	B-Pers
'	I-Pers
Tavernier	I-Pers
!	O
</p>	O
<p n='FR0397302'>	O
Il	O
fit	O
demi-tour	O
,	O
se	O
rendit	O
dans	O
son	O
compartiment	O
,	O
ouvrit	O
sa	O
musette	O
et	O
prit	O
les	O
provisions	O
qui	O
s'	O
y	O
trouvaient	O
.	O
</p>	O
<p n='FR0397303'>	O
Une	O
bouteille	O
de	O
cidre	O
dans	O
chaque	O
main	O
,	O
un	O
paquet	O
sous	O
le	O
bras	O
,	O
il	O
regagna	O
le	O
dining-car	O
.	O
</p>	O
<p n='FR0397304'>	O
Son	O
entrée	O
fit	O
sensation	O
.	O
</p>	O
<p n='FR0397305'>	O
Mais	O
lui	O
,	O
sans	O
s'	O
inquiéter	O
autrement	O
de	O
la	O
stupéfaction	O
générale	O
,	O
développa	O
son	O
paquet	O
,	O
en	O
tira	O
un	O
superbe	O
poulet	O
rôti	O
qu'	O
il	O
installa	O
sur	O
une	O
assiette	O
,	O
et	O
repoussant	O
avec	O
un	O
air	O
méprisant	O
la	O
pinte	O
de	O
bière	O
qui	O
se	O
trouvait	O
devant	O
lui	O
,	O
il	O
fit	O
prestement	O
sauter	O
le	O
bouchon	O
d'	O
une	O
bouteille	O
qu'	O
il	O
avait	O
emportée	O
et	O
se	O
versa	O
majestueusement	O
une	O
rasade	O
de	O
cidre	O
mousseux	O
.	O
</p>	O
<p n='FR0397306'>	O
IV	O
--	O
Un	O
pickpocket	B-Role
qui	O
joue	O
de	O
malheur	O
</p>	O
<p n='FR0397307'>	O
Il	O
faisait	O
nuit	O
lorsque	O
le	B-Pers
Bellevillois	I-Pers
débarqua	O
à	O
Ottega	B-Place
.	O
</p>	O
<p n='FR0397308'>	O
Sa	O
légère	O
valise	O
à	O
la	O
main	O
,	O
son	O
plaid	O
et	O
sa	O
musette	O
en	O
bandoulière	O
,	O
il	O
s'	O
en	O
alla	O
lui-même	O
à	O
la	O
recherche	O
d'	O
un	O
hôtel	O
pour	O
y	O
passer	O
la	O
nuit	O
.	O
</p>	O
<p n='FR0397309'>	O
"	O
Demain	O
,	O
se	O
disait	O
-il	O
,	O
je	O
verrai	O
à	O
prendre	O
mes	O
renseignements	O
,	O
à	O
savoir	O
de	O
quel	O
côté	O
je	O
dois	O
me	O
diriger	O
.	O
D'	O
après	O
les	O
notes	O
de	O
cet	O
animal	O
de	O
Bob	B-Pers
Weld	I-Pers
,	O
Mercury's	B-Place
Park	I-Place
est	O
à	O
cent	O
vingt	O
milles	O
d'	O
ici	O
.	O
Je	O
trouverai	O
bien	O
quelqu'un	O
qui	O
m'	O
indiquera	O
le	O
chemin	O
.	O
"	O
</p>	O
<p n='FR0397310'>	O
Léon	B-Pers
Goupit	I-Pers
,	O
en	O
somme	O
,	O
était	O
content	O
de	O
le	O
petit	O
voyage	O
qu'	O
il	O
avait	O
combiné	O
.	O
</p>	O
<p n='FR0397311'>	O
Sa	O
gaieté	O
,	O
son	O
insouciance	O
lui	O
revenaient	O
.	O
</p>	O
<p n='FR0397312'>	O
--	O
J'	O
avais	O
besoin	O
de	O
cela	O
pour	O
me	O
remettre	O
tout	O
à	O
fait	O
,	O
s'	O
écriait	O
-il	O
.	O
Mais	O
quelle	O
nouvelle	O
tout	O
de	O
même	O
...	O
Jamais	O
je	O
n'	O
aurais	O
pensé	O
que	O
m'	B-Pers
sieur	I-Pers
Coronal	I-Pers
épouse	O
la	B-Rolemisc
fille	I-Rolemisc
de	O
William	B-Pers
Boltyn	I-Pers
.	O
</p>	O
<p n='FR0397313'>	O
Il	O
ne	O
pouvait	O
pas	O
s'	O
habituer	O
à	O
cette	O
idée	O
.	O
</p>	O
<p n='FR0397314'>	O
"	O
Mais	O
,	O
comment	O
cela	O
s'	O
est	O
-il	O
fait	O
?	O
"	O
se	O
demandait	O
-il	O
sans	O
cesse	O
.	O
</p>	O
<p n='FR0397315'>	O
L'	O
information	O
de	O
le	O
journal	B-Work
de	I-Work
New	I-Work
York	I-Work
ne	O
lui	O
donnait	O
aucun	O
détail	O
.	O
</p>	O
<p n='FR0397316'>	O
Léon	B-Pers
en	O
était	O
réduit	O
à	O
les	O
conjectures	O
.	O
</p>	O
<p n='FR0397317'>	O
"	O
Bah	O
!	O
tout	O
s'	O
expliquera	O
,	O
finissait	O
-il	O
par	O
se	O
dire	O
.	O
Toujours	O
est	O
-il	O
que	O
la	O
chose	O
est	O
faite	O
.	O
Sapristi	O
,	O
ce	O
n'	O
est	O
pas	O
d'	O
la	O
petite	O
bière	O
,	O
maintenant	O
,	O
que	O
m'	B-Pers
sieur	I-Pers
Olivier	I-Pers
:	O
le	O
voilà	O
le	O
gendre	O
d'	O
un	O
milliardaire	B-Role
.	O
Mais	O
c'	O
est	O
égal	O
,	O
ça	O
me	O
chiffonne	O
qu'	O
il	O
se	O
soit	O
marié	O
avec	O
une	O
Américaine	B-Demo
,	O
tandis	O
qu'	O
il	O
y	O
a	O
tant	O
de	O
jolies	O
Parisiennes	B-Demo
qui	O
n'	O
auraient	O
demandé	O
qu'	O
à	O
dire	O
oui	O
avec	O
lui	O
devant	O
monsieur	B-Role
le	I-Role
maire	I-Role
.	O
"	O
</p>	O
<p n='FR0397318'>	O
Lorsqu'il	O
eut	O
déposé	O
sa	O
valise	O
dans	O
le	O
premier	O
hôtel	O
qu'	O
il	O
rencontra	O
,	O
une	O
vaste	O
bâtisse	O
carrée	O
,	O
dont	O
l'	O
entrée	O
s'	O
ornait	O
de	O
statues	O
en	O
zinc	O
doré	O
,	O
quand	O
il	O
eut	O
retenu	O
une	O
chambre	O
à	O
raison	O
de	O
deux	O
dollars	O
par	O
jour	O
,	O
le	B-Pers
Bellevillois	I-Pers
,	O
qui	O
ne	O
perdait	O
pas	O
facilement	O
ses	O
habitudes	O
,	O
alluma	O
une	O
cigarette	O
et	O
,	O
les	O
mains	O
dans	O
ses	O
poches	O
,	O
s'	O
en	O
alla	O
visiter	O
la	O
ville	O
,	O
en	O
flâneur	O
.	O
</p>	O
</sample>	O
<sample>	O
<p n='FR03972535'>	O
Personne	O
n'	O
eut	O
d'	O
observation	O
à	O
faire	O
,	O
tant	O
la	O
chose	O
paraissait	O
incroyable	O
.	O
</p>	O
<p n='FR03972536'>	O
Seul	O
William	B-Pers
Boltyn	I-Pers
,	O
toujours	O
incrédule	O
,	O
se	O
leva	O
sans	O
mot	O
dire	O
,	O
et	O
allongea	O
ses	O
mains	O
entre	O
la	O
terre	O
et	O
les	O
pieds	O
de	O
le	O
fakir	B-Role
.	O
</p>	O
<p n='FR03972537'>	O
Il	O
fut	O
bien	O
obligé	O
de	O
convenir	O
en	O
lui-même	O
qu'	O
aucun	O
support	O
ne	O
maintenait	O
l'	O
Indien	B-Demo
dans	O
son	O
état	O
de	O
station	O
aérienne	O
.	O
</p>	O
<p n='FR03972538'>	O
Il	O
avait	O
cru	O
pouvoir	O
expliquer	O
le	O
phénomène	O
par	O
un	O
jeu	O
de	O
miroirs	O
.	O
</p>	O
<p n='FR03972539'>	O
Il	O
dut	O
reconnaître	O
qu'	O
il	O
s'	O
était	O
grossièrement	O
trompé	O
.	O
</p>	O
<p n='FR03972540'>	O
--	O
Messieurs	O
,	O
dit	O
alors	O
Harry	B-Pers
Madge	I-Pers
de	O
sa	O
voix	O
lente	O
et	O
sourde	O
,	O
les	O
expériences	O
auxquelles	O
vous	O
assistez	O
ont	O
été	O
vérifiées	O
soigneusement	O
par	O
moi	O
.	O
Aucune	O
supercherie	O
n'	O
est	O
possible	O
...	O
Quelqu'un	O
de	O
vous	O
aurait	O
-il	O
par	O
hasard	O
un	O
couteau	O
solide	O
?	O
</p>	O
<p n='FR03972541'>	O
William	B-Pers
Boltyn	I-Pers
,	O
qui	O
avait	O
été	O
autrefois	O
chercheur	O
d'	O
or	O
et	O
pêcheur	O
,	O
présenta	O
un	O
superbe	O
bowie-knife	O
qu'	O
il	O
portait	O
toujours	O
sur	O
lui	O
.	O
</p>	O
<p n='FR03972542'>	O
Pendant	O
ce	O
temps	O
,	O
l'	O
Indien	B-Demo
,	O
après	O
avoir	O
plané	O
quelques	O
minutes	O
,	O
était	O
redescendu	O
doucement	O
et	O
insensiblement	O
sur	O
le	O
parquet	O
de	O
mosaïque	O
.	O
</p>	O
<p n='FR03972543'>	O
Harry	B-Pers
Madge	I-Pers
lui	O
présenta	O
le	O
coutelas	O
.	O
</p>	O
<p n='FR03972544'>	O
Il	O
le	O
prit	O
et	O
releva	O
brusquement	O
son	O
manteau	O
.	O
Son	O
geste	O
dévoila	O
un	O
torse	O
décharné	O
et	O
maigre	O
,	O
aussi	O
desséché	O
que	O
celui	O
d'	O
une	O
momie	O
.	O
</p>	O
<p n='FR03972545'>	O
Puis	O
,	O
délibérément	O
,	O
il	O
s'	O
enfonça	O
le	O
couteau	O
à	O
peu	O
près	O
à	O
l'	O
endroit	O
de	O
le	O
creux	O
de	O
l'	O
estomac	O
,	O
et	O
il	O
se	O
fendit	O
le	O
ventre	O
dans	O
toute	O
sa	O
longueur	O
.	O
</p>	O
<p n='FR03972546'>	O
Le	O
sang	O
coula	O
;	O
l'	O
horrible	O
plaie	O
qu'	O
il	O
venait	O
d'	O
ouvrir	O
laissait	O
voir	O
un	O
paquet	O
d'	O
entrailles	O
bleuâtres	O
.	O
</p>	O
<p n='FR03972547'>	O
Quelques-uns	O
des	O
milliardaires	B-Role
devinrent	O
pâles	O
.	O
</p>	O
<p n='FR03972548'>	O
Harry	B-Pers
Madge	I-Pers
,	O
que	O
cet	O
incident	O
semblait	O
n'	O
avoir	O
nullement	O
ému	O
,	O
engagea	O
les	O
incrédules	O
,	O
s'	O
il	O
s'	O
en	O
trouvait	O
,	O
à	O
vérifier	O
la	O
réalité	O
de	O
la	O
blessure	O
.	O
</p>	O
<p n='FR03972549'>	O
Personne	O
ne	O
bougea	O
.	O
Tous	O
étaient	O
parfaitement	O
convaincus	O
.	O
</p>	O
<p n='FR03972550'>	O
Alors	O
le	O
fakir	B-Role
,	O
dont	O
les	O
yeux	O
étaient	O
redevenus	O
fixes	O
,	O
se	O
renversa	O
légèrement	O
en	O
arrière	O
,	O
et	O
rapprocha	O
avec	O
les	O
mains	O
les	O
lèvres	O
de	O
la	O
plaie	O
.	O
</p>	O
<p n='FR03972551'>	O
Quelques	O
minutes	O
s'	O
écoulèrent	O
,	O
encore	O
pleines	O
d'	O
anxiété	O
pour	O
les	O
spectateurs	O
.	O
</p>	O
<p n='FR03972552'>	O
Quand	O
le	O
fakir	B-Role
releva	O
les	O
mains	O
,	O
son	O
ventre	O
ne	O
portait	O
plus	O
qu'	O
une	O
longue	O
cicatrice	O
rosâtre	O
.	O
</p>	O
<p n='FR03972553'>	O
Il	O
y	O
eut	O
comme	O
un	O
soupir	O
de	O
soulagement	O
dans	O
le	O
clan	O
des	O
milliardaires	B-Role
.	O
</p>	O
<p n='FR03972554'>	O
--	O
Ce	O
phénomène	O
,	O
dit	O
Harry	B-Pers
Madge	I-Pers
,	O
quoique	O
assez	O
extraordinaire	O
,	O
se	O
voit	O
communément	O
dans	O
certains	O
pays	O
.	O
Tous	O
les	O
missionnaires	B-Role
,	O
catholiques	O
ou	O
protestants	O
,	O
de	O
la	O
Chine	B-Place
et	O
de	O
le	O
Tibet	B-Place
,	O
le	O
mentionnent	O
dans	O
leurs	O
relations	O
.	O
</p>	O
<p n='FR03972555'>	O
Le	O
fakir	B-Role
,	O
qui	O
semblait	O
accablé	O
de	O
lassitude	O
,	O
était	O
allé	O
se	O
reposer	O
à	O
le	O
fond	O
de	O
la	O
salle	O
,	O
et	O
avait	O
repris	O
sa	O
première	O
attitude	O
de	O
méditation	O
silencieuse	O
.	O
</p>	O
<p n='FR03972556'>	O
Déposant	O
son	O
chapeau	O
haut	O
de	O
forme	O
orné	O
de	O
plumes	O
,	O
le	O
médecin	B-Role
peau-rouge	I-Role
s'	O
avança	O
à	O
son	O
tour	O
.	O
</p>	O
<p n='FR03972557'>	O
Il	O
était	O
assez	O
étrangement	O
vêtu	O
d'	O
une	O
longue	O
souquenille	O
de	O
clergyman	O
et	O
chaussé	O
de	O
mocassins	O
en	O
cuir	O
colorié	O
.	O
</p>	O
<p n='FR03972558'>	O
Son	O
nez	O
long	O
et	O
mince	O
,	O
à	O
les	O
ailes	O
vibrantes	O
,	O
ses	O
pommettes	O
saillantes	O
,	O
ses	O
yeux	O
gris	O
pétillants	O
de	O
malice	O
lui	O
conféraient	O
une	O
physionomie	O
pleine	O
d'	O
intelligence	O
.	O
</p>	O
</sample>	O
<sample>	O
<p n='FR0397784'>	O
Ce	O
n'	O
était	O
pas	O
chose	O
commode	O
.	O
</p>	O
<p n='FR0397785'>	O
Le	O
ballon	O
,	O
dont	O
le	O
grappin	O
s'	O
était	O
enfoncé	O
profondément	O
dans	O
le	O
tronc	O
d'	O
un	O
des	O
sapins	O
,	O
dépassait	O
de	O
quelques	O
mètres	O
la	O
cime	O
de	O
l'	O
arbre	O
qui	O
l'	O
avait	O
arrêté	O
.	O
</p>	O
<p n='FR0397786'>	O
Comment	O
l'	O
atteindre	O
,	O
jusque-là	O
?	O
</p>	O
<p n='FR0397787'>	O
Heureusement	O
Léon	B-Pers
n'	O
avait	O
pas	O
perdu	O
,	O
dans	O
la	O
prospérité	O
,	O
ses	O
anciennes	O
qualités	O
de	O
gymnaste	O
et	O
même	O
d'	O
acrobate	O
.	O
</p>	O
<p n='FR0397788'>	O
Il	O
défit	O
ses	O
guêtres	O
et	O
ses	O
souliers	O
,	O
les	O
envoya	O
rejoindre	O
son	O
carnier	O
,	O
et	O
commença	O
à	O
grimper	O
délibérément	O
le	O
long	O
de	O
la	O
corde	O
de	O
le	O
grappin	O
qui	O
retenait	O
l'	O
aérostat	O
.	O
</p>	O
<p n='FR0397789'>	O
Après	O
quelques	O
minutes	O
d'	O
une	O
ascension	O
pénible	O
,	O
Léon	B-Pers
parvint	O
à	O
se	O
hisser	O
jusqu'aux	O
rebords	O
de	O
la	O
nacelle	O
,	O
dans	O
laquelle	O
il	O
tomba	O
tout	O
essoufflé	O
.	O
</p>	O
<p n='FR0397790'>	O
Mais	O
là	O
,	O
une	O
autre	O
surprise	O
l'	O
attendait	O
.	O
</p>	O
<p n='FR0397791'>	O
Il	O
venait	O
de	O
lire	O
le	O
nom	O
de	O
l'	O
aérostat	O
,	O
inscrit	O
en	O
caractères	O
dorés	O
.	O
</p>	O
<p n='FR0397792'>	O
C'	O
était	O
le	B-Fac
"	I-Fac
Hattison	I-Fac
"	O
.	O
</p>	O
<p n='FR0397793'>	O
Léon	B-Pers
ne	O
revenait	O
pas	O
de	O
sa	O
stupeur	O
.	O
</p>	O
<p n='FR0397794'>	O
"	O
Ah	O
!	O
par	O
exemple	O
,	O
elle	O
est	O
bien	O
bonne	O
!	O
Mais	O
alors	O
,	O
ce	O
ballon	O
!	O
Ce	O
serait	O
leur	O
fameux	O
dirigeable	O
de	O
Skytown	B-Org
,	O
celui	O
qui	O
rompit	O
son	O
câble	O
dans	O
une	O
tempête	O
!	O
...	O
Comment	O
se	O
trouve	O
-t-il	O
si	O
près	O
,	O
à	O
quelques	O
lieues	O
à	O
peine	O
?	O
Voilà	O
ce	O
que	O
je	O
ne	O
m'	O
explique	O
guère	O
.	O
</p>	O
<p n='FR0397795'>	O
"	O
Et	O
encore	O
si	O
,	O
réfléchit	O
-il	O
,	O
je	O
me	O
l'	O
explique	O
.	O
La	O
trombe	O
qui	O
l'	O
a	O
enlevé	O
n'	O
a	O
dû	O
évoluer	O
que	O
dans	O
un	O
très	O
faible	O
rayon	O
,	O
autour	O
de	O
son	O
point	O
de	O
départ	O
.	O
Voilà	O
qui	O
est	O
bien	O
fait	O
pour	O
ce	O
vieux	O
bandit	O
d'	O
ingénieur	B-Role
...	O
Il	O
croyait	O
sa	O
machine	O
à	O
des	O
centaines	O
de	O
lieues	O
,	O
et	O
elle	O
n'	O
a	O
fait	O
que	O
tourner	O
autour	O
de	O
lui	O
.	O
"	O
</p>	O
<p n='FR0397796'>	O
Léon	B-Pers
éclata	O
d'	O
un	O
franc	O
rire	O
.	O
</p>	O
<p n='FR0397797'>	O
"	O
Ce	O
qui	O
est	O
drôle	O
,	O
par	O
exemple	O
,	O
c'	O
est	O
qu'	O
il	O
ne	O
soit	O
pas	O
plus	O
détérioré	O
,	O
et	O
qu'	O
il	O
se	O
soit	O
juste	O
échoué	O
dans	O
cette	O
petite	O
vallée	O
qu'	O
un	O
contrefort	O
des	O
montagnes	B-Place
Rocheuses	I-Place
défend	O
contre	O
le	O
vent	O
.	O
Et	O
puis	O
,	O
il	O
faut	O
dire	O
aussi	O
que	O
ces	O
coquins	O
de	O
milliardaires	B-Role
n'	O
emploient	O
que	O
des	O
matériaux	O
de	O
première	O
qualité	O
.	O
Je	O
parie	O
qu'	O
il	O
y	O
a	O
une	O
triple	O
ou	O
quadruple	O
enveloppe	O
.	O
Ça	O
doit	O
être	O
tout	O
à	O
fait	O
indéchirable	O
.	O
"	O
</p>	O
<p n='FR0397798'>	O
Léon	B-Pers
disait	O
vrai	O
.	O
</p>	O
<p n='FR0397799'>	O
Le	B-Fac
Hattison	I-Fac
,	O
construit	O
suivant	O
les	O
données	O
des	O
plus	O
récentes	O
découvertes	O
scientifiques	O
,	O
était	O
un	O
aérostat	O
d'	O
une	O
solidité	O
à	O
toute	O
épreuve	O
,	O
bien	O
supérieur	O
,	O
comme	O
résistance	O
,	O
à	O
celui	O
qu'	O
avait	O
employé	O
jadis	O
l'	O
explorateur	O
Andrée	B-Pers
dans	O
son	O
expédition	O
à	O
le	O
pôle	B-Place
Nord	I-Place
.	O
</p>	O
<p n='FR0397800'>	O
Le	O
froid	O
,	O
qui	O
devenait	O
plus	O
vif	O
avec	O
la	O
nuit	O
,	O
vint	O
interrompre	O
les	O
réflexions	O
de	O
Léon	B-Pers
Goupit	I-Pers
sur	O
la	O
solidité	O
des	O
ballons	O
,	O
en	O
le	O
forçant	O
à	O
s'	O
occuper	O
un	O
peu	O
de	O
sa	O
propre	O
personne	O
.	O
</p>	O
<p n='FR0397801'>	O
"	O
C'	O
est	O
superbe	O
,	O
tout	O
ça	O
,	O
se	O
dit	O
-il	O
;	O
mais	O
moi	O
je	O
suis	O
un	O
rude	O
imbécile	O
,	O
un	O
véritable	O
étourneau	O
,	O
d'	O
être	O
monté	O
là-dedans	O
sans	O
savoir	O
comment	O
je	O
descendrai	O
.	O
</p>	O
<p n='FR0397802'>	O
"	O
Et	O
de	O
plus	O
,	O
j'	O
ai	O
eu	O
la	O
sottise	O
de	O
laisser	O
en	O
bas	O
mon	O
rifle	O
,	O
mes	O
guêtres	O
et	O
mon	O
carnier	O
.	O
</p>	O
</sample>	O
</samples>	O

