Word	Tag
<?xml version='1.0' encoding='UTF-8'?>	O
<samples n='FR0775'>	O
<sample>	O
<p n='FR0775250'>	O
On	O
essaya	O
de	O
le	O
relancer	O
dans	O
la	O
discussion	O
;	O
mais	O
il	O
fronça	O
les	O
sourcils	O
,	O
et	O
il	O
ne	O
broncha	O
plus	O
,	O
les	O
coudes	O
sur	O
la	O
table	O
,	O
honteux	O
et	O
irrité	O
.	O
Il	O
ne	O
desserra	O
plus	O
les	O
dents	O
jusqu'à	O
la	O
fin	O
de	O
le	O
dîner	O
;	O
si	O
ce	O
n'	O
est	O
pour	O
manger	O
et	O
pour	O
boire	O
.	O
Il	O
buvait	O
énormément	O
,	O
à	O
le	O
contraire	O
de	O
ces	O
Français	B-Demo
,	O
qui	O
touchaient	O
à	O
peine	O
à	O
leurs	O
vins	O
.	O
Son	O
voisin	O
l'	O
y	O
encourageait	O
malignement	O
,	O
et	O
remplissait	O
son	O
verre	O
,	O
qu'	O
il	O
vidait	O
sans	O
y	O
penser	O
.	O
Mais	O
,	O
quoiqu'il	O
ne	O
fût	O
pas	O
habitué	O
à	O
ces	O
excès	O
de	O
table	O
,	O
surtout	O
après	O
les	O
semaines	O
de	O
privations	O
qu'	O
il	O
venait	O
de	O
passer	O
,	O
il	O
tint	O
bon	O
et	O
ne	O
donna	O
pas	O
le	O
spectacle	O
ridicule	O
que	O
les	O
autres	O
espéraient	O
.	O
Il	O
restait	O
absorbé	O
;	O
on	O
ne	O
faisait	O
plus	O
attention	O
à	O
lui	O
:	O
on	O
pensait	O
qu'	O
il	O
était	O
assoupi	O
par	O
le	O
vin	O
.	O
En	O
outre	O
de	O
la	O
fatigue	O
qu'	O
il	O
avait	O
à	O
suivre	O
une	O
conversation	O
française	O
,	O
il	O
était	O
las	O
de	O
n'	O
entendre	O
parler	O
que	O
de	O
littérature	O
,	O
--	O
acteurs	B-Role
,	O
auteurs	B-Role
,	O
éditeurs	B-Role
,	O
bavardages	O
de	O
coulisses	O
ou	O
d'	O
alcôves	O
littéraires	O
:	O
à	O
cela	O
se	O
réduisait	O
le	O
monde	O
!	O
à	O
le	O
milieu	O
de	O
ces	O
figures	O
nouvelles	O
et	O
de	O
ce	O
bruit	O
de	O
paroles	O
,	O
il	O
ne	O
parvenait	O
à	O
fixer	O
en	O
lui	O
ni	O
une	O
physionomie	O
,	O
ni	O
une	O
pensée	O
.	O
Ses	O
yeux	O
de	O
myope	O
,	O
vagues	O
et	O
absorbés	O
,	O
faisaient	O
le	O
tour	O
de	O
la	O
table	O
lentement	O
,	O
se	O
posant	O
sur	O
les	O
gens	O
et	O
ne	O
semblant	O
pas	O
les	O
voir	O
.	O
Il	O
les	O
voyait	O
pourtant	O
mieux	O
que	O
quiconque	O
;	O
mais	O
il	O
n'	O
en	O
avait	O
pas	O
conscience	O
.	O
Son	O
regard	O
n'	O
était	O
point	O
comme	O
celui	O
de	O
ces	O
Parisiens	B-Demo
et	O
de	O
ces	O
Juifs	B-Demo
,	O
qui	O
happe	O
à	O
coups	O
de	O
bec	O
des	O
lambeaux	O
d'	O
objets	O
,	O
menus	O
,	O
menus	O
,	O
menus	O
,	O
et	O
les	O
dépèce	O
en	O
un	O
instant	O
.	O
Il	O
s'	O
imprégnait	O
longuement	O
,	O
en	O
silence	O
,	O
des	O
êtres	O
,	O
comme	O
une	O
éponge	O
;	O
et	O
il	O
les	O
emportait	O
.	O
Il	O
lui	O
semblait	O
n'	O
avoir	O
rien	O
vu	O
,	O
et	O
ne	O
se	O
souvenir	O
de	O
rien	O
.	O
Longtemps	O
après	O
,	O
--	O
des	O
heures	O
,	O
souvent	O
des	O
jours	O
,	O
--	O
lorsqu'il	O
était	O
seul	O
et	O
regardait	O
en	O
lui	O
,	O
il	O
s'	O
apercevait	O
qu'	O
il	O
avait	O
tout	O
raflé	O
.	O
</p>	O
<p n='FR0775251'>	O
Pour	O
l'	O
instant	O
,	O
il	O
n'	O
avait	O
l'	O
air	O
que	O
d'	O
un	O
lourdaud	O
d'	O
Allemand	B-Demo
,	O
qui	O
s'	O
empiffrait	O
de	O
mangeaille	O
,	O
attentif	O
seulement	O
à	O
ne	O
pas	O
perdre	O
une	O
goulée	O
.	O
Et	O
il	O
ne	O
distinguait	O
rien	O
,	O
sinon	O
qu'	O
en	O
écoutant	O
les	O
convives	O
s'	O
interpeller	O
par	O
leurs	O
noms	O
,	O
il	O
se	O
demandait	O
,	O
avec	O
une	O
insistance	O
d'	O
ivrogne	O
,	O
pourquoi	O
tant	O
de	O
ces	O
Français	B-Demo
avaient	O
des	O
noms	O
étrangers	O
:	O
flamands	B-Demo
,	O
allemands	B-Demo
,	O
juifs	B-Demo
,	O
levantins	B-Demo
,	O
anglo	B-Demo
ou	O
hispano-américains	B-Demo
...	O
</p>	O
<p n='FR0775252'>	O
Il	O
ne	O
s'	O
aperçut	O
pas	O
que	O
l'	O
on	O
se	O
levait	O
de	O
table	O
.	O
Il	O
restait	O
seul	O
assis	O
;	O
et	O
il	O
rêvait	O
des	O
collines	O
rhénanes	O
,	O
des	O
grands	O
bois	O
,	O
des	O
champs	O
labourés	O
,	O
des	O
prairies	O
à	O
le	O
bord	O
de	O
l'	O
eau	O
,	O
de	O
la	O
vieille	O
maman	B-Rolemisc
.	O
Quelques	O
convives	O
causaient	O
encore	O
,	O
debout	O
,	O
à	O
l'	O
autre	O
bout	O
de	O
la	O
salle	O
.	O
La	O
plupart	O
étaient	O
déjà	O
partis	O
.	O
Enfin	O
il	O
se	O
décida	O
,	O
se	O
leva	O
,	O
à	O
son	O
tour	O
,	O
et	O
,	O
ne	O
regardant	O
personne	O
,	O
il	O
alla	O
chercher	O
son	O
manteau	O
et	O
son	O
chapeau	O
accrochés	O
à	O
l'	O
entrée	O
.	O
Après	O
les	O
avoir	O
mis	O
,	O
il	O
partait	O
sans	O
dire	O
bonsoir	O
,	O
quand	O
,	O
par	O
l'	O
entrebâillement	O
d'	O
une	O
porte	O
,	O
il	O
aperçut	O
dans	O
un	O
cabinet	O
voisin	O
un	O
objet	O
qui	O
le	O
fascina	O
:	O
un	O
piano	O
.	O
Il	O
y	O
avait	O
plusieurs	O
semaines	O
qu'	O
il	O
n'	O
avait	O
touché	O
à	O
un	O
instrument	O
de	O
musique	O
.	O
Il	O
entra	O
,	O
caressa	O
amoureusement	O
les	O
touches	O
,	O
s'	O
assit	O
,	O
et	O
,	O
son	O
chapeau	O
sur	O
la	O
tête	O
,	O
son	O
manteau	O
sur	O
le	O
dos	O
,	O
il	O
commença	O
de	O
jouer	O
.	O
Il	O
avait	O
parfaitement	O
oublié	O
où	O
il	O
était	O
.	O
Il	O
ne	O
remarqua	O
point	O
que	O
deux	O
personnes	O
se	O
glissaient	O
dans	O
la	O
pièce	O
pour	O
l'	O
entendre	O
.	O
L'	O
une	O
était	O
Sylvain	B-Pers
Kohn	I-Pers
,	O
passionné	O
de	O
musique	O
,	O
--	O
Dieu	O
sait	O
pourquoi	O
!	O
car	O
il	O
n'	O
y	O
comprenait	O
rien	O
,	O
et	O
il	O
aimait	O
autant	O
la	O
mauvaise	O
que	O
la	O
bonne	O
.	O
L'	O
autre	O
était	O
le	O
critique	B-Role
musical	I-Role
,	O
Théophile	B-Pers
Goujart	I-Pers
.	O
Celui-là	O
--	O
(	O
c'	O
était	O
plus	O
simple	O
,	O
)	O
--	O
ne	O
comprenait	O
ni	O
n'	O
aimait	O
la	O
musique	O
;	O
mais	O
cela	O
ne	O
le	O
gênait	O
point	O
pour	O
en	O
parler	O
.	O
à	O
le	O
contraire	O
:	O
il	O
n'	O
y	O
a	O
pas	O
d'	O
esprits	O
plus	O
libres	O
que	O
ceux	O
qui	O
ne	O
savent	O
point	O
ce	O
dont	O
ils	O
parlent	O
:	O
car	O
il	O
leur	O
est	O
indifférent	O
d'	O
en	O
dire	O
une	O
chose	O
plutôt	O
qu'	O
une	O
autre	O
.	O
</p>	O
</sample>	O
<sample>	O
<p n='FR0775393'>	O
--	O
Es	O
-tu	O
sain	O
?	O
</p>	O
<p n='FR0775394'>	O
Être	O
sain	O
,	O
tout	O
est	O
là	O
.	O
"	O
Si	O
le	O
poète	B-Role
est	O
malade	O
,	O
qu'	O
il	O
commence	O
par	O
se	O
guérir	O
,	O
dit	O
Gœthe	B-Pers
.	O
Quand	O
il	O
sera	O
guéri	O
,	O
il	O
écrira	O
.	O
"	O
</p>	O
<p n='FR0775395'>	O
Les	O
écrivains	B-Role
parisiens	O
étaient	O
malades	O
;	O
ou	O
,	O
quand	O
l'	O
un	O
était	O
sain	O
,	O
il	O
en	O
avait	O
honte	O
;	O
il	O
s'	O
en	O
cachait	O
,	O
il	O
tâchait	O
de	O
se	O
donner	O
une	O
bonne	O
maladie	O
.	O
Leur	O
mal	O
ne	O
se	O
révélait	O
pas	O
à	O
tel	O
trait	O
de	O
leur	O
art	O
:	O
--	O
à	O
l'	O
amour	O
de	O
le	O
plaisir	O
,	O
à	O
la	O
licence	O
extrême	O
de	O
la	O
pensée	O
,	O
à	O
l'	O
esprit	O
de	O
critique	O
destructeur	O
.	O
Tous	O
ces	O
traits	O
pouvaient	O
être	O
--	O
étaient	O
suivant	O
les	O
cas	O
,	O
--	O
sains	O
ou	O
malsains	O
;	O
il	O
n'	O
y	O
avait	O
en	O
eux	O
aucun	O
germe	O
de	O
mort	O
.	O
Si	O
la	O
mort	O
était	O
là	O
,	O
elle	O
ne	O
venait	O
pas	O
de	O
ces	O
forces	O
,	O
elle	O
venait	O
de	O
leur	O
emploi	O
par	O
ces	O
gens	O
,	O
elle	O
était	O
dans	O
ces	O
gens	O
.	O
--	O
Et	O
lui	O
aussi	O
,	O
Christophe	B-Pers
,	O
aimait	O
le	O
plaisir	O
.	O
Lui	O
aussi	O
,	O
aimait	O
la	O
liberté	O
.	O
Il	O
avait	O
soulevé	O
contre	O
lui	O
l'	O
opinion	O
de	O
sa	O
petite	O
ville	O
allemande	O
,	O
par	O
sa	O
franchise	O
à	O
soutenir	O
des	O
idées	O
,	O
qu'	O
il	O
retrouvait	O
maintenant	O
,	O
prônées	O
par	O
ces	O
Parisiens	B-Demo
,	O
et	O
qui	O
,	O
prônées	O
par	O
eux	O
,	O
maintenant	O
le	O
dégoûtaient	O
.	O
Les	O
mêmes	O
idées	O
,	O
pourtant	O
.	O
Mais	O
elles	O
ne	O
sonnaient	O
plus	O
de	O
même	O
.	O
Quand	O
Christophe	B-Pers
,	O
impatient	O
,	O
secouait	O
le	O
joug	O
des	O
maîtres	O
de	O
le	O
passé	O
,	O
quand	O
il	O
partait	O
en	O
guerre	O
contre	O
l'	O
esthétique	O
et	O
la	O
morale	O
pharisiennes	O
,	O
ce	O
n'	O
était	O
pas	O
un	O
jeu	O
pour	O
lui	O
,	O
comme	O
pour	O
ces	O
beaux	O
esprits	O
;	O
il	O
était	O
sérieux	O
,	O
terriblement	O
sérieux	O
;	O
et	O
sa	O
révolte	O
avait	O
pour	O
but	O
la	O
vie	O
,	O
la	O
vie	O
féconde	O
,	O
grosse	O
des	O
siècles	O
à	O
venir	O
.	O
Chez	O
ces	O
gens	O
,	O
tout	O
allait	O
à	O
la	O
jouissance	O
stérile	O
.	O
Stérile	O
.	O
Stérile	O
.	O
C'	O
était	O
le	O
mot	O
de	O
l'	O
énigme	O
.	O
Une	O
débauche	O
inféconde	O
de	O
la	O
pensée	O
et	O
des	O
sens.	O
Un	O
art	O
brillant	O
,	O
plein	O
d'	O
esprit	O
,	O
d'	O
habileté	O
,	O
--	O
une	O
belle	O
forme	O
,	O
certes	O
,	O
une	O
tradition	O
de	O
la	O
beauté	O
,	O
qui	O
se	O
maintenait	O
indestructible	O
,	O
en	O
dépit	O
des	O
alluvions	O
étrangères	O
--	O
un	O
théâtre	O
qui	O
était	O
de	O
le	O
théâtre	O
,	O
un	O
style	O
qui	O
était	O
un	O
style	O
,	O
des	O
auteurs	B-Role
qui	O
savaient	O
leur	O
métier	O
,	O
des	O
écrivains	B-Role
qui	O
savaient	O
écrire	O
,	O
le	O
squelette	O
assez	O
beau	O
d'	O
un	O
art	O
,	O
d'	O
une	O
pensée	O
,	O
qui	O
avaient	O
été	O
puissants	O
.	O
Mais	O
un	O
squelette	O
.	O
Des	O
mots	O
qui	O
tintent	O
,	O
des	O
phrases	O
qui	O
sonnent	O
,	O
des	O
froissements	O
métalliques	O
d'	O
idées	O
qui	O
se	O
heurtent	O
dans	O
le	O
vide	O
,	O
des	O
jeux	O
d'	O
esprit	O
,	O
des	O
cerveaux	O
sensuels	O
,	O
et	O
des	O
sens	O
raisonneurs	O
.	O
Tout	O
cela	O
ne	O
servait	O
à	O
rien	O
,	O
qu'	O
à	O
jouir	O
égoïstement	O
.	O
Cela	O
allait	O
à	O
la	O
mort	O
.	O
Phénomène	O
analogue	O
à	O
celui	O
de	O
l'	O
effrayante	O
dépopulation	O
de	O
la	O
France	B-Place
,	O
que	O
l'	O
Europe	B-Place
observait	O
--	O
escomptait	O
--	O
en	O
silence	O
.	O
Tant	O
d'	O
esprit	O
et	O
d'	O
intelligence	O
,	O
des	O
sens	O
si	O
affinés	O
,	O
se	O
dépensaient	O
en	O
une	O
sorte	O
d'	O
onanisme	O
honteux	O
!	O
Ils	O
ne	O
s'	O
en	O
doutaient	O
point	O
.	O
Ils	O
riaient	O
.	O
C'	O
était	O
même	O
la	O
seule	O
chose	O
qui	O
rassurât	O
Christophe	B-Pers
:	O
ces	O
gens-là	O
savaient	O
encore	O
bien	O
rire	O
;	O
tout	O
n'	O
était	O
pas	O
perdu	O
.	O
Il	O
les	O
aimait	O
beaucoup	O
moins	O
,	O
quand	O
ils	O
voulaient	O
se	O
prendre	O
à	O
le	O
sérieux	O
;	O
et	O
rien	O
ne	O
le	O
blessait	O
autant	O
que	O
de	O
voir	O
des	O
écrivains	B-Role
,	O
qui	O
ne	O
cherchaient	O
dans	O
l'	O
art	O
qu'	O
un	O
instrument	O
de	O
plaisir	O
,	O
se	O
donner	O
comme	O
les	O
prêtres	O
d'	O
une	O
religion	O
désintéressée	O
:	O
</p>	O
</sample>	O
<sample>	O
<p n='FR0775875'>	O
--	O
Celui	O
dont	O
vous	O
m'	O
avez	O
parlé	O
.	O
</p>	O
<p n='FR0775876'>	O
--	O
Votre	O
petit	O
poète	O
?	O
dit	O
-elle	O
.	O
Il	O
se	O
nomme	O
Olivier	B-Pers
Jeannin	I-Pers
.	O
</p>	O
<p n='FR0775877'>	O
L'	O
écho	O
de	O
ce	O
nom	O
tinta	O
à	O
les	O
oreilles	O
de	O
Christophe	B-Pers
comme	O
une	O
musique	O
connue	O
.	O
Une	O
silhouette	O
de	O
jeune	O
fille	O
flotta	O
,	O
une	O
seconde	O
,	O
à	O
le	O
fond	O
de	O
ses	O
yeux	O
.	O
Mais	O
la	O
nouvelle	O
image	O
,	O
l'	O
image	O
de	O
l'	O
ami	O
l'	O
effaça	O
aussitôt	O
.	O
</p>	O
<p n='FR0775878'>	O
Christophe	B-Pers
rentrait	O
chez	O
lui	O
.	O
Il	O
marchait	O
dans	O
les	O
rues	O
de	O
Paris	B-Place
,	O
à	O
le	O
milieu	O
de	O
la	O
foule	O
.	O
Il	O
ne	O
voyait	O
,	O
il	O
n'	O
entendait	O
rien	O
,	O
il	O
avait	O
les	O
sens	O
fermés	O
à	O
tout	O
ce	O
qui	O
l'	O
entourait	O
.	O
Il	O
était	O
comme	O
un	O
lac	O
,	O
séparé	O
de	O
le	O
reste	O
de	O
le	O
monde	O
par	O
un	O
cirque	O
de	O
montagnes	O
.	O
Nul	O
souffle	O
,	O
nul	O
bruit	O
,	O
nul	O
trouble	O
.	O
La	O
paix	O
.	O
Il	O
se	O
répétait	O
:	O
</p>	O
<p n='FR0775879'>	O
--	O
J'	O
ai	O
un	O
ami	O
.	O
</p>	O
<p n='FR0775880'>	O
[	O
1	O
]	O
Voir	O
Le	B-Work
Matin	I-Work
</p>	O
<p n='FR0775880'>	O
[	O
2	O
]	O
Oiseau	O
imaginaire	O
,	O
fabuleux	O
.	O
--	O
Conte	O
en	O
l'	O
air	O
,	O
baliverne	O
,	O
sornette	O
,	O
sottise	O
.	O
(	O
Note	O
de	O
le	O
correcteur	O
--	O
ELG	O
.	O
)	O
</p>	O
<p n='FR0775880'>	O
[	O
3	O
]	O
Lieu	O
de	O
désordre	O
et	O
de	O
confusion	O
.	O
Anarchie	O
.	O
</p>	O
<p n='FR0775880'>	O
Le	O
roi	B-Pers
Pétaud	I-Pers
était	O
le	O
chef	B-Role
de	I-Role
la	I-Role
corporation	I-Role
des	I-Role
mendiants	I-Role
,	O
à	O
le	O
Moyen-ge	B-Temporal
.	O
Par	O
dérision	O
,	O
car	O
Pétaud	B-Pers
vient	O
de	O
le	O
latin	O
peto	O
demander	O
l'	O
aumône	O
ou	O
bient	O
pêter	O
.	O
Molière	B-Pers
cite	O
dans	O
Tartuffe	B-Work
la	O
cour	O
de	O
le	O
roi	B-Pers
Pétaud	I-Pers
:	O
"	O
On	O
n'	O
y	O
respecte	O
rien	O
;	O
chacun	O
y	O
parle	O
haut	O
.	O
"	O
(	O
Note	O
de	O
le	O
correcteur	O
--	O
ELG	O
.	O
)	O
</p>	O
<p n='FR0775880'>	O
[	O
4	O
]	O
Référence	O
à	O
les	O
Voyages	B-Work
de	I-Work
Gulliver	I-Work
,	O
découvrant	O
un	O
monde	O
où	O
deux	O
peuples	O
s'	O
affrontent	O
à	O
mort	O
pour	O
savoir	O
par	O
quel	O
bout	O
on	O
doit	O
ouvrir	O
un	O
oeuf	O
dur	O
.	O
(	O
Note	O
de	O
le	O
correcteur	O
--	O
ELG	O
.	O
)	O
</p>	O
<p n='FR0775880'>	O
[	O
5	O
]	O
Dans	O
la	O
pièce	O
Amphitryon	B-Work
de	O
Molière	B-Pers
,	O
Sosie	B-Pers
dit	O
:	O
"	O
Messieurs	O
,	O
ami	O
de	O
tout	O
le	O
monde	O
.	O
"	O
(	O
Note	O
de	O
le	O
correcteur	O
--	O
ELG	O
.	O
)	O
</p>	O
<p n='FR0775880'>	O
[	O
6	O
]	O
Etre	O
vivant	O
qui	O
par	O
sa	O
forme	O
ressemble	O
à	O
un	O
homme	O
et	O
en	O
possède	O
les	O
qualités	O
qui	O
le	O
distinguent	O
des	O
animaux	O
(	O
intellect	O
,	O
parole	O
,	O
...	O
)	O
,	O
mais	O
qui	O
n'	O
est	O
pas	O
habité	O
par	O
une	O
âme	O
humaine	O
.	O
(	O
Note	O
de	O
le	O
correcteur	O
--	O
ELG	O
.	O
)	O
</p>	O
<p n='FR0775880'>	O
[	O
7	O
]	O
Mot	O
espagnol	O
qui	O
signifie	O
"	O
pot-pourri	O
"	O
et	O
qui	O
était	O
souvent	O
employé	O
pour	O
rendre	O
compte	O
de	O
la	O
diversité	O
nationale	O
de	O
la	O
Macédoine	B-Place
.	O
(	O
Note	O
de	O
le	O
correcteur	O
--	O
ELG	O
.	O
)	O
</p>	O
<p n='FR0775880'>	O
[	O
8	O
]	O
De	O
son	O
espèce	O
.	O
(	O
Note	O
de	O
le	O
correcteur	O
--	O
ELG	O
.	O
)	O
</p>	O
<p n='FR0775880'>	O
[	O
9	O
]	O
Chef	O
de	O
mercenaires	O
ou	O
de	O
partisans	O
dans	O
l'	O
Italie	B-Place
de	O
le	O
Moyen	B-Temporal
ge	I-Temporal
et	O
de	O
la	O
Renaissance	B-Temporal
.	O
(	O
Note	O
de	O
le	O
correcteur	O
--	O
ELG	O
.	O
)	O
</p>	O
<p n='FR0775880'>	O
[	O
10	O
]	O
Péjoratif	O
.	O
Tendance	O
à	O
subtiliser	O
,	O
souvent	O
de	O
manière	O
complaisante	O
.	O
(	O
Note	O
de	O
le	O
correcteur	O
--	O
ELG	O
.	O
)	O
</p>	O
<p n='FR0775880'>	O
[	O
11	O
]	O
Pop	O
.	O
,	O
vieilli	O
.	O
Se	O
déplacer	O
sans	O
but	O
précis	O
,	O
flâner	O
,	O
traîner	O
.	O
(	O
Note	O
de	O
le	O
correcteur	O
--	O
ELG	O
.	O
)	O
</p>	O
<p n='FR0775880'>	O
[	O
12	O
]	O
Ainsi	O
,	O
vous	O
travaillez	O
,	O
mais	O
ce	O
n'	O
est	O
pas	O
pour	O
vous	O
.	O
(	O
Note	O
de	O
le	O
correcteur	O
--	O
ELG	O
.	O
)	O
</p>	O
<p n='FR0775880'>	O
[	O
13	O
]	O
Lutte	O
pour	O
la	O
vie	O
.	O
(	O
Note	O
de	O
le	O
correcteur	O
--	O
ELG	O
.	O
)	O
</p>	O
<p n='FR0775880'>	O
[	O
14	O
]	O
De	O
toutes	O
les	O
choses	O
qu'	O
on	O
peut	O
savoir	O
.	O
--	O
De	O
omni	O
re	O
scibili	O
était	O
la	O
devise	O
de	O
le	O
fameux	O
Pic	B-Pers
de	I-Pers
la	I-Pers
Mirandole	I-Pers
,	O
qui	O
se	O
faisait	O
fort	O
de	O
tenir	O
tête	O
,	O
à	O
tout	O
venant	O
,	O
sur	O
tout	O
ce	O
que	O
l'	O
homme	O
peut	O
savoir	O
;	O
La	O
devise	O
avec	O
son	O
supplément	O
et	O
quibusdam	O
aliis	O
(	O
signifie	O
et	O
de	O
quelques	O
autres	O
-	O
sans	O
doute	O
une	O
addition	O
de	O
quelque	O
plaisant	O
)	O
est	O
passée	O
en	O
proverbe	O
et	O
désigne	O
ironiquement	O
un	O
homme	O
qui	O
croit	O
tout	O
savoir	O
.	O
(	O
Note	O
de	O
le	O
correcteur	O
--	O
ELG	O
.	O
)	O
</p>	O
</sample>	O
<sample>	O
<p n='FR0775248'>	O
La	O
conversation	O
s'	O
était	O
définitivement	O
écartée	O
de	O
la	O
littérature	O
pour	O
s'	O
attacher	O
à	O
les	O
femmes	O
.	O
À	O
vrai	O
dire	O
,	O
c'	O
étaient	O
les	O
deux	O
faces	O
d'	O
un	O
même	O
sujet	O
:	O
car	O
dans	O
leur	O
littérature	O
il	O
n'	O
était	O
guère	O
question	O
que	O
de	O
femmes	O
,	O
et	O
dans	O
leurs	O
femmes	O
que	O
de	O
littérature	O
,	O
tant	O
elles	O
étaient	O
frottées	O
de	O
choses	O
ou	O
de	O
gens	O
de	O
lettres	O
.	O
</p>	O
<p n='FR0775249'>	O
On	O
parlait	O
d'	O
une	O
honneste	B-Role
dame	I-Role
,	O
connue	O
dans	O
le	O
monde	O
parisien	O
,	O
qui	O
venait	O
de	O
faire	O
épouser	O
son	O
amant	O
à	O
sa	B-Rolemisc
fille	I-Rolemisc
,	O
pour	O
mieux	O
se	O
le	O
réserver	O
.	O
Christophe	B-Pers
s'	O
agitait	O
sur	O
sa	O
chaise	O
et	O
faisait	O
une	O
grimace	O
de	O
dégoût	O
.	O
Kohn	B-Pers
s'	O
en	O
aperçut	O
;	O
et	O
,	O
poussant	O
de	O
le	O
coude	O
son	O
voisin	O
,	O
il	O
fit	O
remarquer	O
que	O
le	O
sujet	O
semblait	O
passionner	O
l'	O
Allemand	B-Demo
,	O
qui	O
sans	O
doute	O
brûlait	O
d'	O
envie	O
de	O
connaître	O
la	O
dame	O
.	O
Christophe	B-Pers
rougit	O
,	O
balbutia	O
,	O
puis	O
finit	O
par	O
dire	O
avec	O
colère	O
que	O
de	O
telles	O
femmes	O
il	O
fallait	O
les	O
fouetter	O
.	O
Un	O
éclat	O
de	O
rire	O
homérique	O
accueillit	O
sa	O
proposition	O
;	O
et	O
Sylvain	B-Pers
Kohn	I-Pers
,	O
d'	O
un	O
ton	O
flûté	O
,	O
protesta	O
qu'	O
on	O
ne	O
devait	O
pas	O
toucher	O
une	O
femme	O
,	O
même	O
avec	O
une	O
fleur	O
...	O
etc.	O
.	O
.	O
etc.	O
.	O
.	O
(	O
Il	O
était	O
à	O
Paris	B-Place
,	O
le	B-Pers
chevalier	I-Pers
de	I-Pers
l'	I-Pers
Amour	I-Pers
)	O
--	O
Christophe	B-Pers
répondit	O
qu'	O
une	O
femme	O
de	O
cette	O
espèce	O
n'	O
était	O
ni	O
plus	O
ni	O
moins	O
qu'	O
une	O
chienne	O
,	O
et	O
qu'	O
avec	O
les	O
chiens	O
vicieux	O
il	O
n'	O
y	O
avait	O
qu'	O
un	O
remède	O
:	O
le	O
fouet	O
.	O
On	O
se	O
récria	O
bruyamment	O
.	O
Christophe	B-Pers
dit	O
que	O
leur	O
galanterie	O
était	O
de	O
l'	O
hypocrisie	O
,	O
que	O
c'	O
étaient	O
toujours	O
ceux	O
qui	O
respectaient	O
le	O
moins	O
les	O
femmes	O
,	O
qui	O
parlaient	O
le	O
plus	O
de	O
les	O
respecter	O
;	O
et	O
il	O
s'	O
indigna	O
contre	O
leurs	O
récits	O
scandaleux	O
.	O
On	O
lui	O
opposa	O
qu'	O
il	O
n'	O
y	O
avait	O
là	O
aucun	O
scandale	O
,	O
rien	O
que	O
de	O
naturel	O
;	O
et	O
tous	O
furent	O
d'	O
accord	O
pour	O
reconnaître	O
en	O
l'	O
héroïne	O
de	O
l'	O
histoire	O
non	O
seulement	O
une	O
femme	O
charmante	O
,	O
mais	O
la	O
Femme	O
,	O
par	O
excellence	O
.	O
L'	O
Allemand	B-Demo
s'	O
exclama	O
.	O
Sylvain	B-Pers
Kohn	I-Pers
lui	O
demanda	O
sournoisement	O
comment	O
était	O
donc	O
la	O
Femme	O
,	O
telle	O
qu'	O
il	O
l'	O
imaginait	O
.	O
Christophe	B-Pers
sentit	O
qu'	O
on	O
lui	O
tendait	O
un	O
panneau	O
;	O
mais	O
il	O
y	O
donna	O
en	O
plein	O
,	O
emporté	O
par	O
sa	O
violence	O
et	O
par	O
sa	O
conviction	O
.	O
Il	O
se	O
mit	O
à	O
expliquer	O
à	O
ces	O
Parisiens	B-Demo
gouailleurs	O
ses	O
idées	O
sur	O
l'	O
amour	O
.	O
Il	O
ne	O
trouvait	O
pas	O
ses	O
mots	O
,	O
il	O
les	O
cherchait	O
pesamment	O
,	O
finissant	O
par	O
pêcher	O
dans	O
sa	O
mémoire	O
des	O
expressions	O
invraisemblables	O
,	O
disant	O
des	O
énormités	O
qui	O
faisaient	O
la	O
joie	O
de	O
l'	O
auditoire	O
,	O
et	O
ne	O
se	O
troublant	O
pas	O
,	O
avec	O
un	O
sérieux	O
admirable	O
,	O
une	O
insouciance	O
touchante	O
de	O
le	O
ridicule	O
:	O
car	O
il	O
ne	O
pouvait	O
pas	O
ne	O
pas	O
voir	O
qu'	O
ils	O
se	O
moquaient	O
de	O
lui	O
effrontément	O
.	O
À	O
la	O
fin	O
,	O
il	O
s'	O
empêtra	O
dans	O
une	O
phrase	O
,	O
n'	O
en	O
put	O
sortir	O
,	O
donna	O
un	O
coup	O
de	O
poing	O
sur	O
la	O
table	O
,	O
et	O
se	O
tut	O
.	O
</p>	O
<p n='FR0775250'>	O
On	O
essaya	O
de	O
le	O
relancer	O
dans	O
la	O
discussion	O
;	O
mais	O
il	O
fronça	O
les	O
sourcils	O
,	O
et	O
il	O
ne	O
broncha	O
plus	O
,	O
les	O
coudes	O
sur	O
la	O
table	O
,	O
honteux	O
et	O
irrité	O
.	O
Il	O
ne	O
desserra	O
plus	O
les	O
dents	O
jusqu'à	O
la	O
fin	O
de	O
le	O
dîner	O
;	O
si	O
ce	O
n'	O
est	O
pour	O
manger	O
et	O
pour	O
boire	O
.	O
Il	O
buvait	O
énormément	O
,	O
à	O
le	O
contraire	O
de	O
ces	O
Français	B-Demo
,	O
qui	O
touchaient	O
à	O
peine	O
à	O
leurs	O
vins	O
.	O
Son	O
voisin	O
l'	O
y	O
encourageait	O
malignement	O
,	O
et	O
remplissait	O
son	O
verre	O
,	O
qu'	O
il	O
vidait	O
sans	O
y	O
penser	O
.	O
Mais	O
,	O
quoiqu'il	O
ne	O
fût	O
pas	O
habitué	O
à	O
ces	O
excès	O
de	O
table	O
,	O
surtout	O
après	O
les	O
semaines	O
de	O
privations	O
qu'	O
il	O
venait	O
de	O
passer	O
,	O
il	O
tint	O
bon	O
et	O
ne	O
donna	O
pas	O
le	O
spectacle	O
ridicule	O
que	O
les	O
autres	O
espéraient	O
.	O
Il	O
restait	O
absorbé	O
;	O
on	O
ne	O
faisait	O
plus	O
attention	O
à	O
lui	O
:	O
on	O
pensait	O
qu'	O
il	O
était	O
assoupi	O
par	O
le	O
vin	O
.	O
En	O
outre	O
de	O
la	O
fatigue	O
qu'	O
il	O
avait	O
à	O
suivre	O
une	O
conversation	O
française	O
,	O
il	O
était	O
las	O
de	O
n'	O
entendre	O
parler	O
que	O
de	O
littérature	O
,	O
--	O
acteurs	B-Role
,	O
auteurs	B-Role
,	O
éditeurs	B-Role
,	O
bavardages	O
de	O
coulisses	O
ou	O
d'	O
alcôves	O
littéraires	O
:	O
à	O
cela	O
se	O
réduisait	O
le	O
monde	O
!	O
à	O
le	O
milieu	O
de	O
ces	O
figures	O
nouvelles	O
et	O
de	O
ce	O
bruit	O
de	O
paroles	O
,	O
il	O
ne	O
parvenait	O
à	O
fixer	O
en	O
lui	O
ni	O
une	O
physionomie	O
,	O
ni	O
une	O
pensée	O
.	O
Ses	O
yeux	O
de	O
myope	O
,	O
vagues	O
et	O
absorbés	O
,	O
faisaient	O
le	O
tour	O
de	O
la	O
table	O
lentement	O
,	O
se	O
posant	O
sur	O
les	O
gens	O
et	O
ne	O
semblant	O
pas	O
les	O
voir	O
.	O
Il	O
les	O
voyait	O
pourtant	O
mieux	O
que	O
quiconque	O
;	O
mais	O
il	O
n'	O
en	O
avait	O
pas	O
conscience	O
.	O
Son	O
regard	O
n'	O
était	O
point	O
comme	O
celui	O
de	O
ces	O
Parisiens	B-Demo
et	O
de	O
ces	O
Juifs	B-Demo
,	O
qui	O
happe	O
à	O
coups	O
de	O
bec	O
des	O
lambeaux	O
d'	O
objets	O
,	O
menus	O
,	O
menus	O
,	O
menus	O
,	O
et	O
les	O
dépèce	O
en	O
un	O
instant	O
.	O
Il	O
s'	O
imprégnait	O
longuement	O
,	O
en	O
silence	O
,	O
des	O
êtres	O
,	O
comme	O
une	O
éponge	O
;	O
et	O
il	O
les	O
emportait	O
.	O
Il	O
lui	O
semblait	O
n'	O
avoir	O
rien	O
vu	O
,	O
et	O
ne	O
se	O
souvenir	O
de	O
rien	O
.	O
Longtemps	O
après	O
,	O
--	O
des	O
heures	O
,	O
souvent	O
des	O
jours	O
,	O
--	O
lorsqu'il	O
était	O
seul	O
et	O
regardait	O
en	O
lui	O
,	O
il	O
s'	O
apercevait	O
qu'	O
il	O
avait	O
tout	O
raflé	O
.	O
</p>	O
</sample>	O
<sample>	O
<p n='FR0775860'>	O
Christophe	B-Pers
demanda	O
à	O
Mme	B-Pers
Roussin	I-Pers
:	O
</p>	O
<p n='FR0775861'>	O
--	O
Qui	O
est	O
-ce	O
?	O
</p>	O
<p n='FR0775862'>	O
--	O
Comment	O
!	O
fit	O
-elle	O
,	O
vous	O
ne	O
le	O
connaissez	O
pas	O
?	O
C'	O
est	O
un	O
petit	O
poète	B-Role
,	O
qui	O
écrit	O
gentiment	O
!	O
Un	O
de	O
vos	O
admirateurs	O
.	O
Il	O
est	O
bon	O
musicien	O
,	O
et	O
joue	O
bien	O
de	O
le	O
piano	O
.	O
Il	O
ne	O
fait	O
pas	O
bon	O
vous	O
discuter	O
devant	O
lui	O
:	O
il	O
est	O
amoureux	O
de	O
vous	O
.	O
L'	O
autre	O
jour	O
,	O
il	O
a	O
failli	O
avoir	O
une	O
altercation	O
,	O
à	O
votre	O
sujet	O
,	O
avec	O
Lucien	B-Pers
Lévy-Cœur	I-Pers
.	O
</p>	O
<p n='FR0775863'>	O
--	O
Ah	O
!	O
le	O
brave	O
garçon	O
!	O
dit	O
Christophe	B-Pers
.	O
</p>	O
<p n='FR0775864'>	O
--	O
Oui	O
,	O
je	O
sais	O
,	O
vous	O
êtes	O
injuste	O
pour	O
ce	O
pauvre	O
Lucien	B-Pers
.	O
Cependant	O
,	O
il	O
vous	O
aime	O
aussi	O
.	O
</p>	O
<p n='FR0775865'>	O
--	O
Ah	O
!	O
ne	O
me	O
dites	O
pas	O
cela	O
!	O
Je	O
me	O
haïrais	O
.	O
</p>	O
<p n='FR0775866'>	O
--	O
Je	O
vous	O
assure	O
.	O
</p>	O
<p n='FR0775867'>	O
--	O
Jamais	O
!	O
Jamais	O
!	O
Je	O
le	O
lui	O
défends	O
.	O
</p>	O
<p n='FR0775868'>	O
--	O
Juste	O
ce	O
qu'	O
a	O
fait	O
votre	O
amoureux	O
.	O
Vous	O
êtes	O
aussi	O
fous	O
l'	O
un	O
que	O
l'	O
autre	O
.	O
Lucien	B-Pers
était	O
en	O
train	O
de	O
nous	O
expliquer	O
une	O
de	O
vos	O
œuvres	O
.	O
Ce	O
petit	O
timide	O
que	O
vous	O
venez	O
de	O
voir	O
s'	O
est	O
levé	O
,	O
tremblant	O
de	O
colère	O
,	O
et	O
lui	O
a	O
défendu	O
de	O
parler	O
de	O
vous	O
.	O
Voyez	O
-vous	O
cette	O
prétention	O
!	O
...	O
Heureusement	O
que	O
j'	O
étais	O
là	O
.	O
J'	O
ai	O
pris	O
le	O
parti	O
de	O
rien	O
,	O
et	O
il	O
a	O
fini	O
par	O
faire	O
des	O
excuses	O
.	O
</p>	O
<p n='FR0775869'>	O
--	O
Pauvre	O
petit	O
!	O
dit	O
Christophe	B-Pers
.	O
</p>	O
<p n='FR0775870'>	O
Il	O
était	O
ému	O
.	O
</p>	O
<p n='FR0775871'>	O
--	O
Où	O
est	O
-il	O
passé	O
?	O
continua	O
-t-il	O
,	O
sans	O
écouter	O
Mme	B-Pers
Roussin	I-Pers
,	O
qui	O
lui	O
parlait	O
d'	O
autre	O
chose	O
.	O
</p>	O
<p n='FR0775872'>	O
Il	O
se	O
mit	O
à	O
sa	O
recherche	O
.	O
Mais	O
l'	O
ami	O
inconnu	O
avait	O
disparu	O
.	O
Christophe	B-Pers
revint	O
vers	O
Mme	B-Pers
Roussin	I-Pers
:	O
</p>	O
<p n='FR0775873'>	O
--	O
Dites	O
-moi	O
comment	O
il	O
se	O
nomme	O
.	O
</p>	O
<p n='FR0775874'>	O
--	O
Qui	O
?	O
demanda	O
-t-elle	O
.	O
</p>	O
<p n='FR0775875'>	O
--	O
Celui	O
dont	O
vous	O
m'	O
avez	O
parlé	O
.	O
</p>	O
<p n='FR0775876'>	O
--	O
Votre	O
petit	O
poète	B-Role
?	O
dit	O
-elle	O
.	O
Il	O
se	O
nomme	O
Olivier	B-Pers
Jeannin	I-Pers
.	O
</p>	O
<p n='FR0775877'>	O
L'	O
écho	O
de	O
ce	O
nom	O
tinta	O
à	O
les	O
oreilles	O
de	O
Christophe	B-Pers
comme	O
une	O
musique	O
connue	O
.	O
Une	O
silhouette	O
de	O
jeune	O
fille	O
flotta	O
,	O
une	O
seconde	O
,	O
à	O
le	O
fond	O
de	O
ses	O
yeux	O
.	O
Mais	O
la	O
nouvelle	O
image	O
,	O
l'	O
image	O
de	O
l'	O
ami	O
l'	O
effaça	O
aussitôt	O
.	O
</p>	O
<p n='FR0775878'>	O
Christophe	B-Pers
rentrait	O
chez	O
lui	O
.	O
Il	O
marchait	O
dans	O
les	O
rues	O
de	O
Paris	B-Place
,	O
à	O
le	O
milieu	O
de	O
la	O
foule	O
.	O
Il	O
ne	O
voyait	O
,	O
il	O
n'	O
entendait	O
rien	O
,	O
il	O
avait	O
les	O
sens	O
fermés	O
à	O
tout	O
ce	O
qui	O
l'	O
entourait	O
.	O
Il	O
était	O
comme	O
un	O
lac	O
,	O
séparé	O
de	O
le	O
reste	O
de	O
le	O
monde	O
par	O
un	O
cirque	O
de	O
montagnes	O
.	O
Nul	O
souffle	O
,	O
nul	O
bruit	O
,	O
nul	O
trouble	O
.	O
La	O
paix	O
.	O
Il	O
se	O
répétait	O
:	O
</p>	O
<p n='FR0775879'>	O
--	O
J'	O
ai	O
un	O
ami	O
.	O
</p>	O
<p n='FR0775880'>	O
[	O
1	O
]	O
Voir	O
Le	B-Work
Matin	I-Work
</p>	O
<p n='FR0775880'>	O
[	O
2	O
]	O
Oiseau	O
imaginaire	O
,	O
fabuleux	O
.	O
--	O
Conte	O
en	O
l'	O
air	O
,	O
baliverne	O
,	O
sornette	O
,	O
sottise	O
.	O
(	O
Note	O
de	O
le	O
correcteur	O
--	O
ELG	O
.	O
)	O
</p>	O
<p n='FR0775880'>	O
[	O
3	O
]	O
Lieu	O
de	O
désordre	O
et	O
de	O
confusion	O
.	O
Anarchie	O
.	O
</p>	O
<p n='FR0775880'>	O
Le	O
roi	B-Pers
Pétaud	I-Pers
était	O
le	O
chef	O
de	O
la	O
corporation	O
des	O
mendiants	O
,	O
à	O
le	O
Moyen-ge	B-Temporal
.	O
Par	O
dérision	O
,	O
car	O
Pétaud	B-Pers
vient	O
de	O
le	O
latin	O
peto	O
demander	O
l'	O
aumône	O
ou	O
bient	O
pêter	O
.	O
Molière	B-Pers
cite	O
dans	O
Tartuffe	B-Work
la	O
cour	O
de	O
le	O
roi	B-Pers
Pétaud	I-Pers
:	O
"	O
On	O
n'	O
y	O
respecte	O
rien	O
;	O
chacun	O
y	O
parle	O
haut	O
.	O
"	O
(	O
Note	O
de	O
le	O
correcteur	O
--	O
ELG	O
.	O
)	O
</p>	O
</sample>	O
</samples>	O

